timestamp,robot_id,x,y,z
0.0,0,-4.972216067926604,-2.515093833805713,0.0
0.0,1,-4.072461839861174,-2.46658230174933,0.0
0.0,2,-2.983323536621369,-2.5755335780654116,0.0
0.0,3,-1.9782785580531979,-2.498167102124164,0.0
0.0,4,-0.975005462070244,-2.5912349062813553,0.0
0.0,5,-0.09727035533598333,-2.4836630731976532,0.0
0.0,6,1.0349045342198167,-2.578615483200993,0.0
0.0,7,2.0259413525074,-2.4709885548528203,0.0
0.0,8,2.9788421087653503,-2.493026644407103,0.0
0.0,9,3.999999893568171,-2.4462575233779296,0.0
0.0,10,-5.004058147905514,-1.5050273246858772,0.0
0.0,11,-3.947487993656143,-1.4156883518673578,0.0
0.0,12,-2.9569127183472736,-1.523285152513291,0.0
0.0,13,-2.088582986938377,-1.403808808272047,0.0
0.0,14,-1.0932133570351195,-1.4226919067801205,0.0
0.0,15,-0.08254291000925579,-1.4961820660204679,0.0
0.0,16,0.9049957318822119,-1.5472894288470624,0.0
0.0,17,2.0615111713608356,-1.4387509920370005,0.0
0.0,18,3.068012667324124,-1.5737744420431083,0.0
0.0,19,3.905141741951245,-1.5279446527329532,0.0
0.0,20,-5.085104208632942,-0.415750382908336,0.0
0.0,21,-4.075245168553517,-0.5931460329831484,0.0
0.0,22,-2.9663519591475884,-0.4778754770400888,0.0
0.0,23,-1.9744267742325925,-0.507208128774101,0.0
0.0,24,-0.9548106227217308,-0.47818135690943453,0.0
0.0,25,-0.03574686508796264,-0.49007966603757447,0.0
0.0,26,1.0414638446588937,-0.47413781331942795,0.0
0.0,27,2.0747943148127694,-0.48873704630553416,0.0
0.0,28,2.9019277622064674,-0.5717765590297305,0.0
0.0,29,3.9916185388725047,-0.5463025878177125,0.0
0.0,30,-4.974543866187054,0.42485014442680274,0.0
0.0,31,-4.059573331435975,0.5442848247865533,0.0
0.0,32,-3.014083142557163,0.41762334312447535,0.0
0.0,33,-1.9403153069176795,0.5524510007642695,0.0
0.0,34,-1.04561702520628,0.5982657377160825,0.0
0.0,35,-0.07940173992357842,0.5367283856607605,0.0
0.0,36,1.0427890865522864,0.5716833074766543,0.0
0.0,37,2.0885255094319155,0.5518750817991102,0.0
0.0,38,3.0074292613079114,0.5558731128043933,0.0
0.0,39,3.9497598119372253,0.5915017949395028,0.0
0.0,40,-5.019258651856944,1.4724610591679415,0.0
0.0,41,-3.9549251519705213,1.4333569138250577,0.0
0.0,42,-2.9255650901624315,1.438310739026942,0.0
0.0,43,-2.0692616078881954,1.4409099954833429,0.0
0.0,44,-1.0366723565930618,1.5033713879625759,0.0
0.0,45,-0.025871161478000837,1.5451887789320302,0.0
0.0,46,0.97261415151551,1.5836904216797285,0.0
0.0,47,1.9679094667596189,1.568737120743122,0.0
0.0,48,3.0150752746941665,1.5699840563477778,0.0
0.0,49,3.9902808919137542,1.4136904216927448,0.0
0.1,0,-5.062420307411337,-2.4954793318311177,0.0
0.1,1,-3.9960781167956143,-2.5132716735527683,0.0
0.1,2,-3.029212702696027,-2.519179824696418,0.0
0.1,3,-1.9525394348649574,-2.5344972190330344,0.0
0.1,4,-1.09302789093773,-2.508401892324926,0.0
0.1,5,0.011292898262139639,-2.5835169229296757,0.0
0.1,6,0.9938058062157377,-2.433932898831828,0.0
0.1,7,2.0288237204702226,-2.4025608671989147,0.0
0.1,8,2.9873757202553826,-2.5056134908829573,0.0
0.1,9,3.980731961634628,-2.5622752176292423,0.0
0.1,10,-5.008668635310203,-1.4088336016360539,0.0
0.1,11,-3.908541658467731,-1.5382814098051245,0.0
0.1,12,-2.889585143316997,-1.4870508981581474,0.0
0.1,13,-2.0729012963315805,-1.459687513447754,0.0
0.1,14,-1.074314438172555,-1.54397157747107,0.0
0.1,15,0.05649054252161001,-1.4563759267578256,0.0
0.1,16,1.0722706254044438,-1.5582137168444758,0.0
0.1,17,1.9705289522387346,-1.586644482620114,0.0
0.1,18,3.003679874060864,-1.5575733981742927,0.0
0.1,19,3.914546215606336,-1.4056786077352266,0.0
0.1,20,-4.9863940556578825,-0.5582906413647021,0.0
0.1,21,-4.033846996446214,-0.42144586734680434,0.0
0.1,22,-2.8935099234526818,-0.43778654977493026,0.0
0.1,23,-2.0552322383662958,-0.517350391284062,0.0
0.1,24,-0.9726481313914698,-0.5284739048462899,0.0
0.1,25,-0.05169195189589233,-0.5067269918583818,0.0
0.1,26,1.0526583912915641,-0.4376907011994685,0.0
0.1,27,2.0688827445539166,-0.542927285287827,0.0
0.1,28,2.9738760621142086,-0.43942785239847826,0.0
0.1,29,3.9869951572353446,-0.4920178558237188,0.0
0.1,30,-5.028124724267151,0.44762035058302596,0.0
0.1,31,-3.917171457439838,0.4743129482001833,0.0
0.1,32,-3.042628083792345,0.39999437916744646,0.0
0.1,33,-2.0141369918353864,0.4514815412724432,0.0
0.1,34,-0.9505582675852153,0.4292404670909824,0.0
0.1,35,0.028842233793422684,0.44073043799816625,0.0
0.1,36,0.980529137238422,0.47072695759451977,0.0
0.1,37,1.9834443063306288,0.5868826124529252,0.0
0.1,38,2.8965460914870773,0.5950128949736132,0.0
0.1,39,4.051868754284206,0.5234189472570882,0.0
0.1,40,-5.012462925811437,1.4212758887821988,0.0
0.1,41,-3.996221164360704,1.4647486793583055,0.0
0.1,42,-3.026343870253665,1.4870730523701243,0.0
0.1,43,-2.052231537457461,1.4158890165821338,0.0
0.1,44,-0.9544594083301177,1.4347016862351287,0.0
0.1,45,-0.06844968909267862,1.5560990188533472,0.0
0.1,46,0.9771629799623714,1.5579440395111226,0.0
0.1,47,2.0561034208755617,1.549215064839312,0.0
0.1,48,2.9315671576608398,1.511276951078136,0.0
0.1,49,3.9073933916964183,1.4851729014208592,0.0
0.2,0,-4.974122334120958,-2.515387152229171,0.0
0.2,1,-3.979800235805604,-2.483856697906713,0.0
0.2,2,-3.0054033648756246,-2.4392424382456386,0.0
0.2,3,-1.9780522479259166,-2.4629298933387274,0.0
0.2,4,-0.9706340506880656,-2.4929259254678686,0.0
0.2,5,0.05290718449234452,-2.451559066903455,0.0
0.2,6,0.9292611739260932,-2.538391714394673,0.0
0.2,7,1.948269236591365,-2.3866851544197014,0.0
0.2,8,3.0267081358386054,-2.3779984623665613,0.0
0.2,9,3.9123875017589227,-2.4073858759559577,0.0
0.2,10,-4.944369976802348,-1.443676078422703,0.0
0.2,11,-3.9090562700822984,-1.4404025838114096,0.0
0.2,12,-2.888818661723384,-1.5485896313340095,0.0
0.2,13,-2.024632697646018,-1.3940216450169323,0.0
0.2,14,-1.0501432815146392,-1.4741029770143639,0.0
0.2,15,-0.08647818091584542,-1.51144423030066,0.0
0.2,16,1.029491504063816,-1.5818761019111711,0.0
0.2,17,2.00914543702401,-1.4614158582434706,0.0
0.2,18,2.8728055313120127,-1.393812074751004,0.0
0.2,19,3.9286939255958706,-1.5365234913665988,0.0
0.2,20,-4.927619637919619,-0.566414569498949,0.0
0.2,21,-3.9555081880734915,-0.41055597732096016,0.0
0.2,22,-3.044793454633006,-0.4393762864534077,0.0
0.2,23,-1.9303592738217932,-0.4716347258545244,0.0
0.2,24,-0.9625325148306042,-0.4433014235589509,0.0
0.2,25,0.0852089760639074,-0.4070777283117386,0.0
0.2,26,0.9229101894136527,-0.5151833093690661,0.0
0.2,27,1.9424705143254273,-0.5945023211133648,0.0
0.2,28,3.041707942214979,-0.40439016587336085,0.0
0.2,29,4.057214059580761,-0.462199816202309,0.0
0.2,30,-4.918797921343341,0.405442894557681,0.0
0.2,31,-4.048089064351221,0.5501799893316592,0.0
0.2,32,-2.949106020836157,0.4968471138502009,0.0
0.2,33,-1.9738432069700176,0.4512866615224274,0.0
0.2,34,-1.0709242735752251,0.5061683629958997,0.0
0.2,35,0.03201771956176877,0.4023111405298204,0.0
0.2,36,1.0358020604323621,0.4267870660355211,0.0
0.2,37,1.9541120860112147,0.49357172210915884,0.0
0.2,38,2.9516021134211563,0.42778186111889405,0.0
0.2,39,4.047939903689635,0.49064214771345577,0.0
0.2,40,-4.869791281303094,1.5546102061439584,0.0
0.2,41,-3.9733460238135097,1.5795231515332953,0.0
0.2,42,-2.995996449114923,1.5294219976410253,0.0
0.2,43,-1.993668513864994,1.4804696991760655,0.0
0.2,44,-0.9502763982478231,1.5231890151851364,0.0
0.2,45,-0.040889661005566305,1.5329980622400312,0.0
0.2,46,0.9453346351468797,1.451705877627024,0.0
0.2,47,2.032312200178919,1.3958637142179378,0.0
0.2,48,2.9277914390544506,1.4305392287220766,0.0
0.2,49,3.980044808072983,1.542513587762196,0.0
0.30000000000000004,0,-4.942890454746162,-2.4389337637377273,0.0
0.30000000000000004,1,-4.011723116472499,-2.365875397707556,0.0
0.30000000000000004,2,-2.906547557939462,-2.4046045671226732,0.0
0.30000000000000004,3,-2.0532002144035983,-2.5468832185440724,0.0
0.30000000000000004,4,-1.0731703686478626,-2.4682856094502688,0.0
0.30000000000000004,5,0.006274402998586864,-2.5031756543367236,0.0
0.30000000000000004,6,1.0639021159859618,-2.5254779077029377,0.0
0.30000000000000004,7,1.887374924884248,-2.4990920535935546,0.0
0.30000000000000004,8,2.9967158933684277,-2.420017402660502,0.0
0.30000000000000004,9,4.009436802642654,-2.561281890990535,0.0
0.30000000000000004,10,-4.96041333978766,-1.4647336973795744,0.0
0.30000000000000004,11,-3.885158355469124,-1.508548105034638,0.0
0.30000000000000004,12,-3.028496058811628,-1.3924427075414405,0.0
0.30000000000000004,13,-2.0682238639941786,-1.5332400701102287,0.0
0.30000000000000004,14,-0.8858210521109098,-1.4363211240190505,0.0
0.30000000000000004,15,0.028097244341454247,-1.4743411612516983,0.0
0.30000000000000004,16,0.9073732571623967,-1.4877981538321892,0.0
0.30000000000000004,17,2.0462628920305534,-1.3849359612748486,0.0
0.30000000000000004,18,2.975466110460828,-1.3776535559551615,0.0
0.30000000000000004,19,3.884667649452754,-1.3973772028813027,0.0
0.30000000000000004,20,-4.977863115810875,-0.5117077220479712,0.0
0.30000000000000004,21,-3.8578573876637576,-0.5245453162839897,0.0
0.30000000000000004,22,-2.920091458520774,-0.565733163239764,0.0
0.30000000000000004,23,-1.877113282615515,-0.4794716820919111,0.0
0.30000000000000004,24,-0.946614401756112,-0.5541827142195151,0.0
0.30000000000000004,25,0.015662609304551142,-0.4963263653043163,0.0
0.30000000000000004,26,0.9230149836237316,-0.49914704307410984,0.0
0.30000000000000004,27,1.984006002020459,-0.5829574943187562,0.0
0.30000000000000004,28,2.9657352014962477,-0.5214822699148327,0.0
0.30000000000000004,29,3.8699354406622,-0.4917608419917164,0.0
0.30000000000000004,30,-4.986907357892067,0.4058686915586652,0.0
0.30000000000000004,31,-3.940964928635269,0.39363397363410935,0.0
0.30000000000000004,32,-3.007169958073013,0.42108360811968926,0.0
0.30000000000000004,33,-1.9714674381904322,0.5840207776580101,0.0
0.30000000000000004,34,-0.9993959457047475,0.48228629355411223,0.0
0.30000000000000004,35,0.07930615716477568,0.4623978016888795,0.0
0.30000000000000004,36,1.0395658483494805,0.49168884891505693,0.0
0.30000000000000004,37,1.9549460434258006,0.40731341234959556,0.0
0.30000000000000004,38,2.880106510947766,0.40065428089088684,0.0
0.30000000000000004,39,3.9395008094528614,0.4012129532345174,0.0
0.30000000000000004,40,-4.98289276402543,1.4730677583120895,0.0
0.30000000000000004,41,-3.9368769927906935,1.457739739652445,0.0
0.30000000000000004,42,-2.988620358425958,1.4468697764317457,0.0
0.30000000000000004,43,-1.9443583202979904,1.4617426135260776,0.0
0.30000000000000004,44,-0.9448907249375036,1.3798852215526218,0.0
0.30000000000000004,45,-3.757033386617148e-05,1.5393083441399797,0.0
0.30000000000000004,46,0.9509609069976273,1.5662713134092767,0.0
0.30000000000000004,47,1.953534327660503,1.4935206614871859,0.0
0.30000000000000004,48,2.8942946553777817,1.5116464738011302,0.0
0.30000000000000004,49,4.024145921586022,1.3793181465326687,0.0
0.4,0,-4.9580697370644335,-2.4080662642227226,0.0
0.4,1,-3.877852383463165,-2.5234379041464288,0.0
0.4,2,-3.007506699613377,-2.378944196283693,0.0
0.4,3,-1.8958881943192527,-2.358258471538081,0.0
0.4,4,-1.0767909362126633,-2.4590387148457347,0.0
0.4,5,0.07997402620776276,-2.4187747385921505,0.0
0.4,6,0.8919091168010684,-2.5244397473927345,0.0
0.4,7,1.9843045565949686,-2.498979072991508,0.0
0.4,8,2.986280739110386,-2.3694144152658216,0.0
0.4,9,3.8436818484138775,-2.3536928515576214,0.0
0.4,10,-4.919690546958934,-1.5626540827315154,0.0
0.4,11,-3.8880086147687427,-1.3975919525272624,0.0
0.4,12,-2.990124812029835,-1.4191450806909647,0.0
0.4,13,-1.9519665180414238,-1.553626677262075,0.0
0.4,14,-0.9152447185452536,-1.3832450203360147,0.0
0.4,15,0.05682901625517367,-1.549470868206043,0.0
0.4,16,0.895407946776377,-1.4459246108899013,0.0
0.4,17,2.0121372590279067,-1.5184278726340394,0.0
0.4,18,2.9971577622998855,-1.4786365559139127,0.0
0.4,19,3.8513260951146444,-1.5488484509048202,0.0
0.4,20,-4.883820522349906,-0.4267892785859665,0.0
0.4,21,-3.889087821565595,-0.5573096696243123,0.0
0.4,22,-2.847434766405935,-0.4182185355615442,0.0
0.4,23,-2.040378744980189,-0.568865905665804,0.0
0.4,24,-0.8912393259905742,-0.5217486483833345,0.0
0.4,25,0.03975543338479123,-0.5740249316065642,0.0
0.4,26,0.996855208945076,-0.5795799846080024,0.0
0.4,27,1.8604131264726051,-0.5384878306595404,0.0
0.4,28,2.871300704531262,-0.4440913910148282,0.0
0.4,29,4.006534841435579,-0.5480441494743231,0.0
0.4,30,-4.8058328552086325,0.529470756742445,0.0
0.4,31,-3.996703917697043,0.48840897035359093,0.0
0.4,32,-2.9536006562577874,0.5548762469316136,0.0
0.4,33,-1.921246142039709,0.41675125988987094,0.0
0.4,34,-0.9660578238686072,0.46443624413291995,0.0
0.4,35,-0.08137952461135983,0.41355608004896194,0.0
0.4,36,0.9972970958755258,0.42557771400578814,0.0
0.4,37,1.9723390622281711,0.4797819205391386,0.0
0.4,38,2.9312834375785104,0.4244051523179442,0.0
0.4,39,3.8978633156940465,0.5353488154742305,0.0
0.4,40,-4.94113531149181,1.5169926215478435,0.0
0.4,41,-3.8563847221439724,1.5298053643929541,0.0
0.4,42,-2.902325421968812,1.3948611629167171,0.0
0.4,43,-1.8971399336059838,1.5339979151959517,0.0
0.4,44,-1.0223383369577812,1.5320100022387577,0.0
0.4,45,-0.08998101647693102,1.5103110797042631,0.0
0.4,46,1.0120270632853663,1.4302871854914554,0.0
0.4,47,1.9992739258062404,1.510109344905804,0.0
0.4,48,2.919422655046258,1.3982650329724162,0.0
0.4,49,3.821747755786977,1.3992311962335988,0.0
0.5,0,-4.8545686126612395,-2.483904863288088,0.0
0.5,1,-3.8414404753717095,-2.367921340828388,0.0
0.5,2,-3.000021137922626,-2.468481718229462,0.0
0.5,3,-2.0094267637049743,-2.4105065920646163,0.0
0.5,4,-0.9490509422302432,-2.3742419359685747,0.0
0.5,5,0.03876031179876954,-2.52718382376094,0.0
0.5,6,0.9683031608123489,-2.379209424408139,0.0
0.5,7,1.8512345795247152,-2.3537267157348047,0.0
0.5,8,2.8831958438524534,-2.480948868425799,0.0
0.5,9,3.956416946717105,-2.353557300362593,0.0
0.5,10,-4.938302043104132,-1.395566190317819,0.0
0.5,11,-3.9593086112380513,-1.4149823881372627,0.0
0.5,12,-2.883774623222576,-1.561076782681428,0.0
0.5,13,-1.8530931005509006,-1.4669216967142023,0.0
0.5,14,-0.9662507498407026,-1.5480061417966804,0.0
0.5,15,0.05551596113820109,-1.383124895879059,0.0
0.5,16,0.9147360550257945,-1.404622538450916,0.0
0.5,17,1.955269806705638,-1.4767314027950604,0.0
0.5,18,2.8823167432459025,-1.5488637921585289,0.0
0.5,19,3.916757306976846,-1.3786696173000152,0.0
0.5,20,-4.828565574463432,-0.4257401878136903,0.0
0.5,21,-3.8854138452832703,-0.5206757960746317,0.0
0.5,22,-2.992131017790086,-0.41082566097298445,0.0
0.5,23,-2.041239765727442,-0.4938365528939256,0.0
0.5,24,-0.9079257767736364,-0.5806948237032933,0.0
0.5,25,0.047375258452004465,-0.45761873488617344,0.0
0.5,26,1.0448076906965837,-0.5700703112185187,0.0
0.5,27,1.9448915205415724,-0.5587504314272734,0.0
0.5,28,2.866614329064428,-0.5413883636953175,0.0
0.5,29,3.8845000749897416,-0.505308653922626,0.0
0.5,30,-4.871186568554625,0.47661895542251276,0.0
0.5,31,-3.8070226596557055,0.432082520164177,0.0
0.5,32,-2.9025100967422195,0.3987258692846911,0.0
0.5,33,-1.9619697216574694,0.5497824627734156,0.0
0.5,34,-0.8966152157351571,0.4710024392696003,0.0
0.5,35,-0.0764685895226765,0.45488209492678244,0.0
0.5,36,0.9192764706743674,0.38828315647399025,0.0
0.5,37,2.02459895040686,0.42152672065908625,0.0
0.5,38,2.951127985905538,0.555365610923036,0.0
0.5,39,3.9495408578283344,0.4394216136563262,0.0
0.5,40,-4.972282569852352,1.481939951299354,0.0
0.5,41,-3.8806937840943565,1.4399930210580127,0.0
0.5,42,-2.9436171961872835,1.3709819254765112,0.0
0.5,43,-1.9232197704534937,1.550264247653232,0.0
0.5,44,-1.0014310708239056,1.3710668788257718,0.0
0.5,45,-0.07425026775177335,1.4797308413486983,0.0
0.5,46,1.0341037609740749,1.5051441840549158,0.0
0.5,47,2.029446812529753,1.4063980071354294,0.0
0.5,48,2.8838832339601455,1.5545270976345074,0.0
0.5,49,3.852283193032628,1.5365908606740035,0.0
0.6000000000000001,0,-4.770179769191509,-2.429097807086914,0.0
0.6000000000000001,1,-3.8700028127672064,-2.3925140358932575,0.0
0.6000000000000001,2,-2.8167757033232204,-2.339178711740402,0.0
0.6000000000000001,3,-1.8672698225933768,-2.3589874801752857,0.0
0.6000000000000001,4,-0.8791953913647017,-2.418988325000147,0.0
0.6000000000000001,5,-0.053200621267374994,-2.405518010200944,0.0
0.6000000000000001,6,1.063635825811643,-2.4986755059610584,0.0
0.6000000000000001,7,1.9111158982159855,-2.4002613054560373,0.0
0.6000000000000001,8,2.8270030712299468,-2.4357118850325588,0.0
0.6000000000000001,9,3.943631315357578,-2.504441707514276,0.0
0.6000000000000001,10,-4.816018943595271,-1.359786522944791,0.0
0.6000000000000001,11,-3.7937975994918878,-1.4681483307965546,0.0
0.6000000000000001,12,-2.8110421679678144,-1.4239708811952254,0.0
0.6000000000000001,13,-1.866084146160371,-1.4922763269853636,0.0
0.6000000000000001,14,-1.0459263381177817,-1.426216505625868,0.0
0.6000000000000001,15,-0.05124295389732399,-1.3672060147167344,0.0
0.6000000000000001,16,1.0680957933399982,-1.3833718010116658,0.0
0.6000000000000001,17,2.0263160745736433,-1.4954559554115374,0.0
0.6000000000000001,18,2.8559579465195237,-1.3619964622228973,0.0
0.6000000000000001,19,3.979597888622088,-1.5096864875628044,0.0
0.6000000000000001,20,-4.7663820507116545,-0.5294707515651285,0.0
0.6000000000000001,21,-3.9586368167571857,-0.4412611182689671,0.0
0.6000000000000001,22,-2.8429142795675215,-0.5303811518208589,0.0
0.6000000000000001,23,-1.9713062232622434,-0.4031433766689121,0.0
0.6000000000000001,24,-0.927095180668128,-0.4351153034187597,0.0
0.6000000000000001,25,-0.07343229468730927,-0.5188503154175591,0.0
0.6000000000000001,26,1.0648826139944085,-0.46908392801495613,0.0
0.6000000000000001,27,2.0353217910723522,-0.48262325944765333,0.0
0.6000000000000001,28,2.8274504171836807,-0.4727218512325841,0.0
0.6000000000000001,29,3.7904886218267,-0.535550112179352,0.0
0.6000000000000001,30,-4.824240321423292,0.42326789445976676,0.0
0.6000000000000001,31,-3.91396083602512,0.43140211326765904,0.0
0.6000000000000001,32,-2.9492948912212786,0.4239955408352303,0.0
0.6000000000000001,33,-2.0306570113968867,0.4845834053909487,0.0
0.6000000000000001,34,-0.9495233883914536,0.5229216677085,0.0
0.6000000000000001,35,-0.038938448131886474,0.543297477838849,0.0
0.6000000000000001,36,1.025753237421378,0.4643119951290539,0.0
0.6000000000000001,37,1.9969587405811113,0.468585674006394,0.0
0.6000000000000001,38,2.883013921410788,0.45489464322236284,0.0
0.6000000000000001,39,3.960656167139871,0.45395234244661853,0.0
0.6000000000000001,40,-4.884378371795305,1.5215605721818586,0.0
0.6000000000000001,41,-3.9201613336640615,1.5489909341201877,0.0
0.6000000000000001,42,-2.90378824763235,1.3964117336046842,0.0
0.6000000000000001,43,-1.880867758298805,1.548591964335949,0.0
0.6000000000000001,44,-0.9700450091260944,1.5343207534419758,0.0
0.6000000000000001,45,0.0852311132575514,1.4880059076971996,0.0
0.6000000000000001,46,1.0048063817522068,1.4958797162924482,0.0
0.6000000000000001,47,2.0038104246607684,1.3674668243015993,0.0
0.6000000000000001,48,2.8110423380150005,1.5350191041835384,0.0
0.6000000000000001,49,3.934167722715823,1.5274164053560666,0.0
0.7000000000000001,0,-4.89922965472396,-2.3725485990966817,0.0
0.7000000000000001,1,-3.7975523262121844,-2.4243048980817865,0.0
0.7000000000000001,2,-2.8591310341923646,-2.336256513979648,0.0
0.7000000000000001,3,-1.9319535613349283,-2.4759790162550654,0.0
0.7000000000000001,4,-0.9840070838134163,-2.4882803719767703,0.0
0.7000000000000001,5,0.0660204835494344,-2.389743945273132,0.0
0.7000000000000001,6,0.8850049949625235,-2.373448766254515,0.0
0.7000000000000001,7,2.0106183082538425,-2.3679583891796487,0.0
0.7000000000000001,8,2.841208001027523,-2.388104083466572,0.0
0.7000000000000001,9,3.817436028629628,-2.3633946467143963,0.0
0.7000000000000001,10,-4.857623345596217,-1.4577874867915286,0.0
0.7000000000000001,11,-3.905713967739818,-1.4547182703965782,0.0
0.7000000000000001,12,-2.974374967688489,-1.4561614835495913,0.0
0.7000000000000001,13,-1.8790913281896393,-1.5416595252482237,0.0
0.7000000000000001,14,-0.8904687345417299,-1.3731476932548754,0.0
0.7000000000000001,15,0.015480750491443263,-1.4786909277640918,0.0
0.7000000000000001,16,0.869848639337619,-1.4314679620824438,0.0
0.7000000000000001,17,1.8743077696035049,-1.5220646333537449,0.0
0.7000000000000001,18,2.8385360572812846,-1.417375717189575,0.0
0.7000000000000001,19,3.9277543220124747,-1.4743856412440322,0.0
0.7000000000000001,20,-4.879067609988267,-0.5376590266189586,0.0
0.7000000000000001,21,-3.8847176073655376,-0.5143958837399121,0.0
0.7000000000000001,22,-2.9808397037856014,-0.42644470844131366,0.0
0.7000000000000001,23,-1.9391362736164248,-0.5176903777796342,0.0
0.7000000000000001,24,-0.939381580965482,-0.41265819915206814,0.0
0.7000000000000001,25,-0.08637057905466701,-0.5105424178409401,0.0
0.7000000000000001,26,0.9026461195205899,-0.5673695502574776,0.0
0.7000000000000001,27,1.9023122199991065,-0.43402683697033484,0.0
0.7000000000000001,28,2.79837339196461,-0.39612592361633736,0.0
0.7000000000000001,29,3.9130785514673625,-0.5524451069441609,0.0
0.7000000000000001,30,-4.859305426311561,0.44776792575711855,0.0
0.7000000000000001,31,-3.8086114817747716,0.4679861693534769,0.0
0.7000000000000001,32,-2.9466034782757817,0.5808148084768769,0.0
0.7000000000000001,33,-1.9397582145290082,0.49245986979482487,0.0
0.7000000000000001,34,-0.9893349635763465,0.5297982513660212,0.0
0.7000000000000001,35,0.03052233012909472,0.46053976402468555,0.0
0.7000000000000001,36,1.0226122708139513,0.4892437064367777,0.0
0.7000000000000001,37,1.9294215889354278,0.44492506848310354,0.0
0.7000000000000001,38,2.875671481474597,0.5194825111749359,0.0
0.7000000000000001,39,3.8693983897206765,0.522989943299489,0.0
0.7000000000000001,40,-4.891897557269151,1.5471932371226715,0.0
0.7000000000000001,41,-3.9357228531329165,1.517830275118378,0.0
0.7000000000000001,42,-2.879895591681099,1.3972261218419093,0.0
0.7000000000000001,43,-1.9316372784700317,1.4060197130294951,0.0
0.7000000000000001,44,-0.8889370479055323,1.353535098324699,0.0
0.7000000000000001,45,0.00758896774334121,1.4072259228609507,0.0
0.7000000000000001,46,1.0060972461923772,1.3833463127006074,0.0
0.7000000000000001,47,1.8992387355001292,1.542980290413244,0.0
0.7000000000000001,48,2.990913590009846,1.5349301861978315,0.0
0.7000000000000001,49,3.7673171207730944,1.468020627024281,0.0
0.8,0,-4.87208234952413,-2.4078991441185713,0.0
0.8,1,-3.7539003778634408,-2.4835192906938994,0.0
0.8,2,-2.8816812396119844,-2.479139613961489,0.0
0.8,3,-1.9113664875640377,-2.332037764930674,0.0
0.8,4,-0.861478876937887,-2.4616317411154327,0.0
0.8,5,-0.027913888362834288,-2.474992937349084,0.0
0.8,6,0.8938237790187267,-2.3056600894431285,0.0
0.8,7,1.9345488545732314,-2.4460514812815295,0.0
0.8,8,2.9746860630644663,-2.340910594250963,0.0
0.8,9,3.7554475871031845,-2.4281633327090657,0.0
0.8,10,-4.835008453351876,-1.419730310713225,0.0
0.8,11,-3.8736999168696293,-1.4667349603982416,0.0
0.8,12,-2.843014636657102,-1.393797448923416,0.0
0.8,13,-1.9796694025565271,-1.3457779194669466,0.0
0.8,14,-1.0312680078069703,-1.5391461337124306,0.0
0.8,15,0.00033963918329113496,-1.4914232132851282,0.0
0.8,16,0.8671574486446467,-1.387621128927307,0.0
0.8,17,1.8605015512171348,-1.4905875308363827,0.0
0.8,18,2.90717294579319,-1.3543169933010215,0.0
0.8,19,3.790611525517547,-1.360260305710432,0.0
0.8,20,-4.831162236764916,-0.4852320754328385,0.0
0.8,21,-3.8519172905158947,-0.44780595889798747,0.0
0.8,22,-2.867415967355023,-0.4091566010395262,0.0
0.8,23,-1.8898528591498671,-0.5318213516429986,0.0
0.8,24,-0.9401668969712933,-0.43818111361624873,0.0
0.8,25,-0.0013817434331474948,-0.4490055750285904,0.0
0.8,26,0.9527560418713986,-0.42491256363472485,0.0
0.8,27,1.965700440111644,-0.44714792377451945,0.0
0.8,28,2.934392155596081,-0.4715312633250086,0.0
0.8,29,3.841975403059351,-0.4645327310399265,0.0
0.8,30,-4.702278991453079,0.48828699411390647,0.0
0.8,31,-3.931968450571545,0.4260678854842417,0.0
0.8,32,-2.86369803925289,0.4623178725398425,0.0
0.8,33,-1.9141275355440721,0.47677191536674973,0.0
0.8,34,-0.8948014245037232,0.43357395662412135,0.0
0.8,35,-0.015308644919570707,0.5278357896666253,0.0
0.8,36,0.8604131679679611,0.4947228760932892,0.0
0.8,37,1.8267997907248945,0.5237822977742745,0.0
0.8,38,2.7938183782429147,0.4557869764427719,0.0
0.8,39,3.9386208827420033,0.4309049054478376,0.0
0.8,40,-4.826574586996064,1.3679331342181749,0.0
0.8,41,-3.777558895053198,1.3453969126969776,0.0
0.8,42,-2.9228762360041407,1.4592472756534418,0.0
0.8,43,-1.8360678932173184,1.4749033187420615,0.0
0.8,44,-0.9819190526451433,1.443656928373124,0.0
0.8,45,-0.055956027924377864,1.4732597381900405,0.0
0.8,46,0.9026999892383984,1.4372678950460305,0.0
0.8,47,1.9120963116846148,1.3701314038890966,0.0
0.8,48,2.853733365016828,1.4398059814191007,0.0
0.8,49,3.8544434399133607,1.3453202294110351,0.0
0.9,0,-4.769651832019473,-2.441154895591433,0.0
0.9,1,-3.7751294933104256,-2.4238462513197545,0.0
0.9,2,-2.8555333600171107,-2.380373005347886,0.0
0.9,3,-1.8265445568052896,-2.468772363026803,0.0
0.9,4,-0.9380702899457078,-2.4642183466664194,0.0
0.9,5,0.06262244159938671,-2.3148582330441854,0.0
0.9,6,0.9748311288555935,-2.452383087427902,0.0
0.9,7,1.966452634025373,-2.474382429353575,0.0
0.9,8,2.836282639194958,-2.4755149615008833,0.0
0.9,9,3.831477898974254,-2.396723376730943,0.0
0.9,10,-4.786590572444739,-1.5017097587986137,0.0
0.9,11,-3.895412228243812,-1.3408919544259974,0.0
0.9,12,-2.7998199513833506,-1.4277696048358672,0.0
0.9,13,-1.8803352453045281,-1.3934233751885505,0.0
0.9,14,-0.9276531410369118,-1.4829544020026841,0.0
0.9,15,0.0617969961192357,-1.4513859080264613,0.0
0.9,16,0.8927092017116892,-1.4612562660053041,0.0
0.9,17,1.8360930889500144,-1.443543135455158,0.0
0.9,18,2.836543378166682,-1.3405931582500403,0.0
0.9,19,3.7480866988866977,-1.4830463988993217,0.0
0.9,20,-4.70935077269719,-0.5750681025463378,0.0
0.9,21,-3.8842424522058336,-0.4986391781814796,0.0
0.9,22,-2.7650355566415414,-0.3980461054114128,0.0
0.9,23,-1.813914588421692,-0.4159156644985178,0.0
0.9,24,-1.0082451776257249,-0.44105810802043777,0.0
0.9,25,-0.0646456732274539,-0.424462878524549,0.0
0.9,26,1.0093606135318784,-0.46714103867546575,0.0
0.9,27,1.9891784800840175,-0.5190778247907342,0.0
0.9,28,2.861539309386338,-0.5495615377745263,0.0
0.9,29,3.7554533827906162,-0.542235915218645,0.0
0.9,30,-4.807542612030829,0.4549334672697427,0.0
0.9,31,-3.9028452606926676,0.3960768262097718,0.0
0.9,32,-2.8154874368321585,0.5399950941251819,0.0
0.9,33,-1.9017314824661808,0.517454962246245,0.0
0.9,34,-0.9893693439597606,0.3855034017029381,0.0
0.9,35,0.03417792159698413,0.3898421752901981,0.0
0.9,36,1.022964224656388,0.40948986324754,0.0
0.9,37,1.8284862899599634,0.48883069674167146,0.0
0.9,38,2.8860730286493577,0.5039219804876304,0.0
0.9,39,3.8135772987644794,0.5552640893031586,0.0
0.9,40,-4.677617429420253,1.4447685115021054,0.0
0.9,41,-3.7613844846466806,1.418917354595673,0.0
0.9,42,-2.824766694236373,1.4444109013872068,0.0
0.9,43,-1.9938285161349578,1.3460921774632766,0.0
0.9,44,-0.9167422516951903,1.4569207710301741,0.0
0.9,45,0.0753251980792515,1.5052890083582462,0.0
0.9,46,0.8677586210282262,1.3518564200342296,0.0
0.9,47,1.8371797537705699,1.3447305411575305,0.0
0.9,48,2.941679158743207,1.422464973740755,0.0
0.9,49,3.740699632797251,1.488547248308736,0.0
1.0,0,-4.756372012507886,-2.325523359240109,0.0
1.0,1,-3.7908856698320035,-2.323937516239959,0.0
1.0,2,-2.940875502625321,-2.440494339474197,0.0
1.0,3,-1.9542208258453195,-2.4151747198672564,0.0
1.0,4,-0.8971497486164329,-2.286060299738864,0.0
1.0,5,0.01699960616716549,-2.374120348055959,0.0
1.0,6,1.0389358779953486,-2.3659240942239106,0.0
1.0,7,1.8244238150615992,-2.433133006513494,0.0
1.0,8,2.841830251920305,-2.3059542936081723,0.0
1.0,9,3.719303354073569,-2.2867814932846806,0.0
1.0,10,-4.745789711922763,-1.4137827461693253,0.0
1.0,11,-3.851773144644102,-1.4845423281783887,0.0
1.0,12,-2.87478239849507,-1.478670275382185,0.0
1.0,13,-1.9197968848838365,-1.3300974005007173,0.0
1.0,14,-0.9356167099234811,-1.3911154845258111,0.0
1.0,15,0.09112824551876073,-1.405866694651758,0.0
1.0,16,1.0226943790351375,-1.457768120982777,0.0
1.0,17,1.8259263287889969,-1.4680770197246487,0.0
1.0,18,2.762092330937562,-1.3476836710970697,0.0
1.0,19,3.8908519146384233,-1.3356358722141182,0.0
1.0,20,-4.837926570757472,-0.40959983622638185,0.0
1.0,21,-3.895717027878482,-0.40377406660686677,0.0
1.0,22,-2.820839790659865,-0.43428780604177214,0.0
1.0,23,-1.8105128130155899,-0.4497848160579913,0.0
1.0,24,-0.8901687735876045,-0.4800319544338474,0.0
1.0,25,-0.03364030074972782,-0.3800947953584734,0.0
1.0,26,0.9452077548338353,-0.38557712188663584,0.0
1.0,27,1.9879069468872557,-0.48877462931548743,0.0
1.0,28,2.878394157444009,-0.4373982914145771,0.0
1.0,29,3.7251593977186856,-0.5062682547644923,0.0
1.0,30,-4.686276283888579,0.49656075013246537,0.0
1.0,31,-3.7579836737892003,0.45588720296476376,0.0
1.0,32,-2.8816655455608085,0.4898927629876931,0.0
1.0,33,-1.9003155504738662,0.5623331213813354,0.0
1.0,34,-0.9302249559228611,0.5407749045423336,0.0
1.0,35,0.029830185974445034,0.41109065901854774,0.0
1.0,36,1.0154200804093585,0.3843421674015127,0.0
1.0,37,1.9625578666241519,0.5618529424328864,0.0
1.0,38,2.7897814825667044,0.559428761458393,0.0
1.0,39,3.81958768717482,0.3966443298199459,0.0
1.0,40,-4.817839310415808,1.327306729726199,0.0
1.0,41,-3.8018027580531695,1.4108344619982476,0.0
1.0,42,-2.8987539321729674,1.3611201134359197,0.0
1.0,43,-1.8493339746292046,1.4649991979526444,0.0
1.0,44,-0.8732321994572247,1.4110029954915788,0.0
1.0,45,-0.039141967717844776,1.4430447103195558,0.0
1.0,46,0.9550204793841033,1.4200792833182367,0.0
1.0,47,1.9965560063103223,1.348159931854728,0.0
1.0,48,2.869494270835458,1.459774951341506,0.0
1.0,49,3.8874409395459595,1.4264385227346539,0.0
1.1,0,-4.681439659397612,-2.277132290222153,0.0
1.1,1,-3.84178110745878,-2.2974722642282672,0.0
1.1,2,-2.7906397916885535,-2.4103442032471887,0.0
1.1,3,-1.9010998655783855,-2.366881953818922,0.0
1.1,4,-0.9038594426793357,-2.427408950624406,0.0
1.1,5,0.04686577299476832,-2.3917992795146175,0.0
1.1,6,0.8476215676018495,-2.369082222868505,0.0
1.1,7,1.885393959037374,-2.299300940558829,0.0
1.1,8,2.8684545155627874,-2.301973143718032,0.0
1.1,9,3.7243416868396335,-2.411960043380782,0.0
1.1,10,-4.778059104126959,-1.4565025299040046,0.0
1.1,11,-3.764819724023255,-1.4100311052294539,0.0
1.1,12,-2.7462439634131517,-1.4510096891506319,0.0
1.1,13,-1.8469190776857844,-1.3758481684773842,0.0
1.1,14,-0.850672114268128,-1.4704561983998414,0.0
1.1,15,-0.08327865163181528,-1.3427899595345691,0.0
1.1,16,0.9123950029043776,-1.3269183874443269,0.0
1.1,17,1.8116055402257407,-1.382205926923497,0.0
1.1,18,2.836750606914966,-1.3783070691467845,0.0
1.1,19,3.7321287010727553,-1.4316407331279417,0.0
1.1,20,-4.813516292401715,-0.4483396316777336,0.0
1.1,21,-3.8406922887813826,-0.5601796378246211,0.0
1.1,22,-2.808224446037886,-0.5613539347785903,0.0
1.1,23,-1.9899617745727554,-0.5645472294120817,0.0
1.1,24,-0.9651170718835546,-0.5071046858637578,0.0
1.1,25,-0.019365809717486443,-0.4606918835672593,0.0
1.1,26,1.0101789537026449,-0.4116319200960675,0.0
1.1,27,1.9878997717146651,-0.4852820471577667,0.0
1.1,28,2.7456784815603097,-0.54852090442166,0.0
1.1,29,3.741984592981233,-0.4391218591720327,0.0
1.1,30,-4.783450566011976,0.4874812129748556,0.0
1.1,31,-3.75049113376075,0.5165592458817988,0.0
1.1,32,-2.9255474361073177,0.49853735021673706,0.0
1.1,33,-1.9333135470705083,0.4016547444895362,0.0
1.1,34,-0.9697754637321964,0.4400388793802253,0.0
1.1,35,0.07234199497035063,0.48766563742176894,0.0
1.1,36,1.0011373409108921,0.4043817479621088,0.0
1.1,37,1.9883824447285312,0.4314703926360643,0.0
1.1,38,2.835975210045808,0.5515094501564127,0.0
1.1,39,3.7545154429453103,0.4457966420775174,0.0
1.1,40,-4.746460178039891,1.4458380546850815,0.0
1.1,41,-3.7131933388129497,1.4390342408176182,0.0
1.1,42,-2.900587223727216,1.4268391424077422,0.0
1.1,43,-1.861945718969665,1.4666662735172147,0.0
1.1,44,-0.9271422822496687,1.370839323984991,0.0
1.1,45,-0.0019853965887211,1.498393995303861,0.0
1.1,46,1.0441482393232526,1.3920817380558015,0.0
1.1,47,1.9235916437151626,1.415769321906497,0.0
1.1,48,2.8038168858752224,1.4376950243915385,0.0
1.1,49,3.819562461532686,1.4132835027455763,0.0
1.2000000000000002,0,-4.623532588994452,-2.3530169918977966,0.0
1.2000000000000002,1,-3.710843406514659,-2.291352241595216,0.0
1.2000000000000002,2,-2.90714492013974,-2.361986847465472,0.0
1.2000000000000002,3,-1.9283767601306048,-2.434657791937806,0.0
1.2000000000000002,4,-1.0261144806823093,-2.252942186946641,0.0
1.2000000000000002,5,0.04622397873050327,-2.2823244694718543,0.0
1.2000000000000002,6,1.0374278608006162,-2.3901401416529007,0.0
1.2000000000000002,7,1.7913073993995572,-2.4314897835769065,0.0
1.2000000000000002,8,2.7756753360586166,-2.305225915411729,0.0
1.2000000000000002,9,3.749656454091771,-2.3071696188493185,0.0
1.2000000000000002,10,-4.743274179496256,-1.4151252800365455,0.0
1.2000000000000002,11,-3.765739052642799,-1.3655529211113193,0.0
1.2000000000000002,12,-2.9056659106992346,-1.4164044264975102,0.0
1.2000000000000002,13,-1.7835383767854802,-1.4640431659023871,0.0
1.2000000000000002,14,-0.9516697245449068,-1.4642743294264209,0.0
1.2000000000000002,15,0.0562051702000774,-1.4151076185060032,0.0
1.2000000000000002,16,0.8563947276539416,-1.3852845641350204,0.0
1.2000000000000002,17,1.9288168578801435,-1.4754031685509246,0.0
1.2000000000000002,18,2.850584202698062,-1.4177850164119832,0.0
1.2000000000000002,19,3.8477433725001258,-1.36350272233371,0.0
1.2000000000000002,20,-4.695322259537581,-0.385123206219285,0.0
1.2000000000000002,21,-3.7956450395883983,-0.5087297678581801,0.0
1.2000000000000002,22,-2.822349177847124,-0.3834365555493292,0.0
1.2000000000000002,23,-1.9322409105388825,-0.5330371183960617,0.0
1.2000000000000002,24,-1.0004728756918633,-0.5241402017613497,0.0
1.2000000000000002,25,0.0993945044157847,-0.3814129505044943,0.0
1.2000000000000002,26,0.919323248006287,-0.5254326492673735,0.0
1.2000000000000002,27,1.973953599028495,-0.5558453518665684,0.0
1.2000000000000002,28,2.8626172677746142,-0.4133319182258281,0.0
1.2000000000000002,29,3.7544203232758084,-0.5422265221987289,0.0
1.2000000000000002,30,-4.693734778316196,0.4555594136939709,0.0
1.2000000000000002,31,-3.8041542245203024,0.43668264478721713,0.0
1.2000000000000002,32,-2.7839474098262724,0.4263308582979322,0.0
1.2000000000000002,33,-1.7866443654400281,0.49117832623749125,0.0
1.2000000000000002,34,-0.8556914294765132,0.41454047399973615,0.0
1.2000000000000002,35,0.044202961704379456,0.5145830775245643,0.0
1.2000000000000002,36,0.918734537789369,0.38157190475629876,0.0
1.2000000000000002,37,1.9611893656860486,0.40806923726735833,0.0
1.2000000000000002,38,2.803516472072895,0.5275729653069313,0.0
1.2000000000000002,39,3.77235880316309,0.44607474719651086,0.0
1.2000000000000002,40,-4.620119344144893,1.3185488189306134,0.0
1.2000000000000002,41,-3.771844961676854,1.389696398334414,0.0
1.2000000000000002,42,-2.729022766070652,1.424257632241091,0.0
1.2000000000000002,43,-1.9476098539597313,1.370254525311844,0.0
1.2000000000000002,44,-0.868182031041692,1.4072538170758817,0.0
1.2000000000000002,45,0.09031974204992821,1.4569783039469,0.0
1.2000000000000002,46,0.9776954182103877,1.4135639161084859,0.0
1.2000000000000002,47,1.9305622335312924,1.4951941462094167,0.0
1.2000000000000002,48,2.9144829667743406,1.4801129730229332,0.0
1.2000000000000002,49,3.6764764358759714,1.3411330346128247,0.0
1.3,0,-4.686301617297715,-2.271060372604155,0.0
1.3,1,-3.8245038847891277,-2.353137519623371,0.0
1.3,2,-2.818400752543656,-2.247937500326314,0.0
1.3,3,-1.8804893838511711,-2.3804339285109233,0.0
1.3,4,-1.0273218536614719,-2.2516718721455162,0.0
1.3,5,-0.028788304609779353,-2.364879247592751,0.0
1.3,6,1.0025401696160807,-2.315918493492319,0.0
1.3,7,1.801793452883425,-2.3139219190243767,0.0
1.3,8,2.723419484758117,-2.3047604524855982,0.0
1.3,9,3.7418155210350474,-2.241308786562652,0.0
1.3,10,-4.643432264858741,-1.3754091897899408,0.0
1.3,11,-3.680135364382312,-1.4521243012494185,0.0
1.3,12,-2.7905130204895223,-1.4308778467379741,0.0
1.3,13,-1.7957231062464443,-1.317709992985607,0.0
1.3,14,-0.9957935353311989,-1.4387343740363268,0.0
1.3,15,0.08267935825718081,-1.3540891393333316,0.0
1.3,16,0.9893953415411036,-1.44470363364372,0.0
1.3,17,1.9000293364310452,-1.3670602930604219,0.0
1.3,18,2.7875726138562897,-1.4229459755600742,0.0
1.3,19,3.713852266060067,-1.306118190773377,0.0
1.3,20,-4.7146455599313475,-0.5222215556033846,0.0
1.3,21,-3.7024368022023424,-0.39301026959297347,0.0
1.3,22,-2.885133341588914,-0.38622253313037613,0.0
1.3,23,-1.8327427688109057,-0.4798587350463343,0.0
1.3,24,-1.0184005256607196,-0.5422059510341266,0.0
1.3,25,-0.09768941940027209,-0.5560517027610778,0.0
1.3,26,1.0166584162715289,-0.4887591969851127,0.0
1.3,27,1.8089169157454013,-0.4376798197486217,0.0
1.3,28,2.817067795108856,-0.4568536862270826,0.0
1.3,29,3.8132966560968304,-0.3844624696944055,0.0
1.3,30,-4.641116999514106,0.5085949311687663,0.0
1.3,31,-3.7243086710032514,0.37369772934255363,0.0
1.3,32,-2.8760048710325328,0.44892595238647126,0.0
1.3,33,-1.9585261119234527,0.3916825583845462,0.0
1.3,34,-1.030218234767365,0.405716004801881,0.0
1.3,35,-0.060285048751812356,0.42953777880484295,0.0
1.3,36,0.9029387325612063,0.44428407080346594,0.0
1.3,37,1.7913941225063326,0.5511145831136389,0.0
1.3,38,2.8784426986414475,0.5649930407480815,0.0
1.3,39,3.703951932749526,0.41867247081261566,0.0
1.3,40,-4.584832457077817,1.4451563396668712,0.0
1.3,41,-3.81521050041485,1.3768229853543192,0.0
1.3,42,-2.7359916608128354,1.4078917819240022,0.0
1.3,43,-1.8586592886721833,1.3728608767227481,0.0
1.3,44,-0.8759859304768228,1.4586405963594702,0.0
1.3,45,0.0069736808648050985,1.4104573617176883,0.0
1.3,46,1.0177737866431547,1.4586777898432821,0.0
1.3,47,1.8106689664051157,1.4227679109176223,0.0
1.3,48,2.8294560074291546,1.4506537900289285,0.0
1.3,49,3.7864573520781404,1.3186587849231697,0.0
1.4000000000000001,0,-4.657391885545761,-2.300356047786323,0.0
1.4000000000000001,1,-3.713736580186515,-2.2598607468095167,0.0
1.4000000000000001,2,-2.841709122954205,-2.358106278042481,0.0
1.4000000000000001,3,-1.8409080092009553,-2.271858179643149,0.0
1.4000000000000001,4,-0.9734541745255815,-2.4106716605708134,0.0
1.4000000000000001,5,0.04399623745311615,-2.3073042482446158,0.0
1.4000000000000001,6,0.8349257571291098,-2.3117930357878107,0.0
1.4000000000000001,7,1.9303261088351689,-2.423585165722023,0.0
1.4000000000000001,8,2.7317547039362156,-2.249571789281818,0.0
1.4000000000000001,9,3.662370975495656,-2.2833965504343916,0.0
1.4000000000000001,10,-4.652821525262209,-1.3154064302769,0.0
1.4000000000000001,11,-3.735110257242697,-1.4837641926272342,0.0
1.4000000000000001,12,-2.7653441923034423,-1.3832489477973797,0.0
1.4000000000000001,13,-1.792783747839951,-1.3957500114390726,0.0
1.4000000000000001,14,-0.9960979584314161,-1.4372513195179206,0.0
1.4000000000000001,15,-0.027468329984110973,-1.4252001155444929,0.0
1.4000000000000001,16,0.9857531687662571,-1.322882887103883,0.0
1.4000000000000001,17,1.9584783432832191,-1.4449275121040281,0.0
1.4000000000000001,18,2.8237088293710833,-1.416433651665682,0.0
1.4000000000000001,19,3.6940596897225344,-1.442687678532437,0.0
1.4000000000000001,20,-4.7371903706600085,-0.5329058355768093,0.0
1.4000000000000001,21,-3.8024364823957844,-0.517071564019936,0.0
1.4000000000000001,22,-2.792425977440482,-0.450904333925456,0.0
1.4000000000000001,23,-1.83604314848468,-0.44116028752062597,0.0
1.4000000000000001,24,-0.9352467913118764,-0.46192864778354176,0.0
1.4000000000000001,25,-0.05975499067038897,-0.4958827356561909,0.0
1.4000000000000001,26,1.0168797009643114,-0.564693671201306,0.0
1.4000000000000001,27,1.9575597750206575,-0.4719645059040229,0.0
1.4000000000000001,28,2.8464689511051904,-0.3724998208154226,0.0
1.4000000000000001,29,3.8133547548319164,-0.47707595473816344,0.0
1.4000000000000001,30,-4.593178117132555,0.5581701923476996,0.0
1.4000000000000001,31,-3.8064159164461073,0.4711925044087753,0.0
1.4000000000000001,32,-2.8056161891576044,0.5145469678850104,0.0
1.4000000000000001,33,-1.8939713019462712,0.3837761289719715,0.0
1.4000000000000001,34,-0.9499534568055779,0.42629579669410855,0.0
1.4000000000000001,35,0.05302878800149119,0.5464228386891846,0.0
1.4000000000000001,36,0.9747754335700971,0.4479909686474984,0.0
1.4000000000000001,37,1.932809879034865,0.47936782443628395,0.0
1.4000000000000001,38,2.8222759747312254,0.4853598159560095,0.0
1.4000000000000001,39,3.7487803653751053,0.4387302794783902,0.0
1.4000000000000001,40,-4.5804657178182575,1.3350918211124454,0.0
1.4000000000000001,41,-3.656656730824224,1.4409345253418981,0.0
1.4000000000000001,42,-2.7196649878178896,1.4245210794419345,0.0
1.4000000000000001,43,-1.948259970339806,1.4542965290540528,0.0
1.4000000000000001,44,-0.9188106341592618,1.3031299258373161,0.0
1.4000000000000001,45,0.01585143211667614,1.337170890614514,0.0
1.4000000000000001,46,0.8460484037803275,1.2999899501190373,0.0
1.4000000000000001,47,1.8640545692384052,1.3576709437745222,0.0
1.4000000000000001,48,2.72902897270454,1.4360504276679509,0.0
1.4000000000000001,49,3.7872716790777825,1.3616401119105772,0.0
1.5,0,-4.544822245619311,-2.3019058286438314,0.0
1.5,1,-3.6308471461095184,-2.3982674715586794,0.0
1.5,2,-2.7045882774941923,-2.320473480650174,0.0
1.5,3,-1.7777365805961727,-2.3615405557733613,0.0
1.5,4,-0.9260150505699355,-2.3745841809376085,0.0
1.5,5,0.028294631189147823,-2.2434713596914704,0.0
1.5,6,0.8448357170357724,-2.3507437142903456,0.0
1.5,7,1.8273730900932696,-2.3393890146752794,0.0
1.5,8,2.7923795898542525,-2.3747860395226934,0.0
1.5,9,3.788524927375435,-2.3740185092558765,0.0
1.5,10,-4.631935274769981,-1.2986548818839003,0.0
1.5,11,-3.6047733172541596,-1.3693009276655674,0.0
1.5,12,-2.8463098643845677,-1.384229128062573,0.0
1.5,13,-1.9403893141710546,-1.4257133680287686,0.0
1.5,14,-0.8935594078108269,-1.3199904070228596,0.0
1.5,15,-0.09411818939803929,-1.479603125701008,0.0
1.5,16,0.8988938553390216,-1.3971747417883165,0.0
1.5,17,1.7790876923438317,-1.4161249571480807,0.0
1.5,18,2.76422536854434,-1.3414554610302247,0.0
1.5,19,3.755191739591369,-1.328313631846833,0.0
1.5,20,-4.539956448981385,-0.4574158045059786,0.0
1.5,21,-3.6091708563362426,-0.504124523366663,0.0
1.5,22,-2.6981192285887934,-0.3831203657687976,0.0
1.5,23,-1.8049599496390227,-0.5515358784455617,0.0
1.5,24,-0.9546229122327631,-0.3923315982490553,0.0
1.5,25,-0.022127838304903905,-0.4114295041711634,0.0
1.5,26,1.0019664172743525,-0.4621927738654184,0.0
1.5,27,1.8297249605442218,-0.40204319249333764,0.0
1.5,28,2.7632565288282196,-0.48635582792982396,0.0
1.5,29,3.6176427348438427,-0.5043129050483396,0.0
1.5,30,-4.703085441277209,0.41980787830433064,0.0
1.5,31,-3.7617410668558637,0.40681231011689056,0.0
1.5,32,-2.870929927845635,0.37431546584700137,0.0
1.5,33,-1.852316969022326,0.4120685949487827,0.0
1.5,34,-1.0034733915499865,0.546059999562029,0.0
1.5,35,0.053440583373095596,0.44327582345562777,0.0
1.5,36,0.8789509440533771,0.49594045711439194,0.0
1.5,37,1.7840639398562932,0.412036664010602,0.0
1.5,38,2.7096293931697324,0.43648266329653096,0.0
1.5,39,3.6176682348612816,0.39693140018808015,0.0
1.5,40,-4.667438565659102,1.444883624410004,0.0
1.5,41,-3.7260334368713615,1.328733178609775,0.0
1.5,42,-2.695400659519004,1.2997700664107197,0.0
1.5,43,-1.9005574042874205,1.4572397720916452,0.0
1.5,44,-0.9013299256688524,1.4796553314495267,0.0
1.5,45,0.03546351673238812,1.3790539211112156,0.0
1.5,46,0.9327733007633983,1.4844634504138279,0.0
1.5,47,1.8617946529646296,1.3670512084153883,0.0
1.5,48,2.7282715520424086,1.3035779031052313,0.0
1.5,49,3.79020717828665,1.3909990814319417,0.0
1.6,0,-4.625543347531509,-2.362067618079659,0.0
1.6,1,-3.6699704317306265,-2.2236141022943965,0.0
1.6,2,-2.8308452803496853,-2.3107579812573227,0.0
1.6,3,-1.8137487377056207,-2.334792713305848,0.0
1.6,4,-0.8376693923212108,-2.2271662440078304,0.0
1.6,5,0.0231640156282356,-2.32277286887192,0.0
1.6,6,0.949896884060965,-2.2675149395739793,0.0
1.6,7,1.8360271998265656,-2.2694515929223944,0.0
1.6,8,2.741349591200275,-2.297748585336167,0.0
1.6,9,3.6132157654355384,-2.3301315686343744,0.0
1.6,10,-4.688474860178933,-1.3169056757246989,0.0
1.6,11,-3.6920636593118714,-1.3899378035996053,0.0
1.6,12,-2.80686960551524,-1.450952816220758,0.0
1.6,13,-1.7465031064289067,-1.3499979766213557,0.0
1.6,14,-0.9429475809873031,-1.4249074382260567,0.0
1.6,15,0.09015465531236458,-1.330643402387224,0.0
1.6,16,0.9782676689713602,-1.3140764579497382,0.0
1.6,17,1.8290899244356476,-1.4517763109822257,0.0
1.6,18,2.856795019277867,-1.3629074325633057,0.0
1.6,19,3.696665551935666,-1.3224323042559656,0.0
1.6,20,-4.522064944258442,-0.5545478507052004,0.0
1.6,21,-3.644255845559642,-0.4472474840628293,0.0
1.6,22,-2.69378022697173,-0.40221933007937916,0.0
1.6,23,-1.7670285046775644,-0.42140034884851835,0.0
1.6,24,-1.017001372757104,-0.48950654785248954,0.0
1.6,25,-0.05131437200197873,-0.5071700752742732,0.0
1.6,26,0.827667482238485,-0.47265664190057255,0.0
1.6,27,1.8105531225524363,-0.5248343473861355,0.0
1.6,28,2.664850577888464,-0.38867085296119264,0.0
1.6,29,3.707353782295999,-0.377829271303768,0.0
1.6,30,-4.541839221954562,0.40252791121080467,0.0
1.6,31,-3.6475861998061716,0.40335487557277877,0.0
1.6,32,-2.8065179134008194,0.4626322223001176,0.0
1.6,33,-1.8210085692178182,0.4317825910343868,0.0
1.6,34,-0.9259236252421015,0.5152887892460363,0.0
1.6,35,0.049732853762747026,0.5128973450286339,0.0
1.6,36,0.980456896641195,0.5105829878673366,0.0
1.6,37,1.7872171309110354,0.5377351129834146,0.0
1.6,38,2.723726204615951,0.3687132743861889,0.0
1.6,39,3.5933654688823795,0.39627784865933247,0.0
1.6,40,-4.512021306772271,1.474887162940343,0.0
1.6,41,-3.5873373956984116,1.4452108200307683,0.0
1.6,42,-2.8333061618902686,1.3927113416399182,0.0
1.6,43,-1.9399192553506381,1.3080615712784016,0.0
1.6,44,-0.9995207401437058,1.4201984705412436,0.0
1.6,45,-0.006544483862760034,1.4253231623410607,0.0
1.6,46,0.8792938950462786,1.333765745422877,0.0
1.6,47,1.8536092705065625,1.3271933763080583,0.0
1.6,48,2.8334284953839948,1.4301267714335375,0.0
1.6,49,3.590071532995709,1.3067495980237671,0.0
1.7000000000000002,0,-4.537307982546991,-2.292611212385208,0.0
1.7000000000000002,1,-3.6503469496177345,-2.207535633712496,0.0
1.7000000000000002,2,-2.6560712255801713,-2.367138120263247,0.0
1.7000000000000002,3,-1.7746743390550812,-2.2645409915167956,0.0
1.7000000000000002,4,-0.8195912086227295,-2.3120332255208442,0.0
1.7000000000000002,5,0.058356222896898985,-2.2372942337311086,0.0
1.7000000000000002,6,0.9904851881567605,-2.1896240446658957,0.0
1.7000000000000002,7,1.8840592344513722,-2.313025068871413,0.0
1.7000000000000002,8,2.738666807295479,-2.284601099767435,0.0
1.7000000000000002,9,3.593223195194875,-2.211422130839555,0.0
1.7000000000000002,10,-4.614620962564492,-1.383224608435178,0.0
1.7000000000000002,11,-3.693498035285734,-1.4620570366993804,0.0
1.7000000000000002,12,-2.8156114404701995,-1.425557798771808,0.0
1.7000000000000002,13,-1.8225109383768279,-1.3694768786799993,0.0
1.7000000000000002,14,-0.8842497349141811,-1.3613872494724957,0.0
1.7000000000000002,15,-0.07792992314208753,-1.3495937887432081,0.0
1.7000000000000002,16,0.8558861231285222,-1.4626061152482297,0.0
1.7000000000000002,17,1.8457176304641627,-1.4404765017911747,0.0
1.7000000000000002,18,2.6851216287842807,-1.3891442825877838,0.0
1.7000000000000002,19,3.7109959569493594,-1.3936652439205397,0.0
1.7000000000000002,20,-4.537149261789422,-0.43687440931970645,0.0
1.7000000000000002,21,-3.686579545660312,-0.45937539774419744,0.0
1.7000000000000002,22,-2.844969504784229,-0.547264708046319,0.0
1.7000000000000002,23,-1.9066881744773654,-0.5210220502086775,0.0
1.7000000000000002,24,-0.8391311981230015,-0.45387217181707024,0.0
1.7000000000000002,25,0.06520208015359491,-0.38662945431585316,0.0
1.7000000000000002,26,0.9922241173627849,-0.4410949982434363,0.0
1.7000000000000002,27,1.856299819719527,-0.3735521111327246,0.0
1.7000000000000002,28,2.710587628126973,-0.46694319870506024,0.0
1.7000000000000002,29,3.711242248822787,-0.46044503633071054,0.0
1.7000000000000002,30,-4.639550857075664,0.4818262985409743,0.0
1.7000000000000002,31,-3.6074737476450505,0.5357822999835368,0.0
1.7000000000000002,32,-2.7192587538127158,0.3656339060384927,0.0
1.7000000000000002,33,-1.7760414832691458,0.39964583938241693,0.0
1.7000000000000002,34,-0.8328925991580873,0.4998213037698782,0.0
1.7000000000000002,35,0.04830620561056406,0.4509232958127794,0.0
1.7000000000000002,36,0.9713634068583326,0.4319081588760518,0.0
1.7000000000000002,37,1.8547134975644408,0.5181337643814362,0.0
1.7000000000000002,38,2.7613111181432943,0.5231797376421631,0.0
1.7000000000000002,39,3.7374435016502505,0.46329464262335923,0.0
1.7000000000000002,40,-4.582185746324006,1.310612715401155,0.0
1.7000000000000002,41,-3.6242014444934956,1.2824144301953166,0.0
1.7000000000000002,42,-2.6757348782367356,1.3255561540488954,0.0
1.7000000000000002,43,-1.7821216445170047,1.2976769163731698,0.0
1.7000000000000002,44,-0.8764654551011982,1.2901497713868022,0.0
1.7000000000000002,45,0.07357706599312369,1.4645079273360466,0.0
1.7000000000000002,46,0.8820026997338155,1.4618520897103104,0.0
1.7000000000000002,47,1.8324867338507205,1.3673413434012507,0.0
1.7000000000000002,48,2.81070250667828,1.447942078521372,0.0
1.7000000000000002,49,3.6819488286299618,1.3257252381365723,0.0
1.8,0,-4.60472852674264,-2.2149654216168497,0.0
1.8,1,-3.655687435100881,-2.1774983620575266,0.0
1.8,2,-2.659190077544942,-2.241552896537588,0.0
1.8,3,-1.7712768906577037,-2.2964744692757377,0.0
1.8,4,-0.9581040515375108,-2.2888765341036983,0.0
1.8,5,-0.08460166701058523,-2.366027699809468,0.0
1.8,6,0.9757442978297874,-2.206833678953406,0.0
1.8,7,1.901917881543028,-2.3000376819341404,0.0
1.8,8,2.7532843036737202,-2.2011836492848538,0.0
1.8,9,3.6078835471254362,-2.20343217513336,0.0
1.8,10,-4.549403120598424,-1.332261538736981,0.0
1.8,11,-3.6074073312173414,-1.3162762377456998,0.0
1.8,12,-2.7338446867720063,-1.3481696583506144,0.0
1.8,13,-1.8204775471757868,-1.3316540046798517,0.0
1.8,14,-0.8624952574070573,-1.2718111891849686,0.0
1.8,15,0.051372206486948624,-1.3914565100264142,0.0
1.8,16,0.8881531209198333,-1.3792780730221543,0.0
1.8,17,1.7870453546728138,-1.2946102148276946,0.0
1.8,18,2.7209362415189493,-1.3626051543294242,0.0
1.8,19,3.6447378068914986,-1.3487800086371795,0.0
1.8,20,-4.626423768856867,-0.45678202286508385,0.0
1.8,21,-3.597999445966155,-0.46721614258095023,0.0
1.8,22,-2.8248375447552894,-0.39643270457540014,0.0
1.8,23,-1.7707086052879006,-0.3881481265137199,0.0
1.8,24,-0.8179310198333323,-0.49509674108908247,0.0
1.8,25,0.044659060303347875,-0.437050563830707,0.0
1.8,26,0.9900647621807147,-0.3689037810801278,0.0
1.8,27,1.733045166384819,-0.4531264011671018,0.0
1.8,28,2.637380883548974,-0.5107601008231077,0.0
1.8,29,3.657015219573289,-0.3857309721790427,0.0
1.8,30,-4.473477934307318,0.4713724105004561,0.0
1.8,31,-3.5720519587809996,0.36835077368444225,0.0
1.8,32,-2.6443375348837255,0.4994679648001361,0.0
1.8,33,-1.8765622095528376,0.4510409662273115,0.0
1.8,34,-0.8572514806045066,0.4176357125300617,0.0
1.8,35,-0.011306115303167857,0.3810261867335198,0.0
1.8,36,0.8969144906865865,0.42401176956305225,0.0
1.8,37,1.798474809854227,0.3913943477167967,0.0
1.8,38,2.7565300017533882,0.46194885896517,0.0
1.8,39,3.6764560856459516,0.5287454061973924,0.0
1.8,40,-4.593736810328897,1.3200909132562402,0.0
1.8,41,-3.657583625098558,1.3676045625781652,0.0
1.8,42,-2.8024538443783116,1.3143930728065423,0.0
1.8,43,-1.7857019761356552,1.3004713444935458,0.0
1.8,44,-0.9761238147647981,1.4243770079856246,0.0
1.8,45,0.06895616186818962,1.4436308119162662,0.0
1.8,46,0.918880072129865,1.4235871251602434,0.0
1.8,47,1.7242383953827645,1.344137473167037,0.0
1.8,48,2.695077380471022,1.4153139778086434,0.0
1.8,49,3.6120562086543755,1.2707635596003857,0.0
1.9000000000000001,0,-4.533238852351759,-2.2749688652311146,0.0
1.9000000000000001,1,-3.5604055061420037,-2.1901756501937903,0.0
1.9000000000000001,2,-2.6716693625946237,-2.278227415792596,0.0
1.9000000000000001,3,-1.7561454455571646,-2.228433978098653,0.0
1.9000000000000001,4,-0.816286887152963,-2.292521109087716,0.0
1.9000000000000001,5,-0.04011412918275814,-2.2423294565414897,0.0
1.9000000000000001,6,0.9804785560851619,-2.1848587054439026,0.0
1.9000000000000001,7,1.8936187337863823,-2.2781242612805226,0.0
1.9000000000000001,8,2.7786408789016432,-2.271922128115091,0.0
1.9000000000000001,9,3.7142134897791714,-2.205666756468393,0.0
1.9000000000000001,10,-4.51306491059628,-1.3918383997886334,0.0
1.9000000000000001,11,-3.692911378224046,-1.4346094249400758,0.0
1.9000000000000001,12,-2.722204820409235,-1.3715165790395158,0.0
1.9000000000000001,13,-1.7155159318673985,-1.3722920751638732,0.0
1.9000000000000001,14,-0.8520194761799866,-1.3008580087500115,0.0
1.9000000000000001,15,0.09955957037445914,-1.2578544026060348,0.0
1.9000000000000001,16,0.9588712748352117,-1.4158050820885075,0.0
1.9000000000000001,17,1.7840619074036796,-1.4226441180151912,0.0
1.9000000000000001,18,2.6280617584730406,-1.3510480997839385,0.0
1.9000000000000001,19,3.6093838719630584,-1.4282261503414941,0.0
1.9000000000000001,20,-4.508860782672482,-0.47856363700443627,0.0
1.9000000000000001,21,-3.675134353028703,-0.36800506909168457,0.0
1.9000000000000001,22,-2.7814395731910313,-0.37430277708122117,0.0
1.9000000000000001,23,-1.7301943976891465,-0.4372696443420631,0.0
1.9000000000000001,24,-0.8050092106969615,-0.43687818945821005,0.0
1.9000000000000001,25,0.00637490783795458,-0.5091145538285958,0.0
1.9000000000000001,26,0.8411944592089323,-0.4585115563259,0.0
1.9000000000000001,27,1.7253525426059668,-0.5159404054374728,0.0
1.9000000000000001,28,2.6193096724708362,-0.44253051504925556,0.0
1.9000000000000001,29,3.600059630767692,-0.5150128828982673,0.0
1.9000000000000001,30,-4.45857712616312,0.4184770411605903,0.0
1.9000000000000001,31,-3.7119520608411194,0.4556008260753047,0.0
1.9000000000000001,32,-2.665647732197079,0.5357456197816989,0.0
1.9000000000000001,33,-1.760131703905599,0.5363195960700876,0.0
1.9000000000000001,34,-0.8268650001327279,0.3929019502042664,0.0
1.9000000000000001,35,-0.07828254132172417,0.5263986954802599,0.0
1.9000000000000001,36,0.8094522383841686,0.4346038411734558,0.0
1.9000000000000001,37,1.749574544948915,0.44817326035167027,0.0
1.9000000000000001,38,2.7310673099675085,0.39633957413466014,0.0
1.9000000000000001,39,3.582666278215108,0.42075075366405634,0.0
1.9000000000000001,40,-4.524809438816308,1.3102484928007687,0.0
1.9000000000000001,41,-3.584122359637168,1.369966617448374,0.0
1.9000000000000001,42,-2.6386711969718757,1.3875320640289177,0.0
1.9000000000000001,43,-1.7369783087753354,1.3655209284896468,0.0
1.9000000000000001,44,-0.8716157151604491,1.3253423587606967,0.0
1.9000000000000001,45,0.050254255402106124,1.2966582939642826,0.0
1.9000000000000001,46,0.8250752228322414,1.4009999131983415,0.0
1.9000000000000001,47,1.8617184633414674,1.280601977969332,0.0
1.9000000000000001,48,2.771767118821765,1.394395421392496,0.0
1.9000000000000001,49,3.6591020596851345,1.36463744777382,0.0
2.0,0,-4.517664622160888,-2.314808295002781,0.0
2.0,1,-3.511785459002016,-2.2658899789907574,0.0
2.0,2,-2.74248504956603,-2.1571816928874634,0.0
2.0,3,-1.7661384551096524,-2.3371088073446153,0.0
2.0,4,-0.8579940028843369,-2.2497773926388276,0.0
2.0,5,-0.044104381578465794,-2.1580117503080993,0.0
2.0,6,0.9773638082553802,-2.236161040340115,0.0
2.0,7,1.8424783803913307,-2.313603713526552,0.0
2.0,8,2.6335219156458174,-2.329995651747897,0.0
2.0,9,3.638618958377361,-2.3285594942614676,0.0
2.0,10,-4.40865039900632,-1.2761655310383593,0.0
2.0,11,-3.6281091810958017,-1.256310804165175,0.0
2.0,12,-2.752517015418019,-1.2811706967198742,0.0
2.0,13,-1.7358900826277448,-1.3915949290870393,0.0
2.0,14,-0.8876083134871436,-1.276941977228539,0.0
2.0,15,-0.07888385820838775,-1.3313849855183901,0.0
2.0,16,0.9075324979560049,-1.259593502800232,0.0
2.0,17,1.7355461979213052,-1.2672336555775099,0.0
2.0,18,2.726868437629786,-1.3579431354123928,0.0
2.0,19,3.63376469697719,-1.3945483932625082,0.0
2.0,20,-4.564919103577892,-0.5157755297177334,0.0
2.0,21,-3.6736774926811493,-0.4636224463564962,0.0
2.0,22,-2.6700539559222567,-0.5292778268355949,0.0
2.0,23,-1.7715792572092883,-0.3533268949971877,0.0
2.0,24,-0.8046573933289357,-0.455671548606639,0.0
2.0,25,0.09721095844703939,-0.4514362304283191,0.0
2.0,26,0.9292464131198015,-0.4595762865253632,0.0
2.0,27,1.7207164910823785,-0.49041309077139256,0.0
2.0,28,2.6013859248865003,-0.49748142811096213,0.0
2.0,29,3.516375796855883,-0.4611713898594395,0.0
2.0,30,-4.5833483098097,0.5199405914977332,0.0
2.0,31,-3.613886980746346,0.5004122416372562,0.0
2.0,32,-2.6471556333239636,0.4801481072170466,0.0
2.0,33,-1.8931240352158396,0.38998631534672984,0.0
2.0,34,-0.8218465558444332,0.42049366861081583,0.0
2.0,35,-0.04157662130792366,0.46339242063608693,0.0
2.0,36,0.9946948611785891,0.3916874667679676,0.0
2.0,37,1.8604638212840727,0.3778501910843138,0.0
2.0,38,2.7143477741987683,0.3742885243289019,0.0
2.0,39,3.592993723180231,0.4005372700678025,0.0
2.0,40,-4.557372310895599,1.3290089049465736,0.0
2.0,41,-3.5159146982132103,1.3978162811402541,0.0
2.0,42,-2.642010553789412,1.4211762088734217,0.0
2.0,43,-1.834195213257218,1.4386778560762938,0.0
2.0,44,-0.8070820546288405,1.3612310960591016,0.0
2.0,45,-0.05397296444082178,1.353268451050624,0.0
2.0,46,0.8548750452450107,1.4060212061424393,0.0
2.0,47,1.8511060202104836,1.300280853640003,0.0
2.0,48,2.7613550642638214,1.275130878491081,0.0
2.0,49,3.5217797749265403,1.2730444476637899,0.0
2.1,0,-4.4143902282162495,-2.180979931755763,0.0
2.1,1,-3.630233193290871,-2.2654019112708483,0.0
2.1,2,-2.7393948590143826,-2.1543595797053454,0.0
2.1,3,-1.7647718241048969,-2.1548664088154412,0.0
2.1,4,-0.8656205871500186,-2.270271740820743,0.0
2.1,5,0.06232127113408373,-2.314457308173392,0.0
2.1,6,0.9738137686370665,-2.287583184621198,0.0
2.1,7,1.7968072885332542,-2.142902835417376,0.0
2.1,8,2.7676278491022535,-2.209607242153589,0.0
2.1,9,3.518575752141349,-2.290805995338181,0.0
2.1,10,-4.567634924963061,-1.3759910766358272,0.0
2.1,11,-3.6541191440271765,-1.3294154232387987,0.0
2.1,12,-2.5850206524950767,-1.3366990623474044,0.0
2.1,13,-1.8714285386275118,-1.4303517978334426,0.0
2.1,14,-0.97205009105509,-1.3994615062863005,0.0
2.1,15,0.0872740291306015,-1.3022562725215034,0.0
2.1,16,0.8637758502315296,-1.331752015781817,0.0
2.1,17,1.7801677155279187,-1.348588938154292,0.0
2.1,18,2.6643143351758694,-1.3116087259141056,0.0
2.1,19,3.48923553169358,-1.3357550224940735,0.0
2.1,20,-4.546877923116988,-0.4016058526443556,0.0
2.1,21,-3.6205378156385044,-0.39290520511237936,0.0
2.1,22,-2.588753304368751,-0.5181514436854483,0.0
2.1,23,-1.7739553286290417,-0.4063638732278999,0.0
2.1,24,-0.9011834778117985,-0.38163220157373645,0.0
2.1,25,-0.06669203893498951,-0.44382118489979805,0.0
2.1,26,0.9088207438776881,-0.5343057702224625,0.0
2.1,27,1.7071975924968674,-0.5148663853175466,0.0
2.1,28,2.613056308321165,-0.4978385564623899,0.0
2.1,29,3.509874392074412,-0.48754835955571874,0.0
2.1,30,-4.469708675227058,0.381328321792353,0.0
2.1,31,-3.667354939532012,0.4980110517598922,0.0
2.1,32,-2.6854793289902448,0.45887014458478015,0.0
2.1,33,-1.8540552181741883,0.5258088588288495,0.0
2.1,34,-0.8405703569821319,0.4002647134035174,0.0
2.1,35,-0.08185694296755862,0.4123484228132396,0.0
2.1,36,0.9511319776430974,0.5251303172545697,0.0
2.1,37,1.8644371947464842,0.5383072369800976,0.0
2.1,38,2.641291855117293,0.5291199676562921,0.0
2.1,39,3.613276201661769,0.4504271142873375,0.0
2.1,40,-4.521741131012175,1.3413987559969027,0.0
2.1,41,-3.559392630395007,1.3626885854761208,0.0
2.1,42,-2.5968457062051766,1.3949647638806588,0.0
2.1,43,-1.8568713707446367,1.3534337063562438,0.0
2.1,44,-0.909115519704189,1.4231835973275868,0.0
2.1,45,-0.0036381384218490825,1.244420465680401,0.0
2.1,46,0.921012459791474,1.439539083740854,0.0
2.1,47,1.759335193430153,1.266196172993788,0.0
2.1,48,2.772526625837522,1.4336523201924318,0.0
2.1,49,3.497738178589089,1.3839300422839755,0.0
2.2,0,-4.377480877976819,-2.1457999527023106,0.0
2.2,1,-3.5448814814616476,-2.2312904475503488,0.0
2.2,2,-2.6117163549946483,-2.3204583382021324,0.0
2.2,3,-1.76842679868466,-2.2309806341827207,0.0
2.2,4,-0.9379300492877356,-2.1330751452294585,0.0
2.2,5,0.08287888617819436,-2.1909809003147616,0.0
2.2,6,0.8543755131621548,-2.3170877981856126,0.0
2.2,7,1.7524135983621032,-2.1830960522289358,0.0
2.2,8,2.73762474243415,-2.3191434611325867,0.0
2.2,9,3.5484177362583535,-2.197228050307617,0.0
2.2,10,-4.463323350766906,-1.4212864570622845,0.0
2.2,11,-3.549461322401953,-1.302864133594203,0.0
2.2,12,-2.7079510302894745,-1.343568224231426,0.0
2.2,13,-1.8431203757625245,-1.4238018430704757,0.0
2.2,14,-0.8907022676736782,-1.433749956784681,0.0
2.2,15,0.04973232030009822,-1.3156593037580544,0.0
2.2,16,0.954950525514039,-1.2459120962741241,0.0
2.2,17,1.6837630369558063,-1.3868240689847722,0.0
2.2,18,2.763146867439402,-1.2570158604921051,0.0
2.2,19,3.5038988631343098,-1.345565669033215,0.0
2.2,20,-4.438819313166057,-0.42394358592303516,0.0
2.2,21,-3.636665477849512,-0.3528418310081761,0.0
2.2,22,-2.7176077151279605,-0.5163190171247359,0.0
2.2,23,-1.7589702618976633,-0.5055987981668318,0.0
2.2,24,-0.9180442732897178,-0.40640973657914403,0.0
2.2,25,0.08778859764818311,-0.39784045892966924,0.0
2.2,26,0.7903966704108356,-0.5093071279807084,0.0
2.2,27,1.8227798853827595,-0.4171547513669056,0.0
2.2,28,2.623111830908214,-0.42966465826228234,0.0
2.2,29,3.6320385164200553,-0.4159553014271469,0.0
2.2,30,-4.536069084799325,0.41677492254665155,0.0
2.2,31,-3.488954120084901,0.42084456428092515,0.0
2.2,32,-2.6125431782621753,0.3538066136774475,0.0
2.2,33,-1.8181459907831083,0.5116748728555505,0.0
2.2,34,-0.9062640875140087,0.42543542986785715,0.0
2.2,35,0.02179283425930964,0.4531141745555247,0.0
2.2,36,0.8968728844406563,0.5142517031557682,0.0
2.2,37,1.7546848636308454,0.4275490204630146,0.0
2.2,38,2.631263922411997,0.5015490477862192,0.0
2.2,39,3.6205225966765773,0.3682087727442501,0.0
2.2,40,-4.357446658056978,1.387286048842741,0.0
2.2,41,-3.5047801561556504,1.427301216003689,0.0
2.2,42,-2.5766405345861103,1.3580068437002681,0.0
2.2,43,-1.7626847910378578,1.2956634297424023,0.0
2.2,44,-0.9345725590025153,1.2696530624395763,0.0
2.2,45,-0.0924094904858682,1.2566950698383559,0.0
2.2,46,0.7983147402689166,1.4225998784811897,0.0
2.2,47,1.8379972700328036,1.309703333808546,0.0
2.2,48,2.5867221363628956,1.2560830543919546,0.0
2.2,49,3.6207792148334637,1.2584865314206024,0.0
2.3000000000000003,0,-4.49622068484658,-2.2478925350570758,0.0
2.3000000000000003,1,-3.619186880537336,-2.304046819377998,0.0
2.3000000000000003,2,-2.584649998932759,-2.243624103844171,0.0
2.3000000000000003,3,-1.713057569961062,-2.159645527669796,0.0
2.3000000000000003,4,-0.7894409280144594,-2.164142568414492,0.0
2.3000000000000003,5,-0.061449841095609053,-2.288584146340379,0.0
2.3000000000000003,6,0.9184008592466838,-2.1372949034606537,0.0
2.3000000000000003,7,1.685407850184344,-2.3003388703934062,0.0
2.3000000000000003,8,2.650030800903561,-2.279762282227596,0.0
2.3000000000000003,9,3.5592864292136985,-2.1549618980391037,0.0
2.3000000000000003,10,-4.347093283337347,-1.298175154352128,0.0
2.3000000000000003,11,-3.59907327634239,-1.3592174529809395,0.0
2.3000000000000003,12,-2.7167593328517667,-1.3904683247746985,0.0
2.3000000000000003,13,-1.6880366817519472,-1.366027746990496,0.0
2.3000000000000003,14,-0.8634623324991217,-1.2277399024509648,0.0
2.3000000000000003,15,0.03518046665956892,-1.3215905905256133,0.0
2.3000000000000003,16,0.8421987609504759,-1.281426657212834,0.0
2.3000000000000003,17,1.739065384790104,-1.3424840466589247,0.0
2.3000000000000003,18,2.5837642108480967,-1.4079561909924263,0.0
2.3000000000000003,19,3.6335636193594816,-1.3213916236683245,0.0
2.3000000000000003,20,-4.403665317117809,-0.47512084580411706,0.0
2.3000000000000003,21,-3.571942774485988,-0.5005329630901411,0.0
2.3000000000000003,22,-2.661080902029621,-0.5406078199276662,0.0
2.3000000000000003,23,-1.6899699957679333,-0.5000166008407744,0.0
2.3000000000000003,24,-0.9376039477079423,-0.5345167998085963,0.0
2.3000000000000003,25,-0.08614247325220231,-0.3840611269786003,0.0
2.3000000000000003,26,0.7962997151395504,-0.5272418908224588,0.0
2.3000000000000003,27,1.847042980305903,-0.5019685788241912,0.0
2.3000000000000003,28,2.5756497738030313,-0.36268922323789327,0.0
2.3000000000000003,29,3.464656648344635,-0.5027412889021363,0.0
2.3000000000000003,30,-4.392506585223212,0.4618172348584781,0.0
2.3000000000000003,31,-3.5814027536822626,0.40792315883465524,0.0
2.3000000000000003,32,-2.6658276769224614,0.4530361574983444,0.0
2.3000000000000003,33,-1.778370708822597,0.45286924771964027,0.0
2.3000000000000003,34,-0.8749768432071241,0.40802875762192176,0.0
2.3000000000000003,35,0.04563305295312714,0.4804446520356691,0.0
2.3000000000000003,36,0.9761857076113452,0.5312108420689841,0.0
2.3000000000000003,37,1.8554357080802872,0.41568475627088264,0.0
2.3000000000000003,38,2.6294651921554504,0.42657174150057997,0.0
2.3000000000000003,39,3.5997358574788363,0.43527151078091636,0.0
2.3000000000000003,40,-4.370120491753646,1.302504639884756,0.0
2.3000000000000003,41,-3.6281095263697627,1.378851046842841,0.0
2.3000000000000003,42,-2.657862544951486,1.2330275445187617,0.0
2.3000000000000003,43,-1.7672924748000682,1.3782346981650047,0.0
2.3000000000000003,44,-0.882661061845993,1.2344038925439262,0.0
2.3000000000000003,45,0.06746871027943802,1.2658827516983728,0.0
2.3000000000000003,46,0.8483888712273783,1.423659779081733,0.0
2.3000000000000003,47,1.7219560660204731,1.4007401593847295,0.0
2.3000000000000003,48,2.7272534480447783,1.3471585065311538,0.0
2.3000000000000003,49,3.530745750391208,1.3714536734440004,0.0
2.4000000000000004,0,-4.356488563903114,-2.2972484676152773,0.0
2.4000000000000004,1,-3.530567523450767,-2.243392211272603,0.0
2.4000000000000004,2,-2.5803073133479058,-2.111920929213015,0.0
2.4000000000000004,3,-1.8312234955907907,-2.137186198324844,0.0
2.4000000000000004,4,-0.8483094498438,-2.203244572162618,0.0
2.4000000000000004,5,-0.041978556934454694,-2.103244641356373,0.0
2.4000000000000004,6,0.8873804946372064,-2.1184429210487177,0.0
2.4000000000000004,7,1.7621027910527602,-2.239419811668836,0.0
2.4000000000000004,8,2.6146220922663472,-2.1269009398545866,0.0
2.4000000000000004,9,3.4354586767389224,-2.22146326680664,0.0
2.4000000000000004,10,-4.443853561344192,-1.300320102011262,0.0
2.4000000000000004,11,-3.5930395732352114,-1.3857067295845407,0.0
2.4000000000000004,12,-2.637524654662329,-1.271303269009674,0.0
2.4000000000000004,13,-1.7377035783092407,-1.2335202469575557,0.0
2.4000000000000004,14,-0.8187467113774431,-1.252612712916416,0.0
2.4000000000000004,15,0.09529527226560866,-1.2979543117309678,0.0
2.4000000000000004,16,0.939641185923821,-1.26801103395734,0.0
2.4000000000000004,17,1.8491897392942518,-1.3122134420629097,0.0
2.4000000000000004,18,2.628232205964862,-1.414960464789509,0.0
2.4000000000000004,19,3.4911972620582885,-1.394294498069743,0.0
2.4000000000000004,20,-4.438442274811044,-0.4189540019145026,0.0
2.4000000000000004,21,-3.4472741594838663,-0.43402621178571443,0.0
2.4000000000000004,22,-2.581644930274269,-0.37526781196132697,0.0
2.4000000000000004,23,-1.7889778697556111,-0.4617774403852851,0.0
2.4000000000000004,24,-0.9417004259074772,-0.42964395423166923,0.0
2.4000000000000004,25,-0.022555312786708498,-0.39110443428908825,0.0
2.4000000000000004,26,0.8110252163488285,-0.4594325248387154,0.0
2.4000000000000004,27,1.7061764613844066,-0.5152695973852712,0.0
2.4000000000000004,28,2.694981712279673,-0.5374779299798047,0.0
2.4000000000000004,29,3.6116986359685272,-0.5036630632126734,0.0
2.4000000000000004,30,-4.432671151390814,0.5187083907039289,0.0
2.4000000000000004,31,-3.5280498765212864,0.40577817345106093,0.0
2.4000000000000004,32,-2.697895759061568,0.5017631222337963,0.0
2.4000000000000004,33,-1.7577165956051817,0.48195873562816127,0.0
2.4000000000000004,34,-0.8865081841144313,0.5136549902733717,0.0
2.4000000000000004,35,-0.07454587745445472,0.44980320734809387,0.0
2.4000000000000004,36,0.8382166413764298,0.487727663002289,0.0
2.4000000000000004,37,1.7376370863340722,0.35480345448851164,0.0
2.4000000000000004,38,2.6981447346532144,0.45375035841276035,0.0
2.4000000000000004,39,3.5956165477994357,0.4044638875394993,0.0
2.4000000000000004,40,-4.379634066995641,1.2815801271043266,0.0
2.4000000000000004,41,-3.5779997794556637,1.3609346388960182,0.0
2.4000000000000004,42,-2.687907645611059,1.3756650626810825,0.0
2.4000000000000004,43,-1.7700285130718898,1.2982504929650716,0.0
2.4000000000000004,44,-0.9276593060549513,1.2328656369317499,0.0
2.4000000000000004,45,-0.0009154128946015083,1.3400676216608824,0.0
2.4000000000000004,46,0.8338948775305555,1.2390384232761757,0.0
2.4000000000000004,47,1.8556780329881286,1.3977708866520637,0.0
2.4000000000000004,48,2.7368790436829036,1.234593731913372,0.0
2.4000000000000004,49,3.4370230628525382,1.364111231638383,0.0
2.5,0,-4.442169080445933,-2.095219674297563,0.0
2.5,1,-3.591663303099089,-2.2647967175911936,0.0
2.5,2,-2.5311119720291755,-2.100573677024618,0.0
2.5,3,-1.7577979838448308,-2.171643136522967,0.0
2.5,4,-0.847869665171666,-2.190777739944623,0.0
2.5,5,-0.07528611599422373,-2.0994501892826682,0.0
2.5,6,0.8588797634439442,-2.1314210393919835,0.0
2.5,7,1.8348425965618358,-2.179747106900893,0.0
2.5,8,2.6732196278857456,-2.2861077319481944,0.0
2.5,9,3.488221481893623,-2.270430025795002,0.0
2.5,10,-4.426804368038349,-1.2933629433800746,0.0
2.5,11,-3.571360342583776,-1.3614659688572035,0.0
2.5,12,-2.546210873638003,-1.2221966709750398,0.0
2.5,13,-1.786089181653845,-1.3375074392990656,0.0
2.5,14,-0.9655439907521874,-1.3300328514568256,0.0
2.5,15,0.02471834747126038,-1.3525471836032195,0.0
2.5,16,0.9717820242419393,-1.2225945522229733,0.0
2.5,17,1.6518963759678662,-1.3383512769162464,0.0
2.5,18,2.5694043305032244,-1.2630321063210261,0.0
2.5,19,3.4074675017183758,-1.2147377372406305,0.0
2.5,20,-4.4358696430671625,-0.4707895817437182,0.0
2.5,21,-3.5139046078485996,-0.43136706055365936,0.0
2.5,22,-2.577701655348445,-0.40180422357580015,0.0
2.5,23,-1.7084069283516605,-0.4894925085673246,0.0
2.5,24,-0.9523236284822596,-0.3415738384315345,0.0
2.5,25,0.06917449085511126,-0.36551777082547193,0.0
2.5,26,0.9531934122691341,-0.42001260876684055,0.0
2.5,27,1.8291478261727832,-0.47076814446155113,0.0
2.5,28,2.53176184687296,-0.366579337777594,0.0
2.5,29,3.5916474452629674,-0.4647943665255165,0.0
2.5,30,-4.2972654904829595,0.49508041623937526,0.0
2.5,31,-3.5781806282612743,0.4346899924336556,0.0
2.5,32,-2.6236673805081145,0.47358115868712314,0.0
2.5,33,-1.6957839955940135,0.3752350914607987,0.0
2.5,34,-0.9567209505170813,0.3730455329422468,0.0
2.5,35,0.08874088802615271,0.41383903582587245,0.0
2.5,36,0.9498941725495502,0.3493259960012806,0.0
2.5,37,1.682162846167016,0.4964557021496131,0.0
2.5,38,2.6059149463055737,0.5259280604164838,0.0
2.5,39,3.529208486684736,0.34722885821328836,0.0
2.5,40,-4.352960591054539,1.3955753288050667,0.0
2.5,41,-3.5040712404317635,1.3049593628730807,0.0
2.5,42,-2.602642308468734,1.3827446488770085,0.0
2.5,43,-1.8035266559715908,1.2285986040317514,0.0
2.5,44,-0.8267282806958153,1.2487254484780983,0.0
2.5,45,-0.019329692289590875,1.352147107128557,0.0
2.5,46,0.8007361485689823,1.334641212019664,0.0
2.5,47,1.8318659871999645,1.3476543274422677,0.0
2.5,48,2.6631758340670504,1.2457912038734444,0.0
2.5,49,3.521533626925325,1.262155102938829,0.0
2.6,0,-4.427394383483972,-2.1987223716862583,0.0
2.6,1,-3.4266132735457764,-2.1673249217732393,0.0
2.6,2,-2.545817328367,-2.272994162800927,0.0
2.6,3,-1.6808130301179838,-2.117797112067972,0.0
2.6,4,-0.8087684127830601,-2.170268184860606,0.0
2.6,5,-0.04472714261351558,-2.1712268366050185,0.0
2.6,6,0.850621092952901,-2.248373156678953,0.0
2.6,7,1.7186189229691557,-2.1421861556641155,0.0
2.6,8,2.654656755025332,-2.127885571084516,0.0
2.6,9,3.443513984903499,-2.2551229929069008,0.0
2.6,10,-4.25038964489338,-1.328579031104434,0.0
2.6,11,-3.5352940125222805,-1.3594720680246863,0.0
2.6,12,-2.7031022807653193,-1.36786288624524,0.0
2.6,13,-1.6456878398399326,-1.2162492963366711,0.0
2.6,14,-0.7775589127608534,-1.291975236323214,0.0
2.6,15,0.0007961036387181819,-1.2611944312078853,0.0
2.6,16,0.8620575232744173,-1.3126430968292353,0.0
2.6,17,1.6926011166614445,-1.2303494714571293,0.0
2.6,18,2.6041954080187106,-1.249412136355394,0.0
2.6,19,3.3992503201146396,-1.3364643656502044,0.0
2.6,20,-4.2530132931108025,-0.530070509157507,0.0
2.6,21,-3.5757038027729378,-0.5273301970037881,0.0
2.6,22,-2.5866721009585136,-0.38727402322342985,0.0
2.6,23,-1.7470756561064817,-0.44749826010035476,0.0
2.6,24,-0.8508620891207579,-0.3750635124213994,0.0
2.6,25,0.009570650851096346,-0.3772892295158281,0.0
2.6,26,0.9545477408393922,-0.42844537149025363,0.0
2.6,27,1.7320003984855794,-0.41134538772642504,0.0
2.6,28,2.6302604296951655,-0.49566495779665704,0.0
2.6,29,3.5377265671494973,-0.366225949684416,0.0
2.6,30,-4.410480120237217,0.3498399598651109,0.0
2.6,31,-3.4822734576375822,0.48529001147488793,0.0
2.6,32,-2.6103395635614475,0.3879302185158597,0.0
2.6,33,-1.731405477135071,0.33816335298138217,0.0
2.6,34,-0.8929080209140933,0.5181387086503568,0.0
2.6,35,-0.08873445536831984,0.5191253022066941,0.0
2.6,36,0.957909816101628,0.3549709240631599,0.0
2.6,37,1.7348780520304852,0.47027500811642786,0.0
2.6,38,2.6794900363051033,0.5200553844245791,0.0
2.6,39,3.471061986990739,0.45776121110636114,0.0
2.6,40,-4.440039549538074,1.3307194232286228,0.0
2.6,41,-3.4940877235052663,1.3983927858396534,0.0
2.6,42,-2.609945720917036,1.351933408757832,0.0
2.6,43,-1.6694790324500088,1.3126123227935418,0.0
2.6,44,-0.8661881066715198,1.222449704671359,0.0
2.6,45,0.06339002233362248,1.3077171101499556,0.0
2.6,46,0.7784203211636944,1.4035091834275188,0.0
2.6,47,1.8295114437177311,1.2953214976594056,0.0
2.6,48,2.541715128790032,1.2367768583115555,0.0
2.6,49,3.424892135209343,1.375624663539281,0.0
2.7,0,-4.398525466577939,-2.251140481561138,0.0
2.7,1,-3.4389818417592464,-2.2498611734517273,0.0
2.7,2,-2.664191313601898,-2.2437266400445792,0.0
2.7,3,-1.7669269382356678,-2.239866303908605,0.0
2.7,4,-0.891876685343203,-2.0914436701992956,0.0
2.7,5,-0.06258110411847262,-2.1131389589826512,0.0
2.7,6,0.809101438588785,-2.1744428290532705,0.0
2.7,7,1.6399406237762728,-2.1050472617822433,0.0
2.7,8,2.6949274450413325,-2.211395168930122,0.0
2.7,9,3.3850533909836655,-2.1475813396110595,0.0
2.7,10,-4.289145473919648,-1.1977376160110995,0.0
2.7,11,-3.3885524514546232,-1.3913756526542398,0.0
2.7,12,-2.6724618158089517,-1.248850795310338,0.0
2.7,13,-1.6908901469395752,-1.2683950171322766,0.0
2.7,14,-0.8009926852106635,-1.2288040422140103,0.0
2.7,15,0.09645728603246354,-1.3568595664353598,0.0
2.7,16,0.7963818369834657,-1.335411743981986,0.0
2.7,17,1.7198628025321865,-1.2416004399874943,0.0
2.7,18,2.5967850449896055,-1.215657256781187,0.0
2.7,19,3.403572222430229,-1.2801321425280356,0.0
2.7,20,-4.278371953214165,-0.49111067710934975,0.0
2.7,21,-3.4949343361022085,-0.43023619022808773,0.0
2.7,22,-2.543213218691622,-0.4239034710442382,0.0
2.7,23,-1.6878257199727769,-0.41051485131094706,0.0
2.7,24,-0.9103975931500609,-0.49163422189179384,0.0
2.7,25,-0.09135758696561852,-0.5303677371914917,0.0
2.7,26,0.7925423790631104,-0.5189716992790325,0.0
2.7,27,1.6358359974577563,-0.4084928184463243,0.0
2.7,28,2.5606209017789063,-0.38034329019231744,0.0
2.7,29,3.5421420027996726,-0.45424287322020185,0.0
2.7,30,-4.259355491571711,0.38119301456124155,0.0
2.7,31,-3.422843386070064,0.3495721720314504,0.0
2.7,32,-2.6168018712732057,0.462160453131354,0.0
2.7,33,-1.8058347177889678,0.4103594483694907,0.0
2.7,34,-0.8144309059441289,0.4756858407299821,0.0
2.7,35,0.08298161078321217,0.4441082804642423,0.0
2.7,36,0.8682469626959299,0.3623038214390585,0.0
2.7,37,1.7189909035725348,0.38234432100565197,0.0
2.7,38,2.600752847231678,0.4391569953875439,0.0
2.7,39,3.4733213739840463,0.40861415287165304,0.0
2.7,40,-4.363240310767687,1.2567965633462197,0.0
2.7,41,-3.40063042548756,1.3750007364874461,0.0
2.7,42,-2.5615117604642266,1.3149984610401617,0.0
2.7,43,-1.725112997247978,1.3846375397135904,0.0
2.7,44,-0.789014773790728,1.3436689177257304,0.0
2.7,45,-0.05587556664845992,1.3883000501371108,0.0
2.7,46,0.8863203129205329,1.2705336984640958,0.0
2.7,47,1.725897520460477,1.2413137824763139,0.0
2.7,48,2.662862290718227,1.2914789289175999,0.0
2.7,49,3.473706380582962,1.2296282313659437,0.0
2.8000000000000003,0,-4.23619223943185,-2.210055602105621,0.0
2.8000000000000003,1,-3.428586349340083,-2.112567250910296,0.0
2.8000000000000003,2,-2.511728903285354,-2.1229347586100036,0.0
2.8000000000000003,3,-1.7942106141305323,-2.100447534134618,0.0
2.8000000000000003,4,-0.8774077383547831,-2.110409739420065,0.0
2.8000000000000003,5,-0.08972502158366587,-2.1748063506204103,0.0
2.8000000000000003,6,0.7795083069120297,-2.2285987458744776,0.0
2.8000000000000003,7,1.7594395170532091,-2.194878397936721,0.0
2.8000000000000003,8,2.5983229889147457,-2.2340524118871636,0.0
2.8000000000000003,9,3.534654559053445,-2.161388118113283,0.0
2.8000000000000003,10,-4.297182225335539,-1.2429166414978905,0.0
2.8000000000000003,11,-3.484283955114022,-1.190067193013373,0.0
2.8000000000000003,12,-2.6152603958845946,-1.3079083145466355,0.0
2.8000000000000003,13,-1.748551910445749,-1.3097679687601567,0.0
2.8000000000000003,14,-0.7762138523293963,-1.3112938830411578,0.0
2.8000000000000003,15,-0.019456477927010773,-1.313816536062543,0.0
2.8000000000000003,16,0.953499252967987,-1.2919633572162368,0.0
2.8000000000000003,17,1.8094298720295554,-1.2895567873845013,0.0
2.8000000000000003,18,2.5294836790579414,-1.2384722107669708,0.0
2.8000000000000003,19,3.4484944728869613,-1.3554001218974197,0.0
2.8000000000000003,20,-4.362859269513595,-0.35710612482805526,0.0
2.8000000000000003,21,-3.3418580121684296,-0.5055864491076618,0.0
2.8000000000000003,22,-2.614961873133704,-0.3480887136676073,0.0
2.8000000000000003,23,-1.708539404496019,-0.39192997581146605,0.0
2.8000000000000003,24,-0.812085928232945,-0.4456040109301979,0.0
2.8000000000000003,25,-0.045996493650770236,-0.5294567867201028,0.0
2.8000000000000003,26,0.7904218953238668,-0.38911052737161766,0.0
2.8000000000000003,27,1.731446037686437,-0.4234349857532266,0.0
2.8000000000000003,28,2.646857122285778,-0.5137838768920621,0.0
2.8000000000000003,29,3.499776095901386,-0.3638727471434867,0.0
2.8000000000000003,30,-4.334333982910655,0.4322532034438808,0.0
2.8000000000000003,31,-3.436734573896732,0.48205990137909305,0.0
2.8000000000000003,32,-2.581783685224629,0.4126629170135715,0.0
2.8000000000000003,33,-1.7419441813330023,0.4089927950736989,0.0
2.8000000000000003,34,-0.7657441881180924,0.4156743026256411,0.0
2.8000000000000003,35,0.008895643970499578,0.4345174969683353,0.0
2.8000000000000003,36,0.9584512898447972,0.45431092926892314,0.0
2.8000000000000003,37,1.706063439674783,0.38945081279873683,0.0
2.8000000000000003,38,2.5101740000219745,0.4486915804361804,0.0
2.8000000000000003,39,3.503273431780802,0.4134711663963059,0.0
2.8000000000000003,40,-4.290416356012318,1.3244678813449815,0.0
2.8000000000000003,41,-3.393340318662339,1.3492201726472561,0.0
2.8000000000000003,42,-2.5304829485571663,1.221393975016504,0.0
2.8000000000000003,43,-1.7499140977470775,1.307342996242121,0.0
2.8000000000000003,44,-0.9562334842590139,1.3750179813276189,0.0
2.8000000000000003,45,0.010289252352609843,1.3470317841066346,0.0
2.8000000000000003,46,0.9021487958409109,1.3507643821759168,0.0
2.8000000000000003,47,1.638188959946696,1.3753281170152092,0.0
2.8000000000000003,48,2.671771571033489,1.3118925311316825,0.0
2.8000000000000003,49,3.4756165002087474,1.2873315856832983,0.0
2.9000000000000004,0,-4.2110309741262775,-2.21238179654481,0.0
2.9000000000000004,1,-3.449194335549992,-2.0947394257486427,0.0
2.9000000000000004,2,-2.474334125955797,-2.1946856662578025,0.0
2.9000000000000004,3,-1.7528067595413868,-2.1407918799288725,0.0
2.9000000000000004,4,-0.8207477926628757,-2.0491073631544983,0.0
2.9000000000000004,5,0.08686803948652305,-2.062950519639536,0.0
2.9000000000000004,6,0.7881156466444106,-2.0997518386812906,0.0
2.9000000000000004,7,1.7561446955463473,-2.142189013161617,0.0
2.9000000000000004,8,2.615903136907434,-2.115932310665044,0.0
2.9000000000000004,9,3.484999948358523,-2.090220050886925,0.0
2.9000000000000004,10,-4.3051879356591405,-1.22308889224902,0.0
2.9000000000000004,11,-3.515731785631873,-1.313772345324988,0.0
2.9000000000000004,12,-2.569550827783954,-1.3254793298835255,0.0
2.9000000000000004,13,-1.7835816011764705,-1.2375969062317314,0.0
2.9000000000000004,14,-0.8419492115827237,-1.2447303308084685,0.0
2.9000000000000004,15,-0.020280573006261432,-1.2433742611932743,0.0
2.9000000000000004,16,0.7594390613845474,-1.3464889091265522,0.0
2.9000000000000004,17,1.6710867633020383,-1.3598073180923347,0.0
2.9000000000000004,18,2.6597551763965015,-1.2367795978205818,0.0
2.9000000000000004,19,3.463414659545491,-1.1972187009126152,0.0
2.9000000000000004,20,-4.338097057169315,-0.4219174047494557,0.0
2.9000000000000004,21,-3.362556746196896,-0.334498749296587,0.0
2.9000000000000004,22,-2.4828452618208057,-0.42754185900798786,0.0
2.9000000000000004,23,-1.7193937680106224,-0.43784683718634837,0.0
2.9000000000000004,24,-0.8141925618380963,-0.35511740633533284,0.0
2.9000000000000004,25,0.019470212687855065,-0.4526998227945542,0.0
2.9000000000000004,26,0.7702592094061876,-0.4851278435336841,0.0
2.9000000000000004,27,1.6855124427613042,-0.39489862892761146,0.0
2.9000000000000004,28,2.473927562217414,-0.42356452538243194,0.0
2.9000000000000004,29,3.4074367964688066,-0.3973873912109526,0.0
2.9000000000000004,30,-4.283289267833297,0.4937870220371814,0.0
2.9000000000000004,31,-3.5123929447203515,0.4499480531207792,0.0
2.9000000000000004,32,-2.6619019073388173,0.41552125297139714,0.0
2.9000000000000004,33,-1.7923058589368788,0.4885148426711448,0.0
2.9000000000000004,34,-0.8706192327896956,0.39484535753525873,0.0
2.9000000000000004,35,0.06047429477750885,0.49272677677996457,0.0
2.9000000000000004,36,0.9026655322350114,0.38934578996259783,0.0
2.9000000000000004,37,1.6828865102192818,0.4371283359171304,0.0
2.9000000000000004,38,2.501219867003437,0.3931278291538339,0.0
2.9000000000000004,39,3.341170712439457,0.37514531532065143,0.0
2.9000000000000004,40,-4.273996684234794,1.223995872968009,0.0
2.9000000000000004,41,-3.5010399741110216,1.2330018903646347,0.0
2.9000000000000004,42,-2.505445357839569,1.3130413724356373,0.0
2.9000000000000004,43,-1.6836843281165148,1.304697145109492,0.0
2.9000000000000004,44,-0.9131958334796371,1.2239345921208864,0.0
2.9000000000000004,45,-0.06966902540576705,1.2307464898630434,0.0
2.9000000000000004,46,0.9408671346837056,1.267720195280297,0.0
2.9000000000000004,47,1.6747273791240553,1.346789914907294,0.0
2.9000000000000004,48,2.560040823527685,1.372831637452545,0.0
2.9000000000000004,49,3.4497120085962587,1.1835883689346596,0.0
3.0,0,-4.223834653891161,-2.1133164035715435,0.0
3.0,1,-3.357697745355041,-2.191393224095903,0.0
3.0,2,-2.458848612838604,-2.1059076451953613,0.0
3.0,3,-1.7178836563601827,-2.087301258555447,0.0
3.0,4,-0.788866592491855,-2.11564796794207,0.0
3.0,5,0.03777091155501472,-2.080504659863967,0.0
3.0,6,0.7612931627153239,-2.0484029069348035,0.0
3.0,7,1.7669012531557575,-2.2097368851039345,0.0
3.0,8,2.5562912568812055,-2.1401424758790886,0.0
3.0,9,3.3771033068047354,-2.0505448012967467,0.0
3.0,10,-4.270783022742404,-1.2316826392209832,0.0
3.0,11,-3.3989665585268924,-1.1947826308084477,0.0
3.0,12,-2.6257363878559765,-1.1827351024807922,0.0
3.0,13,-1.7296233392411884,-1.3612269146384808,0.0
3.0,14,-0.7883585471895498,-1.2325375116176862,0.0
3.0,15,0.025066707628991075,-1.3409952038255206,0.0
3.0,16,0.9469103452859267,-1.2271659691753747,0.0
3.0,17,1.6787204506220255,-1.235529412051646,0.0
3.0,18,2.539997772029569,-1.2499319930388968,0.0
3.0,19,3.390882880173045,-1.3132195451646145,0.0
3.0,20,-4.206261815802298,-0.34963440017705916,0.0
3.0,21,-3.4233580352958013,-0.3645491802248577,0.0
3.0,22,-2.5370096978275463,-0.4492996041909304,0.0
3.0,23,-1.6611702007268387,-0.5236771592183588,0.0
3.0,24,-0.8177026072612273,-0.46265630441275407,0.0
3.0,25,-0.0915070062304259,-0.35879375263909263,0.0
3.0,26,0.7808070400860838,-0.3822657986467767,0.0
3.0,27,1.7767501687662492,-0.509433209143043,0.0
3.0,28,2.6121297409832183,-0.34626515369524136,0.0
3.0,29,3.398530794131545,-0.349737608331525,0.0
3.0,30,-4.197533798967336,0.3892422117795564,0.0
3.0,31,-3.443582140138057,0.3855365231510292,0.0
3.0,32,-2.517083999276016,0.4700737946666711,0.0
3.0,33,-1.672791063801731,0.44040011917722377,0.0
3.0,34,-0.7527052406897633,0.4639993127551987,0.0
3.0,35,-0.030910794377657314,0.4584680512167352,0.0
3.0,36,0.942874838541021,0.437900180162801,0.0
3.0,37,1.6996952297137333,0.49494927780804077,0.0
3.0,38,2.6330005603551525,0.4036287429472228,0.0
3.0,39,3.4345094591758665,0.42277193893354315,0.0
3.0,40,-4.309669282466422,1.3607158484061221,0.0
3.0,41,-3.387380839597344,1.3424590146120026,0.0
3.0,42,-2.5621117397870257,1.2692322543024996,0.0
3.0,43,-1.6231229345711575,1.2277964499298135,0.0
3.0,44,-0.9021963567335942,1.2856151127487332,0.0
3.0,45,-0.05795345160670451,1.3361457227232494,0.0
3.0,46,0.9381479733329204,1.2215835415333278,0.0
3.0,47,1.7615262599156005,1.1870212384005248,0.0
3.0,48,2.576570658632347,1.2455963566521544,0.0
3.0,49,3.4749945473236252,1.2508713013803496,0.0
3.1,0,-4.228353164239586,-2.0945184841986992,0.0
3.1,1,-3.4238202098302866,-2.0885309622545183,0.0
3.1,2,-2.6075523267583685,-2.1566972459380946,0.0
3.1,3,-1.7643193758624174,-2.0377731436515134,0.0
3.1,4,-0.8782967598032214,-2.124634877893492,0.0
3.1,5,0.01869297860526531,-2.1545816586639206,0.0
3.1,6,0.7589224920625739,-2.0565519935432444,0.0
3.1,7,1.5987401859983452,-2.0659001617428046,0.0
3.1,8,2.4872749676695074,-2.1992758015923757,0.0
3.1,9,3.3971175188846945,-2.2037239184243997,0.0
3.1,10,-4.197201260789664,-1.2466066412435224,0.0
3.1,11,-3.2948335849202794,-1.2644453586354003,0.0
3.1,12,-2.6003631948120627,-1.2296615174192511,0.0
3.1,13,-1.6689123880109538,-1.2151017662002095,0.0
3.1,14,-0.8577731510326663,-1.1826609714026801,0.0
3.1,15,0.004193107319480888,-1.30782201522194,0.0
3.1,16,0.92622023213928,-1.2342206290875166,0.0
3.1,17,1.6412164445510238,-1.1790656706895808,0.0
3.1,18,2.5762395454808846,-1.2636067452787267,0.0
3.1,19,3.4576032477797094,-1.3548963142370756,0.0
3.1,20,-4.233737414066713,-0.5179206584997177,0.0
3.1,21,-3.4524324764297076,-0.45933890734873545,0.0
3.1,22,-2.4439821125018053,-0.35008232320027577,0.0
3.1,23,-1.786486257861228,-0.4881112991707149,0.0
3.1,24,-0.7959876099385095,-0.5042783711438146,0.0
3.1,25,0.01617181332465037,-0.3491339484733855,0.0
3.1,26,0.8286423116534403,-0.3558357796838769,0.0
3.1,27,1.6438511088437433,-0.419542741894837,0.0
3.1,28,2.4894934924591614,-0.468681738793542,0.0
3.1,29,3.4349337875172923,-0.47235164510018407,0.0
3.1,30,-4.153764313666299,0.4696494685915861,0.0
3.1,31,-3.467173367740748,0.4964768795494978,0.0
3.1,32,-2.5206579996002207,0.38866134723568085,0.0
3.1,33,-1.739921720410749,0.3537421271470953,0.0
3.1,34,-0.809797362306921,0.48591579770402527,0.0
3.1,35,0.02662418989332105,0.4319821921748336,0.0
3.1,36,0.8522677611825829,0.3675447144747572,0.0
3.1,37,1.7862669176438288,0.4047216762881638,0.0
3.1,38,2.4865310757312384,0.359898099292735,0.0
3.1,39,3.3039753344041647,0.32811452293070675,0.0
3.1,40,-4.1667650312924565,1.2749348949538284,0.0
3.1,41,-3.3804997529897913,1.1939989856387025,0.0
3.1,42,-2.6304085946601603,1.3511198758943523,0.0
3.1,43,-1.697940915917772,1.3278066136307423,0.0
3.1,44,-0.9291735069355669,1.1841034646073467,0.0
3.1,45,-0.09168646241327785,1.34609087296584,0.0
3.1,46,0.8742801062925695,1.1975680765592114,0.0
3.1,47,1.624285144711386,1.2554826343926917,0.0
3.1,48,2.6244166650585714,1.3240922481326263,0.0
3.1,49,3.4008434221624353,1.3566710682150145,0.0
3.2,0,-4.246667744047114,-2.155999814020272,0.0
3.2,1,-3.4547874720811635,-2.140137688260062,0.0
3.2,2,-2.60311176864057,-2.0018326059757583,0.0
3.2,3,-1.621757700113537,-2.063701337423847,0.0
3.2,4,-0.7510762730925095,-2.1976406966580644,0.0
3.2,5,-0.061107053089925194,-2.0338876074778818,0.0
3.2,6,0.7723964684575978,-2.1171832405912117,0.0
3.2,7,1.7581706195406155,-2.088764624062997,0.0
3.2,8,2.5169269408603343,-2.15176850275988,0.0
3.2,9,3.327109460773342,-2.1093274339471755,0.0
3.2,10,-4.199826886896067,-1.3163598034806967,0.0
3.2,11,-3.454347835152719,-1.2317978971687147,0.0
3.2,12,-2.4245061859557206,-1.170640811398144,0.0
3.2,13,-1.6903191584447266,-1.197110712224083,0.0
3.2,14,-0.8576016750327862,-1.3373689621366696,0.0
3.2,15,0.050943571931538145,-1.1726076577777693,0.0
3.2,16,0.9193144398129514,-1.3534735237089057,0.0
3.2,17,1.7028219998878547,-1.174582474069083,0.0
3.2,18,2.5120512370517276,-1.2420292449560895,0.0
3.2,19,3.2952641847236057,-1.3345284768496675,0.0
3.2,20,-4.221996501047525,-0.4760828267666057,0.0
3.2,21,-3.459104576147677,-0.39469144983109095,0.0
3.2,22,-2.539942481905751,-0.33586651139408075,0.0
3.2,23,-1.6776370922003905,-0.38209668072724245,0.0
3.2,24,-0.8595891735219571,-0.46451975362582004,0.0
3.2,25,-0.08303179300719882,-0.43592882497823626,0.0
3.2,26,0.7722732102669532,-0.3864120033143977,0.0
3.2,27,1.7612959871604403,-0.38664008881651324,0.0
3.2,28,2.584200352088282,-0.39269656639361705,0.0
3.2,29,3.3260679453068676,-0.44726254407852595,0.0
3.2,30,-4.289767791345021,0.3240174122409583,0.0
3.2,31,-3.2639174863054174,0.49124620212760894,0.0
3.2,32,-2.462374874224165,0.5110777987884347,0.0
3.2,33,-1.7467336899283223,0.36973464818869184,0.0
3.2,34,-0.8921704853656236,0.40299187914139445,0.0
3.2,35,-0.0561004200457359,0.4474578736512375,0.0
3.2,36,0.9323114028244414,0.4033454063133741,0.0
3.2,37,1.6244374616181676,0.5139493226854528,0.0
3.2,38,2.5588368070661667,0.3649318901878319,0.0
3.2,39,3.418331905530837,0.3554406225559492,0.0
3.2,40,-4.155416226809144,1.2673578685291271,0.0
3.2,41,-3.4388243475187292,1.193190053756535,0.0
3.2,42,-2.500005764994157,1.2136035314888782,0.0
3.2,43,-1.6078917583296972,1.2502259843100536,0.0
3.2,44,-0.8434134163223778,1.2680877518121976,0.0
3.2,45,0.06920168629032766,1.2997656964296296,0.0
3.2,46,0.9044475056145898,1.224018745764045,0.0
3.2,47,1.6618198170419636,1.2505539863328683,0.0
3.2,48,2.588558545674009,1.236193587478265,0.0
3.2,49,3.455619925788884,1.3003774580683358,0.0
3.3000000000000003,0,-4.231236327583357,-2.0306394493657347,0.0
3.3000000000000003,1,-3.4347628290071306,-1.9998642638111797,0.0
3.3000000000000003,2,-2.448971023180636,-2.00571006219364,0.0
3.3000000000000003,3,-1.7061189404360815,-2.1284785989787856,0.0
3.3000000000000003,4,-0.769690804142539,-2.1364861642962567,0.0
3.3000000000000003,5,-0.09532829037366751,-2.1455475159413724,0.0
3.3000000000000003,6,0.7468717206666291,-2.0394792569258815,0.0
3.3000000000000003,7,1.6254431534655565,-2.1769805086644594,0.0
3.3000000000000003,8,2.585233039276284,-2.0981092191637574,0.0
3.3000000000000003,9,3.4089090072612422,-2.000119463424272,0.0
3.3000000000000003,10,-4.211604793159064,-1.3282276331531475,0.0
3.3000000000000003,11,-3.2876695448389524,-1.2009460443900377,0.0
3.3000000000000003,12,-2.5040847720350685,-1.1781160030881177,0.0
3.3000000000000003,13,-1.6680539891809676,-1.3024161240467393,0.0
3.3000000000000003,14,-0.907451022241756,-1.2376206426685061,0.0
3.3000000000000003,15,0.0021219168426444696,-1.2420508941611623,0.0
3.3000000000000003,16,0.8838256164821087,-1.2411186794355917,0.0
3.3000000000000003,17,1.5933076026559336,-1.1971627226891737,0.0
3.3000000000000003,18,2.478298205612887,-1.2643905790174899,0.0
3.3000000000000003,19,3.2685781807945506,-1.2377485758043898,0.0
3.3000000000000003,20,-4.102023733504656,-0.43245899461630977,0.0
3.3000000000000003,21,-3.3588862275133833,-0.3251357290706851,0.0
3.3000000000000003,22,-2.422172599483336,-0.49870108896118315,0.0
3.3000000000000003,23,-1.7024735587171833,-0.3270946012889341,0.0
3.3000000000000003,24,-0.8760905815522408,-0.41544403078591075,0.0
3.3000000000000003,25,0.026165437664603497,-0.4479916891990122,0.0
3.3000000000000003,26,0.8033784767092808,-0.36605445360984423,0.0
3.3000000000000003,27,1.6544486856395666,-0.33384257284666286,0.0
3.3000000000000003,28,2.5694564227418946,-0.35380710950570426,0.0
3.3000000000000003,29,3.309365047310294,-0.5098805836544158,0.0
3.3000000000000003,30,-4.095645286759829,0.3514870713400812,0.0
3.3000000000000003,31,-3.2645362497187533,0.46155936901274364,0.0
3.3000000000000003,32,-2.4574524429066016,0.4572092704038617,0.0
3.3000000000000003,33,-1.660741978318763,0.3439547422067888,0.0
3.3000000000000003,34,-0.9193095053291014,0.4716619459487241,0.0
3.3000000000000003,35,0.021107095533615852,0.42860753062717827,0.0
3.3000000000000003,36,0.7601787810257481,0.34716339508568056,0.0
3.3000000000000003,37,1.7047022657638908,0.37446668421564283,0.0
3.3000000000000003,38,2.470403706817221,0.35634923702916255,0.0
3.3000000000000003,39,3.364030027860408,0.3654936864188558,0.0
3.3000000000000003,40,-4.076755103028864,1.1851618986143897,0.0
3.3000000000000003,41,-3.3504920168729426,1.251484189866929,0.0
3.3000000000000003,42,-2.4474411075449662,1.16223608268309,0.0
3.3000000000000003,43,-1.710604334275828,1.29906199381773,0.0
3.3000000000000003,44,-0.8959775853138163,1.254012629314192,0.0
3.3000000000000003,45,-0.0077439626763590175,1.2232325428017297,0.0
3.3000000000000003,46,0.8601815430601439,1.2902047341665446,0.0
3.3000000000000003,47,1.6257138906460766,1.2233189963790323,0.0
3.3000000000000003,48,2.560442071917977,1.241776869345724,0.0
3.3000000000000003,49,3.419334126726742,1.254809234811427,0.0
3.4000000000000004,0,-4.17515097965097,-2.1275792044241784,0.0
3.4000000000000004,1,-3.391199262609444,-2.1620591481374607,0.0
3.4000000000000004,2,-2.5298762736199008,-1.9815014025348305,0.0
3.4000000000000004,3,-1.5869527343246541,-2.130596747043003,0.0
3.4000000000000004,4,-0.9106624339377901,-2.15721624346832,0.0
3.4000000000000004,5,0.004675577390089322,-2.089410463599344,0.0
3.4000000000000004,6,0.8283070889836528,-2.094319769186389,0.0
3.4000000000000004,7,1.608346594520505,-2.0480302244341435,0.0
3.4000000000000004,8,2.5359733902286568,-1.9871995178764839,0.0
3.4000000000000004,9,3.2927348212647676,-2.13732305396586,0.0
3.4000000000000004,10,-4.239403886704576,-1.3375496839194376,0.0
3.4000000000000004,11,-3.239884814192922,-1.20857365885138,0.0
3.4000000000000004,12,-2.452766743418414,-1.2628341738092876,0.0
3.4000000000000004,13,-1.7315101802603106,-1.227504725124838,0.0
3.4000000000000004,14,-0.8947361546689434,-1.1961639862281148,0.0
3.4000000000000004,15,0.018417406819385307,-1.1500944534098143,0.0
3.4000000000000004,16,0.82548028362254,-1.1862936713967507,0.0
3.4000000000000004,17,1.718207127799973,-1.2979276616067044,0.0
3.4000000000000004,18,2.390786418640946,-1.161675035611716,0.0
3.4000000000000004,19,3.2510435206481594,-1.3216643090024438,0.0
3.4000000000000004,20,-4.239047024892478,-0.4343511197630816,0.0
3.4000000000000004,21,-3.383802702454664,-0.460267204955604,0.0
3.4000000000000004,22,-2.5562059331391658,-0.44149706631547475,0.0
3.4000000000000004,23,-1.5685241066652957,-0.32882654171115655,0.0
3.4000000000000004,24,-0.8607838753758509,-0.3969460912096695,0.0
3.4000000000000004,25,0.04881213142716506,-0.3652846886942892,0.0
3.4000000000000004,26,0.8136184325667822,-0.3195797802916677,0.0
3.4000000000000004,27,1.6282062686686387,-0.4525849038532387,0.0
3.4000000000000004,28,2.4534422526075734,-0.5034007662812844,0.0
3.4000000000000004,29,3.3625839206598034,-0.5059740738988614,0.0
3.4000000000000004,30,-4.207589210373264,0.47590338991569947,0.0
3.4000000000000004,31,-3.254225649622824,0.4801633320507772,0.0
3.4000000000000004,32,-2.4131251280378847,0.38459386440436893,0.0
3.4000000000000004,33,-1.7549366418180492,0.49910844910615354,0.0
3.4000000000000004,34,-0.7517847577061325,0.3984804720040417,0.0
3.4000000000000004,35,-0.025865591590757436,0.4560448114087308,0.0
3.4000000000000004,36,0.7778731733693355,0.3991651950210497,0.0
3.4000000000000004,37,1.5877590729660922,0.5110312789620534,0.0
3.4000000000000004,38,2.4339528772653596,0.36515826971249654,0.0
3.4000000000000004,39,3.4075154791771016,0.3584492057366421,0.0
3.4000000000000004,40,-4.09752221461732,1.215350474947199,0.0
3.4000000000000004,41,-3.3087099942894453,1.2445806907441532,0.0
3.4000000000000004,42,-2.4081173218339726,1.225064180802791,0.0
3.4000000000000004,43,-1.5968681188836518,1.2505380066525291,0.0
3.4000000000000004,44,-0.9230272013619653,1.1490769074531206,0.0
3.4000000000000004,45,0.0644483811003364,1.2706262531456134,0.0
3.4000000000000004,46,0.9162134522568712,1.2578294077847327,0.0
3.4000000000000004,47,1.66514135856326,1.2902477234007175,0.0
3.4000000000000004,48,2.4858537617151906,1.2766429124724188,0.0
3.4000000000000004,49,3.3620047677237554,1.3174824160582186,0.0
3.5,0,-4.162114312459157,-2.151737694916215,0.0
3.5,1,-3.268601427078562,-2.078472515906861,0.0
3.5,2,-2.383565794314331,-2.0143671085049593,0.0
3.5,3,-1.6622027096144645,-2.0150333732484578,0.0
3.5,4,-0.8825183550775236,-2.052679926433311,0.0
3.5,5,0.07233014631372758,-2.101975205799889,0.0
3.5,6,0.786774859654539,-2.146713585058414,0.0
3.5,7,1.6843884898112418,-2.123427629000269,0.0
3.5,8,2.39259829571502,-1.9669080933227154,0.0
3.5,9,3.3624325938049213,-2.121186328425246,0.0
3.5,10,-4.095520346531421,-1.2356468500606168,0.0
3.5,11,-3.2374176253132507,-1.2052801833772468,0.0
3.5,12,-2.571207582223469,-1.2646157549556745,0.0
3.5,13,-1.6814897966042155,-1.2065077793234553,0.0
3.5,14,-0.8927888625574628,-1.2082314211492144,0.0
3.5,15,-0.0640239817403215,-1.3163471421031605,0.0
3.5,16,0.815410862723134,-1.2243307237363552,0.0
3.5,17,1.5611541608356687,-1.1612227448608363,0.0
3.5,18,2.5097163823818973,-1.330667339376871,0.0
3.5,19,3.3829647516780463,-1.1927934632983968,0.0
3.5,20,-4.157189175862119,-0.40369568663832034,0.0
3.5,21,-3.28382554387531,-0.4140251946099178,0.0
3.5,22,-2.5602107454275713,-0.3261057432813814,0.0
3.5,23,-1.5614947223570605,-0.44071387916960786,0.0
3.5,24,-0.7442107054822448,-0.4600490526760612,0.0
3.5,25,-0.0551249452219813,-0.39271246728021164,0.0
3.5,26,0.8679486928420689,-0.4352330782451235,0.0
3.5,27,1.628634234595319,-0.41840790713999165,0.0
3.5,28,2.5398236131244696,-0.3757556523632987,0.0
3.5,29,3.333847818738778,-0.4519500032008316,0.0
3.5,30,-4.172774695358523,0.48913961948596835,0.0
3.5,31,-3.3464516482726427,0.43471039047360327,0.0
3.5,32,-2.4856082302464744,0.3279827745920781,0.0
3.5,33,-1.6941766093463435,0.3537375836489204,0.0
3.5,34,-0.8059431131675077,0.3382171613111761,0.0
3.5,35,0.06664675429013273,0.41171783246596455,0.0
3.5,36,0.8369750490483252,0.34213676563232215,0.0
3.5,37,1.6191469378714838,0.41814589402701524,0.0
3.5,38,2.3761456726488754,0.4296068588137323,0.0
3.5,39,3.3531867350134332,0.45082924451132744,0.0
3.5,40,-4.19796384615923,1.1950200603008687,0.0
3.5,41,-3.2557616668206943,1.2328295023595017,0.0
3.5,42,-2.5040055408968245,1.2173781414859897,0.0
3.5,43,-1.5817523703966974,1.188235850553533,0.0
3.5,44,-0.7330056462062022,1.2775152095686795,0.0
3.5,45,-0.009497446903541484,1.1636258864411484,0.0
3.5,46,0.8676744788062465,1.1674951310312371,0.0
3.5,47,1.6113612680788663,1.206505514390208,0.0
3.5,48,2.3823382386055605,1.322488445650757,0.0
3.5,49,3.330396080000811,1.3080799059130137,0.0
3.6,0,-4.103961512403291,-2.054645318673923,0.0
3.6,1,-3.1839147801905057,-2.013272447979888,0.0
3.6,2,-2.422377168743234,-2.1243554772527813,0.0
3.6,3,-1.5887787663344461,-2.020025308922318,0.0
3.6,4,-0.8784866611962111,-1.9527676167739834,0.0
3.6,5,0.07934092855553052,-1.9530633682883278,0.0
3.6,6,0.8798981164981948,-2.0291240797685175,0.0
3.6,7,1.632148676619749,-2.1475312048838004,0.0
3.6,8,2.4321999747891048,-2.0994535006048216,0.0
3.6,9,3.240871945228869,-1.9757957156402828,0.0
3.6,10,-4.040713739965145,-1.2882991317469095,0.0
3.6,11,-3.2146003697124783,-1.288104417336869,0.0
3.6,12,-2.5149310903565514,-1.1514169444995639,0.0
3.6,13,-1.5469270108625885,-1.3175065633322045,0.0
3.6,14,-0.7394995551720702,-1.165338939735026,0.0
3.6,15,-0.03152799618641114,-1.2367288166470674,0.0
3.6,16,0.7522889595586346,-1.2901181750245365,0.0
3.6,17,1.603138028835036,-1.2613677306209181,0.0
3.6,18,2.5096508087839227,-1.2867774096713527,0.0
3.6,19,3.232910304222673,-1.2608663845381325,0.0
3.6,20,-4.113866920886416,-0.33842220470915574,0.0
3.6,21,-3.1894581691819246,-0.39577284493405346,0.0
3.6,22,-2.403126842323012,-0.41669682653509094,0.0
3.6,23,-1.5927400386584514,-0.4994599811567574,0.0
3.6,24,-0.8644175493014382,-0.40645093745425376,0.0
3.6,25,-0.07152458742638433,-0.4959519399333023,0.0
3.6,26,0.8120238027126052,-0.5044880892578276,0.0
3.6,27,1.6910482307778438,-0.4142132610142557,0.0
3.6,28,2.3664237279289044,-0.3123459019638286,0.0
3.6,29,3.2425563117255845,-0.4252153044640762,0.0
3.6,30,-4.1609343276726065,0.3722002166160582,0.0
3.6,31,-3.1957940459850867,0.46476153013598864,0.0
3.6,32,-2.4395005664193636,0.3199525812512534,0.0
3.6,33,-1.6384315643458554,0.32009976153813263,0.0
3.6,34,-0.9142203284537607,0.4546697531811881,0.0
3.6,35,-0.03444489932630933,0.32010937077726187,0.0
3.6,36,0.8420296433532151,0.4954833909877745,0.0
3.6,37,1.577962984222494,0.5034294685808084,0.0
3.6,38,2.5367874248866658,0.4864519473962197,0.0
3.6,39,3.242775333630025,0.33839092843880836,0.0
3.6,40,-4.130203026699803,1.3251265787598006,0.0
3.6,41,-3.2498931626220684,1.1413450488228583,0.0
3.6,42,-2.4212934236867047,1.2477214053108003,0.0
3.6,43,-1.7263335653756504,1.1508107663484655,0.0
3.6,44,-0.865250350343645,1.2623207757834365,0.0
3.6,45,-0.013425417173236379,1.2415345362646744,0.0
3.6,46,0.7471112939657496,1.2884221253746986,0.0
3.6,47,1.61094850467923,1.1827808141074683,0.0
3.6,48,2.4659878537202227,1.2459621171802393,0.0
3.6,49,3.2181846218195362,1.1506664426778705,0.0
3.7,0,-4.15524806646692,-2.0276140586142155,0.0
3.7,1,-3.3029083056131663,-2.131523704390821,0.0
3.7,2,-2.485930719792338,-2.068913565475947,0.0
3.7,3,-1.680444689750915,-2.0804608157423843,0.0
3.7,4,-0.8963972707463456,-2.078777375531467,0.0
3.7,5,-0.07885630617505518,-2.0746614802500987,0.0
3.7,6,0.8700403082572374,-1.9896326223249883,0.0
3.7,7,1.7145739599076852,-2.0811893481255823,0.0
3.7,8,2.370911548752325,-2.0594177490665166,0.0
3.7,9,3.214302580735019,-2.0667941965950205,0.0
3.7,10,-4.030317729569075,-1.1512797130823442,0.0
3.7,11,-3.2503320946967458,-1.1481752054790617,0.0
3.7,12,-2.4890443717011506,-1.214129316752003,0.0
3.7,13,-1.658978152327276,-1.2879376105388634,0.0
3.7,14,-0.8252950346508178,-1.1373362829575833,0.0
3.7,15,0.09877475848371162,-1.1290294293706713,0.0
3.7,16,0.8502036613856994,-1.2414021317769481,0.0
3.7,17,1.683897482847656,-1.245609755610851,0.0
3.7,18,2.398712142156976,-1.1268112467117635,0.0
3.7,19,3.2917513910513794,-1.2345891233535817,0.0
3.7,20,-4.006448157239049,-0.37745034605687355,0.0
3.7,21,-3.189322985228863,-0.34956332445143523,0.0
3.7,22,-2.3917595866295596,-0.4478593741743264,0.0
3.7,23,-1.6906093357274403,-0.313289907097017,0.0
3.7,24,-0.8021062729001933,-0.32893368433331716,0.0
3.7,25,-0.0765981670737279,-0.4258723571864514,0.0
3.7,26,0.9132149506035193,-0.44210362629262767,0.0
3.7,27,1.6235872400843636,-0.3822303338682774,0.0
3.7,28,2.4140244142806058,-0.32515029316490607,0.0
3.7,29,3.3511892409602813,-0.4162478139247367,0.0
3.7,30,-4.039742540397557,0.3245385339415732,0.0
3.7,31,-3.2255557486553528,0.5056960346668753,0.0
3.7,32,-2.5247362407811043,0.3433461704848667,0.0
3.7,33,-1.5524318058174713,0.37980888762772863,0.0
3.7,34,-0.8151900621663112,0.4692252037508846,0.0
3.7,35,-0.013299008954886157,0.38522887496639013,0.0
3.7,36,0.8621459765450793,0.3229702225896717,0.0
3.7,37,1.642882183276096,0.41058981606037587,0.0
3.7,38,2.4896043445652785,0.39060040440201094,0.0
3.7,39,3.188240264014379,0.3287372036620851,0.0
3.7,40,-4.089877105775159,1.15843027631315,0.0
3.7,41,-3.21683188509377,1.319700780634942,0.0
3.7,42,-2.5120130245195433,1.2960286643155412,0.0
3.7,43,-1.6334007484778272,1.1599345858325854,0.0
3.7,44,-0.8451626859756648,1.2586074378485046,0.0
3.7,45,-0.03716475503443609,1.2025770944954663,0.0
3.7,46,0.9031470120645024,1.312063870055816,0.0
3.7,47,1.5544033799771455,1.1362556578823757,0.0
3.7,48,2.4275292787665523,1.1310223019205587,0.0
3.7,49,3.2793652177291226,1.2040199021561582,0.0
3.8000000000000003,0,-4.045515549805835,-2.0524268548875475,0.0
3.8000000000000003,1,-3.281573142757515,-2.1205439098558476,0.0
3.8000000000000003,2,-2.360188599707876,-1.9878067416827412,0.0
3.8000000000000003,3,-1.5482130939359733,-2.0172547892845403,0.0
3.8000000000000003,4,-0.7742716801533897,-2.051704249507199,0.0
3.8000000000000003,5,-0.04168013373891926,-2.104785402995389,0.0
3.8000000000000003,6,0.7922374458063527,-1.9924630337599127,0.0
3.8000000000000003,7,1.5324974252997952,-2.0943704381899932,0.0
3.8000000000000003,8,2.4626984103580707,-1.9471544263081728,0.0
3.8000000000000003,9,3.328798811636058,-2.013970596037601,0.0
3.8000000000000003,10,-4.130781329587864,-1.232572387445863,0.0
3.8000000000000003,11,-3.2793423155847985,-1.1975337700630417,0.0
3.8000000000000003,12,-2.52003945339905,-1.2377069972589438,0.0
3.8000000000000003,13,-1.5518239897304147,-1.127406461960444,0.0
3.8000000000000003,14,-0.8827322303361185,-1.143826674359849,0.0
3.8000000000000003,15,0.09848845193243694,-1.305776864421298,0.0
3.8000000000000003,16,0.8303547406361431,-1.266577609749391,0.0
3.8000000000000003,17,1.5614607944099854,-1.1964602521361771,0.0
3.8000000000000003,18,2.359647501254409,-1.2306847913230283,0.0
3.8000000000000003,19,3.31304154696221,-1.1262053619501722,0.0
3.8000000000000003,20,-4.044826434616778,-0.3963606441618177,0.0
3.8000000000000003,21,-3.2142198126583614,-0.4697970112749756,0.0
3.8000000000000003,22,-2.483628357986145,-0.3666693225624559,0.0
3.8000000000000003,23,-1.5389632902836845,-0.4360774260919701,0.0
3.8000000000000003,24,-0.8027432371285109,-0.39254413234419194,0.0
3.8000000000000003,25,0.06922762543042885,-0.44793214724807484,0.0
3.8000000000000003,26,0.7242449118631632,-0.4626931964761133,0.0
3.8000000000000003,27,1.6604886943236477,-0.378763726955433,0.0
3.8000000000000003,28,2.3521401538601507,-0.41106463765646484,0.0
3.8000000000000003,29,3.1576549095815447,-0.4881123892617599,0.0
3.8000000000000003,30,-4.050990177279745,0.49289666471138005,0.0
3.8000000000000003,31,-3.145698687493497,0.4735793055144349,0.0
3.8000000000000003,32,-2.4951547471681534,0.3514260499106464,0.0
3.8000000000000003,33,-1.7026271911793556,0.3664207298594724,0.0
3.8000000000000003,34,-0.7827550308267249,0.3956656399508915,0.0
3.8000000000000003,35,-0.07754713949075752,0.40618301005516677,0.0
3.8000000000000003,36,0.8769109208228425,0.4765680790051777,0.0
3.8000000000000003,37,1.5969060938601929,0.49233434242455754,0.0
3.8000000000000003,38,2.4123405471235038,0.5030055845704131,0.0
3.8000000000000003,39,3.2937520601341013,0.49576195098446874,0.0
3.8000000000000003,40,-4.131680138058456,1.3143529583134828,0.0
3.8000000000000003,41,-3.2809642998044506,1.2810567360792324,0.0
3.8000000000000003,42,-2.4512533469247586,1.2754241879436443,0.0
3.8000000000000003,43,-1.6298056925444204,1.2010172691710639,0.0
3.8000000000000003,44,-0.8957502107916517,1.3016201324921246,0.0
3.8000000000000003,45,-0.05750835430088184,1.2217420170260804,0.0
3.8000000000000003,46,0.8874134851330961,1.2576750033261241,0.0
3.8000000000000003,47,1.6172410467200555,1.2320452574089462,0.0
3.8000000000000003,48,2.3802424715349146,1.3144619045260595,0.0
3.8000000000000003,49,3.2899078737907868,1.211700365762994,0.0
3.9000000000000004,0,-3.9395715884377083,-2.0799678217467257,0.0
3.9000000000000004,1,-3.2823633864910504,-2.0527121065630234,0.0
3.9000000000000004,2,-2.387858073606541,-1.9476741601344185,0.0
3.9000000000000004,3,-1.5341882477252717,-2.0381867091759838,0.0
3.9000000000000004,4,-0.8546314196724806,-2.053157701862549,0.0
3.9000000000000004,5,0.041035210548735324,-2.0790027142216694,0.0
3.9000000000000004,6,0.8161165066851902,-1.9495276230611573,0.0
3.9000000000000004,7,1.6900253306656758,-1.9652217296086498,0.0
3.9000000000000004,8,2.456310504079471,-1.946406318850447,0.0
3.9000000000000004,9,3.1937103380584513,-2.0504583005244195,0.0
3.9000000000000004,10,-4.014403199203335,-1.20448822194547,0.0
3.9000000000000004,11,-3.253314370369542,-1.1840547224962015,0.0
3.9000000000000004,12,-2.400213009375257,-1.2131913665238414,0.0
3.9000000000000004,13,-1.5123228039580248,-1.2383349975460343,0.0
3.9000000000000004,14,-0.8345136220212114,-1.2901722870395211,0.0
3.9000000000000004,15,-0.011222072885277878,-1.1452173173451339,0.0
3.9000000000000004,16,0.7598978088707178,-1.2982977290099251,0.0
3.9000000000000004,17,1.6629651395322258,-1.1666741121069055,0.0
3.9000000000000004,18,2.4347930365531645,-1.1708048069311043,0.0
3.9000000000000004,19,3.143987300625676,-1.2188836282074893,0.0
3.9000000000000004,20,-4.087159949883502,-0.4744883145093347,0.0
3.9000000000000004,21,-3.254704720888442,-0.4740709465297912,0.0
3.9000000000000004,22,-2.432368153384732,-0.5023614610372246,0.0
3.9000000000000004,23,-1.6133099232057584,-0.4230071064269084,0.0
3.9000000000000004,24,-0.8682695438427019,-0.38990058066530686,0.0
3.9000000000000004,25,-0.08476607740868153,-0.31029063851225747,0.0
3.9000000000000004,26,0.8536924322342614,-0.44132757521656996,0.0
3.9000000000000004,27,1.6677679903131906,-0.4206737357749995,0.0
3.9000000000000004,28,2.489638773605661,-0.4963491835635574,0.0
3.9000000000000004,29,3.1735315107765802,-0.32833900082689726,0.0
3.9000000000000004,30,-3.991490979948672,0.47095970163931433,0.0
3.9000000000000004,31,-3.159182301455705,0.41696363360280614,0.0
3.9000000000000004,32,-2.3208286943629877,0.38392134546462564,0.0
3.9000000000000004,33,-1.5261920495010761,0.395571771373242,0.0
3.9000000000000004,34,-0.8166307975991148,0.39796389383850383,0.0
3.9000000000000004,35,-0.07450448998521748,0.44605649784816714,0.0
3.9000000000000004,36,0.8666816804977837,0.374907914525038,0.0
3.9000000000000004,37,1.5247573377526118,0.3420552633639606,0.0
3.9000000000000004,38,2.3809973386896037,0.3765280500286931,0.0
3.9000000000000004,39,3.1330386449719154,0.3085795919673042,0.0
3.9000000000000004,40,-4.062590048463581,1.115775958227777,0.0
3.9000000000000004,41,-3.2392570538885757,1.2446207718147502,0.0
3.9000000000000004,42,-2.4560497607350498,1.1696914543604156,0.0
3.9000000000000004,43,-1.5981790581322803,1.2252871125551223,0.0
3.9000000000000004,44,-0.7424355098489497,1.1275176938576437,0.0
3.9000000000000004,45,0.06549918594801132,1.123913380614472,0.0
3.9000000000000004,46,0.8576933411449859,1.2712077406842779,0.0
3.9000000000000004,47,1.5586675158031653,1.2214736717589265,0.0
3.9000000000000004,48,2.3776067941717836,1.1255584047676774,0.0
3.9000000000000004,49,3.1982130473124366,1.1778976815413356,0.0
4.0,0,-3.9187067879269364,-2.004379253645272,0.0
4.0,1,-3.1764111979708667,-1.962690401297035,0.0
4.0,2,-2.325275348593725,-2.0622538076103503,0.0
4.0,3,-1.6892081647638708,-2.0517021193810656,0.0
4.0,4,-0.7143917386615259,-1.9227356007430807,0.0
4.0,5,0.09393856419489119,-2.022690975230602,0.0
4.0,6,0.8749714835412485,-2.014564886497438,0.0
4.0,7,1.518312053354852,-2.0541202816155404,0.0
4.0,8,2.486527071832448,-1.9373947440369497,0.0
4.0,9,3.2991469674445404,-1.902827325007062,0.0
4.0,10,-4.002132639943237,-1.134313919098471,0.0
4.0,11,-3.2707327664715495,-1.1471743867407136,0.0
4.0,12,-2.479222910654851,-1.259745951793024,0.0
4.0,13,-1.5870021825767873,-1.1258479442664344,0.0
4.0,14,-0.8919999325729013,-1.1625873435685392,0.0
4.0,15,0.097058290024395,-1.298980465988414,0.0
4.0,16,0.8401610553084824,-1.1356461443464068,0.0
4.0,17,1.6135119730269123,-1.1939601011819643,0.0
4.0,18,2.3592034647148075,-1.1923828309896736,0.0
4.0,19,3.171596913046242,-1.2590363856285394,0.0
4.0,20,-3.951768099368098,-0.41663815102503154,0.0
4.0,21,-3.1680932380439395,-0.4104120442976877,0.0
4.0,22,-2.4401594516852283,-0.3848096639045748,0.0
4.0,23,-1.675266387716342,-0.30978842689268016,0.0
4.0,24,-0.8219279879450695,-0.44636344745676043,0.0
4.0,25,0.08944759741655584,-0.48408397484718946,0.0
4.0,26,0.7108496031836404,-0.4976551826978878,0.0
4.0,27,1.608847141288506,-0.33705116097492427,0.0
4.0,28,2.435056700966668,-0.45769641359859675,0.0
4.0,29,3.1419029385756496,-0.4903165440990721,0.0
4.0,30,-3.955068723900057,0.43041893062585923,0.0
4.0,31,-3.13273426794009,0.3502478135092528,0.0
4.0,32,-2.314945713311636,0.46567851087196166,0.0
4.0,33,-1.51663560800267,0.3716532410679037,0.0
4.0,34,-0.7840973509022157,0.32448258225404186,0.0
4.0,35,0.0004026037575105834,0.370388030655845,0.0
4.0,36,0.7233665427188649,0.4112972624984344,0.0
4.0,37,1.6699326405335577,0.36063236268223936,0.0
4.0,38,2.469829095289512,0.35423446851991064,0.0
4.0,39,3.2779276997717717,0.3655005414457575,0.0
4.0,40,-3.9691303346797158,1.2731298702117932,0.0
4.0,41,-3.1350960666370025,1.1391234348916928,0.0
4.0,42,-2.4443022800081713,1.1997126397975302,0.0
4.0,43,-1.587780923633282,1.2504865145772366,0.0
4.0,44,-0.7872756116647671,1.1996904098488574,0.0
4.0,45,-0.0708410158266441,1.1432311377468078,0.0
4.0,46,0.800524582503437,1.1827154862221088,0.0
4.0,47,1.6096681686676226,1.2447879855747421,0.0
4.0,48,2.3612595271409744,1.137950305220603,0.0
4.0,49,3.272293299644887,1.1498157583535138,0.0
4.1000000000000005,0,-4.038523224587911,-2.063786291416319,0.0
4.1000000000000005,1,-3.27160429382704,-1.9071342090219645,0.0
4.1000000000000005,2,-2.4308653109482603,-1.9361196323260934,0.0
4.1000000000000005,3,-1.5816571609000247,-1.906436451923907,0.0
4.1000000000000005,4,-0.7582133800629961,-1.9684700447750398,0.0
4.1000000000000005,5,-0.05178400943309039,-2.0683958895885155,0.0
4.1000000000000005,6,0.7019963794459173,-1.9661789672794918,0.0
4.1000000000000005,7,1.6174049314003864,-1.919136113145178,0.0
4.1000000000000005,8,2.3307556564757483,-2.048435206324696,0.0
4.1000000000000005,9,3.2161078514602903,-1.9893852864064072,0.0
4.1000000000000005,10,-3.9709509160857563,-1.2323355153399076,0.0
4.1000000000000005,11,-3.240849705699632,-1.1658189820639788,0.0
4.1000000000000005,12,-2.358363271600404,-1.1002751181836554,0.0
4.1000000000000005,13,-1.5347961784303104,-1.234566691842672,0.0
4.1000000000000005,14,-0.8147769794480796,-1.1360359923958052,0.0
4.1000000000000005,15,0.015954685221900716,-1.1499826133456423,0.0
4.1000000000000005,16,0.7372729418324899,-1.2838137507386003,0.0
4.1000000000000005,17,1.6865794167436405,-1.2206957398340317,0.0
4.1000000000000005,18,2.4776156468371333,-1.152773057951879,0.0
4.1000000000000005,19,3.11821380082125,-1.185706480601604,0.0
4.1000000000000005,20,-3.9945865970670247,-0.36709987099586117,0.0
4.1000000000000005,21,-3.193329422494201,-0.3747397307161457,0.0
4.1000000000000005,22,-2.340421905133696,-0.4947432398936188,0.0
4.1000000000000005,23,-1.5221011739793113,-0.4667939664371922,0.0
4.1000000000000005,24,-0.8665286275856948,-0.4103829112730496,0.0
4.1000000000000005,25,0.08259191140914682,-0.4363497413057123,0.0
4.1000000000000005,26,0.8947209720899473,-0.334686433559659,0.0
4.1000000000000005,27,1.6533615897479284,-0.42667595346934845,0.0
4.1000000000000005,28,2.384174929277593,-0.4467919950861627,0.0
4.1000000000000005,29,3.093750076196445,-0.48122542672338536,0.0
4.1000000000000005,30,-3.896328237036449,0.3428310951736484,0.0
4.1000000000000005,31,-3.277212512754627,0.3406919280545725,0.0
4.1000000000000005,32,-2.4172102073354504,0.4483821021508523,0.0
4.1000000000000005,33,-1.5591660037873596,0.415090625958106,0.0
4.1000000000000005,34,-0.7438202363868383,0.40927386974388735,0.0
4.1000000000000005,35,-0.009662409210551101,0.4361899627883217,0.0
4.1000000000000005,36,0.8003027696336568,0.35627793828201804,0.0
4.1000000000000005,37,1.624257342606367,0.4311439560058443,0.0
4.1000000000000005,38,2.4320739712717647,0.32810376491758464,0.0
4.1000000000000005,39,3.1965028439920915,0.3807755635547921,0.0
4.1000000000000005,40,-3.990058187310999,1.2020913367536479,0.0
4.1000000000000005,41,-3.2248117182709124,1.2114917791283946,0.0
4.1000000000000005,42,-2.409863783714829,1.1293883266870355,0.0
4.1000000000000005,43,-1.5179979674539188,1.1075801622722,0.0
4.1000000000000005,44,-0.7070683343591143,1.242196837847089,0.0
4.1000000000000005,45,0.06815810538729444,1.291168653051707,0.0
4.1000000000000005,46,0.7074361779940653,1.2392890931373044,0.0
4.1000000000000005,47,1.6806807572972813,1.2321110923543594,0.0
4.1000000000000005,48,2.4645484919554077,1.141776763923132,0.0
4.1000000000000005,49,3.1428333721672534,1.2197577224499523,0.0
4.2,0,-3.9660101186082493,-1.9548162569464795,0.0
4.2,1,-3.1007892449303194,-1.9122905654342985,0.0
4.2,2,-2.4149405883250243,-1.9157310644679588,0.0
4.2,3,-1.5314268620876619,-1.9220809450495187,0.0
4.2,4,-0.6970688527082871,-2.004668155082829,0.0
4.2,5,0.09453719484472092,-1.9645094349609766,0.0
4.2,6,0.6962237121975456,-1.9157657639638637,0.0
4.2,7,1.609252871189019,-2.0124607006998447,0.0
4.2,8,2.310324511773289,-2.0688962418465744,0.0
4.2,9,3.15791258441213,-1.9522308728697138,0.0
4.2,10,-3.870556495681048,-1.1222041413928754,0.0
4.2,11,-3.174954622593522,-1.151066767725088,0.0
4.2,12,-2.3366323320389717,-1.191327629039624,0.0
4.2,13,-1.6604227366886648,-1.1293887512707494,0.0
4.2,14,-0.8744497417520715,-1.098870972043553,0.0
4.2,15,-0.09634660114767571,-1.141345349698803,0.0
4.2,16,0.8401376534751956,-1.1340283789730654,0.0
4.2,17,1.5163295290013754,-1.2642436708103564,0.0
4.2,18,2.3162773027574532,-1.1895456185098576,0.0
4.2,19,3.255253863736001,-1.1296068910527866,0.0
4.2,20,-4.015541079375371,-0.4832604341395518,0.0
4.2,21,-3.1288034140150423,-0.4188617095342407,0.0
4.2,22,-2.381660907141446,-0.48937924485345385,0.0
4.2,23,-1.5133891387263598,-0.4657704157492394,0.0
4.2,24,-0.878482190239234,-0.39447971578357655,0.0
4.2,25,0.06899110857538324,-0.47948351664208144,0.0
4.2,26,0.7616619123463579,-0.3481497335557166,0.0
4.2,27,1.5674803658070795,-0.482651969292546,0.0
4.2,28,2.4382647195975533,-0.46063757492705515,0.0
4.2,29,3.1036630876922997,-0.38965991580037035,0.0
4.2,30,-4.041057354022037,0.33227342603738846,0.0
4.2,31,-3.1670779764744905,0.3983649913213241,0.0
4.2,32,-2.3723721296932463,0.42702642261462415,0.0
4.2,33,-1.6661042236532762,0.4024062410790227,0.0
4.2,34,-0.7848376576324532,0.3539137358494929,0.0
4.2,35,0.01011952489955889,0.3972468309053794,0.0
4.2,36,0.8524357317930156,0.43399902411330715,0.0
4.2,37,1.5254298388423877,0.47764959420912556,0.0
4.2,38,2.4584911072952846,0.4038018810813166,0.0
4.2,39,3.1008486819445964,0.38835893947860856,0.0
4.2,40,-3.9196634679701297,1.1852114389967243,0.0
4.2,41,-3.102703048587498,1.094774212717016,0.0
4.2,42,-2.2936210062476596,1.1841698374561973,0.0
4.2,43,-1.5108306148252386,1.085971921821204,0.0
4.2,44,-0.7581918010462854,1.1204634112465044,0.0
4.2,45,-0.04572859570821371,1.0985896917060392,0.0
4.2,46,0.8435601054796472,1.2185526712156614,0.0
4.2,47,1.5908135035454165,1.1239302454035571,0.0
4.2,48,2.453345800190711,1.1693824986824626,0.0
4.2,49,3.184230773088775,1.173972848352716,0.0
4.3,0,-4.0024124953039,-2.0264231308653136,0.0
4.3,1,-3.0621916918406766,-1.987764870434153,0.0
4.3,2,-2.4043238260412747,-2.0012093097269523,0.0
4.3,3,-1.5785155708156289,-2.005936540922173,0.0
4.3,4,-0.7768212164561789,-1.9657126067465196,0.0
4.3,5,0.09207474490666442,-1.8814272616361887,0.0
4.3,6,0.8594113439074225,-1.867918896134681,0.0
4.3,7,1.5181902145897082,-2.0518467809814718,0.0
4.3,8,2.2571694195519743,-2.035883020171894,0.0
4.3,9,3.2343750271503877,-1.900589115871792,0.0
4.3,10,-3.946586668967919,-1.130165574374445,0.0
4.3,11,-3.116469888093258,-1.2743090605237801,0.0
4.3,12,-2.3565424158660453,-1.0971574489879143,0.0
4.3,13,-1.6605259424924308,-1.0877242990291056,0.0
4.3,14,-0.8567673366747153,-1.1747130284541678,0.0
4.3,15,0.0802420323638594,-1.1637228011221619,0.0
4.3,16,0.7164443403726961,-1.2069718410060826,0.0
4.3,17,1.5204363931035554,-1.1018839507192737,0.0
4.3,18,2.3823053202329274,-1.1335322188969446,0.0
4.3,19,3.1112806348888005,-1.2431810408188357,0.0
4.3,20,-3.8524763758752636,-0.4556473691319861,0.0
4.3,21,-3.1184527724353694,-0.3186367446680095,0.0
4.3,22,-2.3304351088729054,-0.4539018465265892,0.0
4.3,23,-1.5695050991694426,-0.45836271081272906,0.0
4.3,24,-0.6879824609989944,-0.35848447693417396,0.0
4.3,25,0.06715045336109143,-0.29701452236860815,0.0
4.3,26,0.8546400463050412,-0.3500407441198268,0.0
4.3,27,1.5927108242352601,-0.48626058615387097,0.0
4.3,28,2.3920955800838297,-0.31230960262220464,0.0
4.3,29,3.1148455775466934,-0.3163715675036073,0.0
4.3,30,-3.9685270781390156,0.4233514517144875,0.0
4.3,31,-3.053616739494491,0.3452419388688978,0.0
4.3,32,-2.3053370306362515,0.3154153236388657,0.0
4.3,33,-1.557525225007522,0.3016313321420737,0.0
4.3,34,-0.7939721800762234,0.3577290748771631,0.0
4.3,35,-0.08600606284408813,0.3602570909615466,0.0
4.3,36,0.7420569662905533,0.3684147048076296,0.0
4.3,37,1.486564764338785,0.32774531660265027,0.0
4.3,38,2.415985192114366,0.35684699521034746,0.0
4.3,39,3.085069752982561,0.4844898139122916,0.0
4.3,40,-3.99837414430172,1.2296811590373862,0.0
4.3,41,-3.069406418608624,1.173821603290782,0.0
4.3,42,-2.4464071845598316,1.1847106082039531,0.0
4.3,43,-1.6177417970459993,1.0953576557357874,0.0
4.3,44,-0.7978912759088014,1.1169913299616574,0.0
4.3,45,-0.08404188182194577,1.1546978570147934,0.0
4.3,46,0.7085097018009091,1.2235873249707567,0.0
4.3,47,1.645856945481153,1.21345392863209,0.0
4.3,48,2.4503781435840604,1.2062459794376834,0.0
4.3,49,3.228003496360082,1.1082258671955643,0.0
4.4,0,-3.8519077253405345,-1.9172551184030935,0.0
4.4,1,-3.196958381871354,-1.961120580438778,0.0
4.4,2,-2.35453616017265,-1.9657408552476217,0.0
4.4,3,-1.5410206741489414,-2.006487531611797,0.0
4.4,4,-0.6802668241389388,-2.0305629653839654,0.0
4.4,5,0.040829508757765365,-1.9851192157896023,0.0
4.4,6,0.7550960176599328,-1.9089095010049106,0.0
4.4,7,1.5733663393119253,-1.8983636763707374,0.0
4.4,8,2.359731621384123,-1.8895087749449075,0.0
4.4,9,3.0884276548534864,-1.8695260561363203,0.0
4.4,10,-3.9911030164050922,-1.0965399893033647,0.0
4.4,11,-3.1599453845052845,-1.186196065425257,0.0
4.4,12,-2.334298384996483,-1.2374159304683612,0.0
4.4,13,-1.6545297970888226,-1.158437438289417,0.0
4.4,14,-0.8632046994813385,-1.180594809833142,0.0
4.4,15,-0.06229055760053246,-1.0730382033969388,0.0
4.4,16,0.740326278452639,-1.1397450981797812,0.0
4.4,17,1.633448123998488,-1.12286525945049,0.0
4.4,18,2.2712000282783027,-1.0750563390325427,0.0
4.4,19,3.0806052146366296,-1.2296458170174924,0.0
4.4,20,-3.9166720547433136,-0.4679485470436335,0.0
4.4,21,-3.1893179176364708,-0.36574226740028565,0.0
4.4,22,-2.4222101426148064,-0.39365768054678263,0.0
4.4,23,-1.4707615961467957,-0.34019414365777334,0.0
4.4,24,-0.7126326540615473,-0.41709940813026836,0.0
4.4,25,-0.039648784333645895,-0.3081398105107318,0.0
4.4,26,0.8506982849557623,-0.4474013838620902,0.0
4.4,27,1.5544231491090001,-0.48821637177411864,0.0
4.4,28,2.3633431114616315,-0.37980666409055575,0.0
4.4,29,3.1607587975173943,-0.3643592396713826,0.0
4.4,30,-3.858845720461192,0.3258639384701534,0.0
4.4,31,-3.1523314151962945,0.47618884527940375,0.0
4.4,32,-2.392522747978091,0.4299581077723513,0.0
4.4,33,-1.6509072022684224,0.47734618457914796,0.0
4.4,34,-0.7834221897593572,0.30871668536430663,0.0
4.4,35,0.0858664768775757,0.38926154955162534,0.0
4.4,36,0.8135351811252067,0.2940247565367723,0.0
4.4,37,1.6076368059643427,0.3576996824022051,0.0
4.4,38,2.4220743595862757,0.4866555247051816,0.0
4.4,39,3.0796516679815458,0.361270936210664,0.0
4.4,40,-3.855554167184597,1.233785450088355,0.0
4.4,41,-3.177358475761176,1.1564393272518283,0.0
4.4,42,-2.261707296216271,1.1703550719736937,0.0
4.4,43,-1.5621128066513918,1.2193580161095703,0.0
4.4,44,-0.7089725172389584,1.1086256099302707,0.0
4.4,45,-0.05274117153615443,1.2580492998819903,0.0
4.4,46,0.763140635675653,1.1859306669902558,0.0
4.4,47,1.6456132613132255,1.0915125660780458,0.0
4.4,48,2.364161173350932,1.0834541258783923,0.0
4.4,49,3.207761995055669,1.0709058299985197,0.0
4.5,0,-3.8631389191973926,-1.8610432218972477,0.0
4.5,1,-3.0885956134743275,-1.8447760596775158,0.0
4.5,2,-2.404812948262846,-1.9177037800947971,0.0
4.5,3,-1.508320822957359,-1.9175831174804694,0.0
4.5,4,-0.855091755232719,-2.00016525179889,0.0
4.5,5,0.036192711411882406,-1.9327658296150654,0.0
4.5,6,0.7519752503184668,-1.8557920051257686,0.0
4.5,7,1.646892038404611,-1.9780830840925547,0.0
4.5,8,2.365145100346893,-1.9703655817553574,0.0
4.5,9,3.181056680725659,-2.0339722196672243,0.0
4.5,10,-3.9455365453052127,-1.2238303318073476,0.0
4.5,11,-3.1940251926267966,-1.067622891605466,0.0
4.5,12,-2.2490155880857556,-1.0831785039500768,0.0
4.5,13,-1.527077806094778,-1.2433821578052293,0.0
4.5,14,-0.6878682894425439,-1.1684886926891518,0.0
4.5,15,0.06375878694951054,-1.0655074171587757,0.0
4.5,16,0.8482158608535256,-1.179631465928458,0.0
4.5,17,1.4661184299702814,-1.0644814766597737,0.0
4.5,18,2.2659164105017737,-1.2404615834637391,0.0
4.5,19,3.025558481748505,-1.0998079396963392,0.0
4.5,20,-3.8196847737202204,-0.4476626007459132,0.0
4.5,21,-3.031859253797324,-0.41524993478936667,0.0
4.5,22,-2.395510383809615,-0.4683196174956591,0.0
4.5,23,-1.5462492301674704,-0.46421062740393626,0.0
4.5,24,-0.7324437100913553,-0.37964035162300347,0.0
4.5,25,0.023455134595428542,-0.3993358483323962,0.0
4.5,26,0.8068733898613869,-0.4710700163038638,0.0
4.5,27,1.5500064730500447,-0.3700985491994194,0.0
4.5,28,2.3670445642088875,-0.3261372830201311,0.0
4.5,29,3.1346021992522832,-0.44687095885347783,0.0
4.5,30,-3.966443921273497,0.35906800267196226,0.0
4.5,31,-3.179687157088799,0.3977392835018474,0.0
4.5,32,-2.234467393068656,0.42421788855242737,0.0
4.5,33,-1.4845376373677774,0.3776247924474798,0.0
4.5,34,-0.8704414146158322,0.40184645394237856,0.0
4.5,35,-0.05081195442598303,0.43837603726170715,0.0
4.5,36,0.7802210985416477,0.372021990399517,0.0
4.5,37,1.4856706781317524,0.4384859427913863,0.0
4.5,38,2.3609390529113585,0.29244365920158644,0.0
4.5,39,3.1389460609447033,0.39768907368343054,0.0
4.5,40,-3.9069374313366074,1.208292177015587,0.0
4.5,41,-3.1824367651162144,1.1536638538000636,0.0
4.5,42,-2.2656312340114892,1.1700591957289208,0.0
4.5,43,-1.6007356132032038,1.236391883730035,0.0
4.5,44,-0.6875140864956506,1.2258754549070838,0.0
4.5,45,0.017763911816588124,1.0723978330995667,0.0
4.5,46,0.7984670936530494,1.1978712501248419,0.0
4.5,47,1.6167539724298858,1.1752331537113643,0.0
4.5,48,2.242071984417207,1.188206730488048,0.0
4.5,49,3.178159365459701,1.1925432568497734,0.0
4.6000000000000005,0,-3.8885808280970955,-1.9714109057594582,0.0
4.6000000000000005,1,-3.1597114098081276,-1.8777900966185666,0.0
4.6000000000000005,2,-2.258051693547464,-1.907639421498643,0.0
4.6000000000000005,3,-1.470785331264654,-1.8483573543125997,0.0
4.6000000000000005,4,-0.844482980816924,-1.8492065074614517,0.0
4.6000000000000005,5,0.06297179815415829,-2.0033297677381947,0.0
4.6000000000000005,6,0.7744129207031069,-1.882412026293268,0.0
4.6000000000000005,7,1.5959322582523674,-1.9864222350666239,0.0
4.6000000000000005,8,2.351546138298868,-2.0043627428852395,0.0
4.6000000000000005,9,3.1104525454030787,-1.9601424772506708,0.0
4.6000000000000005,10,-3.8655736657199076,-1.1747262149157305,0.0
4.6000000000000005,11,-3.009161533863693,-1.1700043171489238,0.0
4.6000000000000005,12,-2.212820110582805,-1.2100899148733213,0.0
4.6000000000000005,13,-1.5886176595614125,-1.1972776410185197,0.0
4.6000000000000005,14,-0.7685133925609187,-1.16118793500072,0.0
4.6000000000000005,15,-0.08227382010723294,-1.0584288181425578,0.0
4.6000000000000005,16,0.8331732103947239,-1.223001030954566,0.0
4.6000000000000005,17,1.5430714485823718,-1.2245416024458204,0.0
4.6000000000000005,18,2.218847690212015,-1.1570778247613056,0.0
4.6000000000000005,19,3.1667351730649105,-1.1725079860882883,0.0
4.6000000000000005,20,-3.8723857655786054,-0.42301874834968467,0.0
4.6000000000000005,21,-2.9993229588250334,-0.3214838435990688,0.0
4.6000000000000005,22,-2.2752165078070288,-0.32199427180796325,0.0
4.6000000000000005,23,-1.5899589207411187,-0.4066251468318415,0.0
4.6000000000000005,24,-0.8327395444203761,-0.3896181013240191,0.0
4.6000000000000005,25,0.009518860550693883,-0.4009616248852702,0.0
4.6000000000000005,26,0.6773323395150659,-0.41016898189455786,0.0
4.6000000000000005,27,1.6062646058604289,-0.3616633338048148,0.0
4.6000000000000005,28,2.2671771379042602,-0.4532043797368238,0.0
4.6000000000000005,29,3.12735783263296,-0.4176145521834493,0.0
4.6000000000000005,30,-3.794366439748562,0.31035772477835394,0.0
4.6000000000000005,31,-3.123156854538414,0.3464608780290574,0.0
4.6000000000000005,32,-2.223692592217387,0.29508158274924023,0.0
4.6000000000000005,33,-1.5296111804669872,0.4102522107853384,0.0
4.6000000000000005,34,-0.8514212125460712,0.46088111805737586,0.0
4.6000000000000005,35,-0.0031577382590735475,0.28516412267809477,0.0
4.6000000000000005,36,0.7159567009574305,0.34152569100380825,0.0
4.6000000000000005,37,1.4727271705993643,0.3929489997829834,0.0
4.6000000000000005,38,2.2702244649751577,0.39917180545241515,0.0
4.6000000000000005,39,3.025706450614214,0.4731523049760699,0.0
4.6000000000000005,40,-3.8196776152934158,1.1460697005990017,0.0
4.6000000000000005,41,-3.0945707642244145,1.0667832274521856,0.0
4.6000000000000005,42,-2.2329254706695716,1.210587573528512,0.0
4.6000000000000005,43,-1.6141674303106868,1.152282191988828,0.0
4.6000000000000005,44,-0.7379629571602199,1.2501023142929544,0.0
4.6000000000000005,45,-0.05141533011109933,1.084358346464835,0.0
4.6000000000000005,46,0.8412463037068635,1.1828827433514446,0.0
4.6000000000000005,47,1.6145506211462526,1.0857814066731748,0.0
4.6000000000000005,48,2.312806131639173,1.1712616550437525,0.0
4.6000000000000005,49,2.9840620154825617,1.2164476261382162,0.0
4.7,0,-3.861413892821694,-1.8283098405127511,0.0
4.7,1,-3.0036569733081726,-1.9177985784245388,0.0
4.7,2,-2.286435792878928,-1.9204596247418129,0.0
4.7,3,-1.6189260826345793,-1.877017644960139,0.0
4.7,4,-0.6791425528851146,-1.9310524179923354,0.0
4.7,5,-0.05871906072222499,-1.8297390394632753,0.0
4.7,6,0.8206990809219519,-1.92274446123526,0.0
4.7,7,1.5533239760270396,-1.895746169712111,0.0
4.7,8,2.261722316534944,-1.9207852486607724,0.0
4.7,9,3.0378551046317064,-1.8378735236251318,0.0
4.7,10,-3.725155525480725,-1.228190078300265,0.0
4.7,11,-2.970057122913458,-1.2125781673758909,0.0
4.7,12,-2.2371595684532304,-1.172860463062216,0.0
4.7,13,-1.4390095775521559,-1.1271712385092434,0.0
4.7,14,-0.8485971172995159,-1.2224001800773405,0.0
4.7,15,-0.08815202916837875,-1.2162969183782963,0.0
4.7,16,0.8636319812901591,-1.1498879420431758,0.0
4.7,17,1.5324598650681074,-1.0536879283532377,0.0
4.7,18,2.384054023494183,-1.1618287359013073,0.0
4.7,19,3.0557793947700485,-1.0763010173707395,0.0
4.7,20,-3.8530110753703948,-0.3095923319029688,0.0
4.7,21,-3.155297412445568,-0.4456015640478086,0.0
4.7,22,-2.308698132986191,-0.43065547168723023,0.0
4.7,23,-1.496014951293446,-0.2947628935214657,0.0
4.7,24,-0.8218312479297771,-0.43604910489471915,0.0
4.7,25,0.0140981250653677,-0.3016891148657759,0.0
4.7,26,0.8368491037614959,-0.4329339045945123,0.0
4.7,27,1.4614469660022065,-0.30571963567653465,0.0
4.7,28,2.2164629759079624,-0.37730772840956095,0.0
4.7,29,3.117340007339216,-0.2914201775877753,0.0
4.7,30,-3.759206872911985,0.4674919764557401,0.0
4.7,31,-2.9727961698466743,0.2921283126100511,0.0
4.7,32,-2.3139684341593285,0.44923268019982454,0.0
4.7,33,-1.5841897524737176,0.37104067759931414,0.0
4.7,34,-0.832574506486142,0.41332220797338826,0.0
4.7,35,-0.056238277787449165,0.3945926566893653,0.0
4.7,36,0.8269630348129273,0.4609697437947994,0.0
4.7,37,1.5506428407208543,0.3318141756920407,0.0
4.7,38,2.196145616895734,0.388253603696317,0.0
4.7,39,2.9997363088636777,0.32887377401599815,0.0
4.7,40,-3.841040910542776,1.218866752542965,0.0
4.7,41,-2.999858617512181,1.229899607313778,0.0
4.7,42,-2.3580859670894037,1.0921520925143098,0.0
4.7,43,-1.5389338055057662,1.177885165072134,0.0
4.7,44,-0.7821028293884748,1.2008266093203463,0.0
4.7,45,0.03150923706138145,1.1520395000828922,0.0
4.7,46,0.7982814130644299,1.1002137128101694,0.0
4.7,47,1.4927414772021264,1.1948116879548465,0.0
4.7,48,2.2429568087194487,1.116367250217969,0.0
4.7,49,2.9619543440103353,1.1921611504351388,0.0
4.800000000000001,0,-3.7741438277775696,-1.9308482965984712,0.0
4.800000000000001,1,-3.0348471445171032,-1.8489113327741504,0.0
4.800000000000001,2,-2.3185319158120223,-1.9208071086820486,0.0
4.800000000000001,3,-1.473781664577087,-1.935916662515214,0.0
4.800000000000001,4,-0.7257156252464904,-1.9955108780356559,0.0
4.800000000000001,5,-0.09051722793181181,-1.862746433481509,0.0
4.800000000000001,6,0.8471789167272041,-1.9869188094238937,0.0
4.800000000000001,7,1.4807883673464735,-1.8392937964747902,0.0
4.800000000000001,8,2.2568724000356584,-1.9428991081178866,0.0
4.800000000000001,9,3.040312127707813,-1.8469379092910583,0.0
4.800000000000001,10,-3.738113701419591,-1.134367271211027,0.0
4.800000000000001,11,-3.1000907100551602,-1.0437592444702422,0.0
4.800000000000001,12,-2.336198768284487,-1.1711724864093163,0.0
4.800000000000001,13,-1.5751352541524382,-1.0595004413648301,0.0
4.800000000000001,14,-0.6783480011712545,-1.081087885708545,0.0
4.800000000000001,15,-0.02308578600411211,-1.126883538079991,0.0
4.800000000000001,16,0.7346501338700271,-1.0943879304719009,0.0
4.800000000000001,17,1.477567917114508,-1.0789142727426415,0.0
4.800000000000001,18,2.197624041533625,-1.1658131222486612,0.0
4.800000000000001,19,3.022670722724229,-1.07174606027637,0.0
4.800000000000001,20,-3.7917414769978546,-0.3756729975217969,0.0
4.800000000000001,21,-3.090219644238536,-0.289017563791195,0.0
4.800000000000001,22,-2.2375548892750867,-0.3155038369440415,0.0
4.800000000000001,23,-1.4734914868968156,-0.38036792061859004,0.0
4.800000000000001,24,-0.7184082713380444,-0.4509087308652511,0.0
4.800000000000001,25,-0.015624993717283056,-0.4100385837608519,0.0
4.800000000000001,26,0.7601767407422662,-0.43895572588874465,0.0
4.800000000000001,27,1.4667354625413596,-0.3040038435640422,0.0
4.800000000000001,28,2.32665815607998,-0.36957144168334594,0.0
4.800000000000001,29,2.9822885297766595,-0.2985825795141036,0.0
4.800000000000001,30,-3.894068192427568,0.4051587606855195,0.0
4.800000000000001,31,-2.9610144188634657,0.29154311483314677,0.0
4.800000000000001,32,-2.3192622310078255,0.2877960490628896,0.0
4.800000000000001,33,-1.5010290199604008,0.3197659435931878,0.0
4.800000000000001,34,-0.8011179530340685,0.31407133588868,0.0
4.800000000000001,35,0.0955246046668751,0.45316759265888135,0.0
4.800000000000001,36,0.7417346423625372,0.32399474087040697,0.0
4.800000000000001,37,1.5416156004492323,0.3963244185379134,0.0
4.800000000000001,38,2.283079071555113,0.2864444890675979,0.0
4.800000000000001,39,3.0309331570104154,0.4082002585605787,0.0
4.800000000000001,40,-3.8300038448973965,1.1169632201490447,0.0
4.800000000000001,41,-3.012025706717088,1.1741306295061202,0.0
4.800000000000001,42,-2.33103176214104,1.0827319286402188,0.0
4.800000000000001,43,-1.615290617218839,1.1978038144912369,0.0
4.800000000000001,44,-0.7560850383984781,1.0774362514761457,0.0
4.800000000000001,45,-0.09601768273342315,1.2099136430895308,0.0
4.800000000000001,46,0.722338834945364,1.1696487880623616,0.0
4.800000000000001,47,1.580759673574572,1.0601784820371485,0.0
4.800000000000001,48,2.229321035071821,1.1475523203526248,0.0
4.800000000000001,49,2.980357120007398,1.218194565029606,0.0
4.9,0,-3.7241190935104442,-1.8084787091022392,0.0
4.9,1,-2.9937019419974127,-1.9662774512595809,0.0
4.9,2,-2.325598051621825,-1.8491601687535049,0.0
4.9,3,-1.5628252821408575,-1.8198839629980486,0.0
4.9,4,-0.8199792519543557,-1.8931038958046722,0.0
4.9,5,-0.051467461176120846,-1.9835165076831216,0.0
4.9,6,0.7405504663756003,-1.90409252002045,0.0
4.9,7,1.5253819620939735,-1.8324256542287665,0.0
4.9,8,2.1987156446451084,-1.9057643385737373,0.0
4.9,9,3.021193818097759,-1.9517296058867657,0.0
4.9,10,-3.822151423574813,-1.0375396802086758,0.0
4.9,11,-2.9640820264201486,-1.1803005297316531,0.0
4.9,12,-2.19206478236926,-1.0364208503796282,0.0
4.9,13,-1.5104704382847305,-1.0432278831819786,0.0
4.9,14,-0.8527870113314096,-1.1425869458447873,0.0
4.9,15,-0.09957510468043092,-1.173557079994029,0.0
4.9,16,0.6910650520114032,-1.14202400720834,0.0
4.9,17,1.4338986012447483,-1.184903604514448,0.0
4.9,18,2.2010938106805167,-1.1694648530768879,0.0
4.9,19,3.109121870621906,-1.0544481398591505,0.0
4.9,20,-3.6959967229267465,-0.47652769122727145,0.0
4.9,21,-2.963784066667016,-0.3566774467514715,0.0
4.9,22,-2.2671286018747034,-0.4100825095151006,0.0
4.9,23,-1.4494290510788483,-0.4010044487493374,0.0
4.9,24,-0.7132291567154204,-0.40505417753199896,0.0
4.9,25,-0.06413699395269667,-0.30013747209027175,0.0
4.9,26,0.8095700373231012,-0.2912862837326957,0.0
4.9,27,1.5485303658046925,-0.3174414715056917,0.0
4.9,28,2.2816251340105533,-0.46846920646598905,0.0
4.9,29,3.033227785908501,-0.4238332561837933,0.0
4.9,30,-3.792557391420029,0.4641886132818911,0.0
4.9,31,-2.949191045794759,0.4414504001946553,0.0
4.9,32,-2.16744942894722,0.30958857973314485,0.0
4.9,33,-1.6040712969878592,0.4447826096548586,0.0
4.9,34,-0.6680430640360677,0.449624690341518,0.0
4.9,35,-0.008805396705301893,0.30155039474146683,0.0
4.9,36,0.7493279648002886,0.30176263681858595,0.0
4.9,37,1.4192025436950155,0.2887241353039999,0.0
4.9,38,2.1797393231153737,0.3174518565989119,0.0
4.9,39,2.9768590899077627,0.3636423896060511,0.0
4.9,40,-3.796196855632487,1.1587618207881745,0.0
4.9,41,-2.9225970172817055,1.2040419541115976,0.0
4.9,42,-2.196590392932964,1.1682075242252714,0.0
4.9,43,-1.5239522420063158,1.201725781868742,0.0
4.9,44,-0.8449904177325538,1.1383686782834799,0.0
4.9,45,0.03210490303278818,1.2270144531251121,0.0
4.9,46,0.6942764300689781,1.2281154842090667,0.0
4.9,47,1.4167420716720187,1.1192430819361177,0.0
4.9,48,2.2688349786050206,1.0707514852086621,0.0
4.9,49,3.1140600961724347,1.188209046585486,0.0
5.0,0,-3.846891694564063,-1.783084235820181,0.0
5.0,1,-2.9357592263051497,-1.871861359516226,0.0
5.0,2,-2.153700416707333,-1.9621451722648626,0.0
5.0,3,-1.5397309844276044,-1.9322804608176054,0.0
5.0,4,-0.7317333249487791,-1.970754426382848,0.0
5.0,5,0.017225046211736122,-1.869675788229634,0.0
5.0,6,0.6861150801113742,-1.7834206126525491,0.0
5.0,7,1.513155405391351,-1.9130245562230097,0.0
5.0,8,2.2766158099907994,-1.7990599245220138,0.0
5.0,9,2.9815777334698925,-1.780939382272177,0.0
5.0,10,-3.8288150328263337,-1.0650224754499444,0.0
5.0,11,-3.0415514339380056,-1.0976373304908686,0.0
5.0,12,-2.176984474347541,-1.1086681784628853,0.0
5.0,13,-1.5021652276476558,-1.1708891141630082,0.0
5.0,14,-0.7241963168481356,-1.2233649219451868,0.0
5.0,15,0.09710681566449067,-1.205093441273842,0.0
5.0,16,0.6673565331364919,-1.2000361131736066,0.0
5.0,17,1.518831558966459,-1.047836846593757,0.0
5.0,18,2.2672170118314177,-1.0802314392220183,0.0
5.0,19,3.0976040896321693,-1.1866996114559991,0.0
5.0,20,-3.6680611075890823,-0.4162805459138289,0.0
5.0,21,-2.9255500179050764,-0.43347838740263456,0.0
5.0,22,-2.230690790884292,-0.2856326394289249,0.0
5.0,23,-1.4336248791898898,-0.2985039582716268,0.0
5.0,24,-0.8470258673886367,-0.3391332632364136,0.0
5.0,25,-0.038870348056870264,-0.35072586316126164,0.0
5.0,26,0.6671674615325267,-0.4689996748991815,0.0
5.0,27,1.4744343736233751,-0.2932607529932342,0.0
5.0,28,2.1677935806931816,-0.30292052835419203,0.0
5.0,29,2.9857458498266407,-0.4691912961485111,0.0
5.0,30,-3.835631450657974,0.3484674477724751,0.0
5.0,31,-3.0253830172297613,0.38586980295612683,0.0
5.0,32,-2.2053198014465845,0.3525939521840412,0.0
5.0,33,-1.5018176610862466,0.379215053917511,0.0
5.0,34,-0.776154642934977,0.37928409225983617,0.0
5.0,35,-0.029621912214298815,0.3043514510433664,0.0
5.0,36,0.7399587973145687,0.4297761315785533,0.0
5.0,37,1.5185834497999489,0.3448347452782651,0.0
5.0,38,2.2230265076339863,0.4031496259685112,0.0
5.0,39,3.050741729484837,0.31175933720634635,0.0
5.0,40,-3.708374608616865,1.0613331384034446,0.0
5.0,41,-2.9583446803728815,1.2187636990664505,0.0
5.0,42,-2.340996125229656,1.0800144688242335,0.0
5.0,43,-1.5704400225671329,1.0435634902153812,0.0
5.0,44,-0.6617942253615321,1.2005425538515482,0.0
5.0,45,-0.04189646883540417,1.1242673477498846,0.0
5.0,46,0.7212823088967472,1.049987608062563,0.0
5.0,47,1.5132612832663228,1.0655869878640898,0.0
5.0,48,2.3458729549059467,1.0474229515292433,0.0
5.0,49,2.93095501793051,1.0682185764018697,0.0
5.1000000000000005,0,-3.692828295721058,-1.9532060743521402,0.0
5.1000000000000005,1,-2.9780294005190973,-1.9595640607438016,0.0
5.1000000000000005,2,-2.2330360287705937,-1.9068503710160116,0.0
5.1000000000000005,3,-1.3976851177050096,-1.8606764519851913,0.0
5.1000000000000005,4,-0.8279716848937677,-1.8934285279460865,0.0
5.1000000000000005,5,-0.06827936367079973,-1.9016566090815585,0.0
5.1000000000000005,6,0.7109311686391018,-1.764039647621532,0.0
5.1000000000000005,7,1.5692741012423825,-1.899907611330853,0.0
5.1000000000000005,8,2.3291754243556375,-1.9087780624992514,0.0
5.1000000000000005,9,2.9934799637163128,-1.952898500802387,0.0
5.1000000000000005,10,-3.813928116262977,-1.1822646092530456,0.0
5.1000000000000005,11,-2.9056972582720118,-1.0239735394716534,0.0
5.1000000000000005,12,-2.2053884013958713,-1.1970071061501264,0.0
5.1000000000000005,13,-1.5202021572851443,-1.0411188140815766,0.0
5.1000000000000005,14,-0.7276702538352245,-1.0675570581212563,0.0
5.1000000000000005,15,0.09826591316961406,-1.1895348588685157,0.0
5.1000000000000005,16,0.7794362796228775,-1.1222080337650664,0.0
5.1000000000000005,17,1.3921965106661836,-1.160521218161326,0.0
5.1000000000000005,18,2.2839547883922484,-1.1257035538057316,0.0
5.1000000000000005,19,2.915489296351506,-1.0664883981072226,0.0
5.1000000000000005,20,-3.8146255437294,-0.3099717747840509,0.0
5.1000000000000005,21,-3.0207813075649805,-0.3049733170046015,0.0
5.1000000000000005,22,-2.214774133789115,-0.4372737856029092,0.0
5.1000000000000005,23,-1.4534801603901029,-0.29923059123306045,0.0
5.1000000000000005,24,-0.7064058984054179,-0.3371431142552834,0.0
5.1000000000000005,25,0.0929555855738558,-0.30389052903700875,0.0
5.1000000000000005,26,0.8188458829854963,-0.3343637607743909,0.0
5.1000000000000005,27,1.405980954175127,-0.43494231270745787,0.0
5.1000000000000005,28,2.2330100058867894,-0.32884631935968034,0.0
5.1000000000000005,29,3.0108431756038274,-0.41609562751911605,0.0
5.1000000000000005,30,-3.6326105263497572,0.4407134732819802,0.0
5.1000000000000005,31,-3.0715944042820538,0.30066720582952877,0.0
5.1000000000000005,32,-2.146625329664989,0.3694835128244428,0.0
5.1000000000000005,33,-1.4256410946061164,0.33562678599337104,0.0
5.1000000000000005,34,-0.6642409165967257,0.3936092079165474,0.0
5.1000000000000005,35,0.016091914775671595,0.33992878683473277,0.0
5.1000000000000005,36,0.7799576735987095,0.4548318969005005,0.0
5.1000000000000005,37,1.5880936519142808,0.29901009488847347,0.0
5.1000000000000005,38,2.1720962790016825,0.37648916849984126,0.0
5.1000000000000005,39,3.0023171604880505,0.3193609809263982,0.0
5.1000000000000005,40,-3.789200069806411,1.104593383465606,0.0
5.1000000000000005,41,-2.9273102329023115,1.1352109549391203,0.0
5.1000000000000005,42,-2.1532555430862748,1.1860026101235124,0.0
5.1000000000000005,43,-1.4614134776228487,1.1497777243941656,0.0
5.1000000000000005,44,-0.8336303644124476,1.0700342945716659,0.0
5.1000000000000005,45,0.04320534249224356,1.2168017059992653,0.0
5.1000000000000005,46,0.8265365545283184,1.1970165835156488,0.0
5.1000000000000005,47,1.5484006307205664,1.0702018818494587,0.0
5.1000000000000005,48,2.3268466500157214,1.138198954133606,0.0
5.1000000000000005,49,2.9639149906126083,1.092234786805466,0.0
5.2,0,-3.6946397875913335,-1.9322049928995195,0.0
5.2,1,-2.8621798951791666,-1.9432223387133418,0.0
5.2,2,-2.2151446177611582,-1.7642359143363944,0.0
5.2,3,-1.4794632489182948,-1.8992345914143471,0.0
5.2,4,-0.7002988171261315,-1.9002179550027598,0.0
5.2,5,-0.014657486415446425,-1.79211429104754,0.0
5.2,6,0.6741689946027948,-1.8048347891029457,0.0
5.2,7,1.4297918484868861,-1.9452412910271255,0.0
5.2,8,2.2304675543893007,-1.8274541540321017,0.0
5.2,9,2.9463002624340393,-1.851014452435165,0.0
5.2,10,-3.76837911645803,-1.0196602257385212,0.0
5.2,11,-3.022182324506097,-1.0932715905092631,0.0
5.2,12,-2.277623615165463,-1.1586453593405586,0.0
5.2,13,-1.5109394970398966,-1.167362231429393,0.0
5.2,14,-0.6835849781131529,-1.1570785075412813,0.0
5.2,15,0.09805287327895912,-1.0939831513054579,0.0
5.2,16,0.7681265185623763,-1.194101083674486,0.0
5.2,17,1.5450675518704111,-1.1357171658332248,0.0
5.2,18,2.1485697600710623,-1.1564429948743224,0.0
5.2,19,2.9528042201770015,-1.0518511684101308,0.0
5.2,20,-3.798666266737916,-0.393300143369944,0.0
5.2,21,-2.9505677014667695,-0.3989376179737262,0.0
5.2,22,-2.1777887226864734,-0.35253067833529117,0.0
5.2,23,-1.5531967653069088,-0.3542255817959584,0.0
5.2,24,-0.6414071898493791,-0.36422381750914967,0.0
5.2,25,-0.043001320682740096,-0.44775247274496477,0.0
5.2,26,0.6997068006765615,-0.31618990434541216,0.0
5.2,27,1.5350421196528172,-0.3097708385018577,0.0
5.2,28,2.18416201842932,-0.4587220035230095,0.0
5.2,29,2.8889689041577635,-0.3091423250517588,0.0
5.2,30,-3.783902131298645,0.33964581160495827,0.0
5.2,31,-3.0287774574006243,0.344934027045875,0.0
5.2,32,-2.272912910101626,0.38980647288160897,0.0
5.2,33,-1.5115018324099134,0.4699652405121534,0.0
5.2,34,-0.7843777697562601,0.2849244246106636,0.0
5.2,35,-0.007447934782450899,0.2791910259437848,0.0
5.2,36,0.6538510962256594,0.3242583979689853,0.0
5.2,37,1.3950379520430387,0.3045297154108042,0.0
5.2,38,2.2427614455418174,0.3995201040132716,0.0
5.2,39,3.028289215354123,0.3034275834931593,0.0
5.2,40,-3.717576491600342,1.1565487907819723,0.0
5.2,41,-2.8673458419011633,1.1781012188420041,0.0
5.2,42,-2.216246828747368,1.072402822180211,0.0
5.2,43,-1.3942894640988563,1.2087310661219395,0.0
5.2,44,-0.8141395368160393,1.0518636685669003,0.0
5.2,45,-0.0931807846380093,1.1763388960605896,0.0
5.2,46,0.8336530118119094,1.1285595814681144,0.0
5.2,47,1.4175378053574947,1.1028075913085524,0.0
5.2,48,2.2360082912597212,1.0412834806639537,0.0
5.2,49,2.9893462906211843,1.0204161439375659,0.0
5.300000000000001,0,-3.736667285213981,-1.82279056362694,0.0
5.300000000000001,1,-2.9105715136200683,-1.896500234579619,0.0
5.300000000000001,2,-2.1889173053898467,-1.909653048393716,0.0
5.300000000000001,3,-1.470878788662819,-1.8338183718281968,0.0
5.300000000000001,4,-0.6515935380482152,-1.7417178853765207,0.0
5.300000000000001,5,0.07076542398699243,-1.8198204884923723,0.0
5.300000000000001,6,0.7757792486125179,-1.852939026067578,0.0
5.300000000000001,7,1.3859956114019594,-1.8050072341675734,0.0
5.300000000000001,8,2.2278087158718227,-1.9310601566419463,0.0
5.300000000000001,9,3.0185270762009173,-1.7837569679063328,0.0
5.300000000000001,10,-3.5990112805391576,-1.1935025490777225,0.0
5.300000000000001,11,-2.857934501106832,-1.1081054211404595,0.0
5.300000000000001,12,-2.2481457383510977,-1.1859446367287103,0.0
5.300000000000001,13,-1.5369991611325144,-1.0539319376309035,0.0
5.300000000000001,14,-0.7770064485588181,-1.0907255204441988,0.0
5.300000000000001,15,0.02684113309039693,-1.063361388388374,0.0
5.300000000000001,16,0.7602435455813137,-1.1983148022055223,0.0
5.300000000000001,17,1.5049535061341386,-1.0676559582201488,0.0
5.300000000000001,18,2.2460399050653446,-1.0258262867458956,0.0
5.300000000000001,19,2.9217561792624203,-1.0400058168728699,0.0
5.300000000000001,20,-3.584435588083201,-0.2743896731833627,0.0
5.300000000000001,21,-3.000853014390329,-0.3459249867108741,0.0
5.300000000000001,22,-2.1236997574858423,-0.4003132903445443,0.0
5.300000000000001,23,-1.4142243757661481,-0.4381112311936236,0.0
5.300000000000001,24,-0.6397075161272614,-0.3041546890769885,0.0
5.300000000000001,25,-0.04691546881044606,-0.4236602237006171,0.0
5.300000000000001,26,0.6895813003173238,-0.3465039241016933,0.0
5.300000000000001,27,1.3742657223895782,-0.362438728965666,0.0
5.300000000000001,28,2.1941716111478233,-0.3268151436819562,0.0
5.300000000000001,29,2.9502012013753,-0.4393988822469169,0.0
5.300000000000001,30,-3.6536931803375556,0.45373612660205165,0.0
5.300000000000001,31,-2.952140292233038,0.32680395830410397,0.0
5.300000000000001,32,-2.183101500981168,0.28686122478639725,0.0
5.300000000000001,33,-1.40352880521441,0.3503812917388257,0.0
5.300000000000001,34,-0.7650840626242649,0.4515550422191701,0.0
5.300000000000001,35,-0.03723778738215615,0.46710226700985,0.0
5.300000000000001,36,0.7878834514709485,0.2776458078337457,0.0
5.300000000000001,37,1.5340830067742264,0.3223221327755688,0.0
5.300000000000001,38,2.243426364872693,0.4349875602459101,0.0
5.300000000000001,39,2.854772973333179,0.44538461007895147,0.0
5.300000000000001,40,-3.685781607498225,1.1105086184940314,0.0
5.300000000000001,41,-2.964769110906479,1.1726164726450665,0.0
5.300000000000001,42,-2.1502171667719465,1.0920528734183161,0.0
5.300000000000001,43,-1.370824854203951,1.1809841272558457,0.0
5.300000000000001,44,-0.7040695890383599,1.1044818566998544,0.0
5.300000000000001,45,0.08954618619243082,1.0956905475185301,0.0
5.300000000000001,46,0.7919040639979209,1.1716880742849503,0.0
5.300000000000001,47,1.4098606252582249,1.0962737281741977,0.0
5.300000000000001,48,2.2818682597577347,1.173888072941374,0.0
5.300000000000001,49,2.927414047879065,1.1839360051806926,0.0
5.4,0,-3.7163798067533946,-1.8052057337216627,0.0
5.4,1,-3.016975741537282,-1.7874132283459194,0.0
5.4,2,-2.091339878349347,-1.8094461387438767,0.0
5.4,3,-1.456141839305987,-1.9082356164839993,0.0
5.4,4,-0.6760989161349246,-1.7856299166242942,0.0
5.4,5,-0.01401731942747722,-1.8734935805734252,0.0
5.4,6,0.8087437393880811,-1.9164385399189023,0.0
5.4,7,1.3652065496659636,-1.845884177865212,0.0
5.4,8,2.113070302086528,-1.9027817794200699,0.0
5.4,9,2.882855635435246,-1.742533994157489,0.0
5.4,10,-3.6580046582177896,-1.130857181339834,0.0
5.4,11,-2.9565831205472954,-1.1259765547200018,0.0
5.4,12,-2.1709728698283794,-1.0097286608662441,0.0
5.4,13,-1.470745392258495,-1.1666302907386625,0.0
5.4,14,-0.7689475205201838,-1.022046735715176,0.0
5.4,15,0.0030239484481281026,-1.1154850179070153,0.0
5.4,16,0.7694305735382482,-1.1711892131622028,0.0
5.4,17,1.405560638331914,-1.1585152815238426,0.0
5.4,18,2.201127315891608,-1.1067993545066153,0.0
5.4,19,2.8574741181438528,-1.1479082118071389,0.0
5.4,20,-3.6000531023028706,-0.28735873996744793,0.0
5.4,21,-2.983842644281151,-0.4630710026580277,0.0
5.4,22,-2.249346560305471,-0.3270119383180267,0.0
5.4,23,-1.4919661059243556,-0.37158275468020635,0.0
5.4,24,-0.7578567176384511,-0.3978208333718617,0.0
5.4,25,0.03616565935152791,-0.35761120462204604,0.0
5.4,26,0.7237041257886863,-0.4397790630213344,0.0
5.4,27,1.4379108664807756,-0.31973470684565614,0.0
5.4,28,2.2229830707977625,-0.2845507994631622,0.0
5.4,29,2.977308201152387,-0.29806739995843035,0.0
5.4,30,-3.55898861272636,0.27431586128250435,0.0
5.4,31,-3.0013318957176254,0.44628604136012207,0.0
5.4,32,-2.23647080252143,0.3434709867188984,0.0
5.4,33,-1.5473792592816717,0.3384225377347051,0.0
5.4,34,-0.7383614887831823,0.29565804343981805,0.0
5.4,35,-0.00416748725368532,0.2996178614226068,0.0
5.4,36,0.6934852711449336,0.36455873078636586,0.0
5.4,37,1.518818379775121,0.3300815477549166,0.0
5.4,38,2.214922607809819,0.2667169833083032,0.0
5.4,39,2.9607201663708556,0.3782056434897467,0.0
5.4,40,-3.691936224186362,1.120900970517167,0.0
5.4,41,-2.8910303328237577,1.052508726702936,0.0
5.4,42,-2.2174580461503965,1.0773796584303927,0.0
5.4,43,-1.557496103029073,1.124555144245216,0.0
5.4,44,-0.661457964127971,1.043189690599223,0.0
5.4,45,0.054726400764942146,1.027535497327883,0.0
5.4,46,0.6310270659183759,1.0338308051166953,0.0
5.4,47,1.4189777225015308,1.1090900680431885,0.0
5.4,48,2.2081686566046956,1.0737677639956593,0.0
5.4,49,2.8517686191036145,1.1750626891864309,0.0
5.5,0,-3.6731884248417694,-1.9068111881550067,0.0
5.5,1,-2.910455714359689,-1.8187941576855322,0.0
5.5,2,-2.185178242791015,-1.7644257453326264,0.0
5.5,3,-1.3742940047158525,-1.8326127595162558,0.0
5.5,4,-0.8248155680212745,-1.7940799694099023,0.0
5.5,5,0.008585746228404995,-1.8272841143919285,0.0
5.5,6,0.6545401130999738,-1.7176840571999186,0.0
5.5,7,1.4318764447189338,-1.8448388071933786,0.0
5.5,8,2.1786461508137718,-1.8242067775250153,0.0
5.5,9,2.986993139740288,-1.775352448329379,0.0
5.5,10,-3.6030467318264683,-1.018875597376479,0.0
5.5,11,-2.815811173925552,-1.1225857431498154,0.0
5.5,12,-2.141420122540343,-1.120894426541668,0.0
5.5,13,-1.3806652180834367,-1.0787584860530535,0.0
5.5,14,-0.677579679946003,-0.9941715183835963,0.0
5.5,15,0.060756638865031604,-1.1493668844209841,0.0
5.5,16,0.780653860497037,-1.0991139826494825,0.0
5.5,17,1.4407959502333176,-1.086682994990448,0.0
5.5,18,2.2146404076073805,-1.0309779013572147,0.0
5.5,19,2.8681052443695894,-1.120014044996435,0.0
5.5,20,-3.5794837100177257,-0.36996924965334443,0.0
5.5,21,-2.9908886286788454,-0.27737526229893505,0.0
5.5,22,-2.1041719344158367,-0.45663917220914874,0.0
5.5,23,-1.4994140165561298,-0.3291460526860511,0.0
5.5,24,-0.7354359634843525,-0.4372865685597674,0.0
5.5,25,0.08457697831620536,-0.4548620273672753,0.0
5.5,26,0.6662427044454565,-0.3696915822716689,0.0
5.5,27,1.3693823157634906,-0.44630298772714255,0.0
5.5,28,2.1975884155705567,-0.3520269613001149,0.0
5.5,29,2.8037578207366973,-0.32506393570655,0.0
5.5,30,-3.6919626184323824,0.40793722570090574,0.0
5.5,31,-2.8823578337938556,0.2661642326148564,0.0
5.5,32,-2.2243789852350795,0.3215063635091888,0.0
5.5,33,-1.4421103489150524,0.28094419443493046,0.0
5.5,34,-0.8232039202354421,0.3665532973896103,0.0
5.5,35,0.047270693036523176,0.4615490605742382,0.0
5.5,36,0.7736544244676993,0.3144432774253031,0.0
5.5,37,1.4210810179740665,0.3121001181065052,0.0
5.5,38,2.228624236104484,0.4339505798102059,0.0
5.5,39,2.947627956755407,0.36479856780495146,0.0
5.5,40,-3.544236058381887,1.094461025241853,0.0
5.5,41,-2.815119563390554,1.1320438106094102,0.0
5.5,42,-2.088591610104924,0.9987553379306279,0.0
5.5,43,-1.543327692462471,1.1157311913417327,0.0
5.5,44,-0.6766756787617295,1.0057225611486125,0.0
5.5,45,0.09544915325606143,0.9952951428740069,0.0
5.5,46,0.6727591588054992,1.1422316177559346,0.0
5.5,47,1.4604167827730417,1.1588276657099545,0.0
5.5,48,2.1961737160296986,1.044063274725846,0.0
5.5,49,2.8650844772326893,1.0860727699484716,0.0
5.6000000000000005,0,-3.5457392963190717,-1.7852271349167763,0.0
5.6000000000000005,1,-2.882133607412994,-1.708229046070342,0.0
5.6000000000000005,2,-2.1040465268685034,-1.8572608088313949,0.0
5.6000000000000005,3,-1.44439380184579,-1.7864372613271473,0.0
5.6000000000000005,4,-0.687910803567368,-1.8684433668571159,0.0
5.6000000000000005,5,0.07017574645981262,-1.711916166988747,0.0
5.6000000000000005,6,0.7443805678888802,-1.735265649934573,0.0
5.6000000000000005,7,1.3548676692709969,-1.8065148517986127,0.0
5.6000000000000005,8,2.2037664150176566,-1.7052401384945879,0.0
5.6000000000000005,9,2.814196633678378,-1.8791311126999644,0.0
5.6000000000000005,10,-3.5487059427770955,-1.0491448393111464,0.0
5.6000000000000005,11,-2.9424436806051824,-1.0852758601679675,0.0
5.6000000000000005,12,-2.24076202762871,-1.057810710092349,0.0
5.6000000000000005,13,-1.435189078545085,-1.1521201030784127,0.0
5.6000000000000005,14,-0.7251832847469,-1.0303502314870576,0.0
5.6000000000000005,15,-0.0809583535746923,-1.0599772029030126,0.0
5.6000000000000005,16,0.7978675321098637,-1.030153666381933,0.0
5.6000000000000005,17,1.3546351213216552,-1.0911315242788244,0.0
5.6000000000000005,18,2.0714480980324232,-1.0429652957897875,0.0
5.6000000000000005,19,2.8131659636084962,-1.0088048230696933,0.0
5.6000000000000005,20,-3.6989627067629702,-0.3521608342310873,0.0
5.6000000000000005,21,-2.8971721264875567,-0.3880200981853178,0.0
5.6000000000000005,22,-2.1503364664581834,-0.45554748077071394,0.0
5.6000000000000005,23,-1.512256313966823,-0.3785723729041985,0.0
5.6000000000000005,24,-0.6822313400092024,-0.339256164698295,0.0
5.6000000000000005,25,0.03356837921625411,-0.3945933983709546,0.0
5.6000000000000005,26,0.7304822251106818,-0.43487840744869083,0.0
5.6000000000000005,27,1.4714694668295771,-0.3943910414794725,0.0
5.6000000000000005,28,2.2017862061790465,-0.42591435958330714,0.0
5.6000000000000005,29,2.884942963172816,-0.3655389090047071,0.0
5.6000000000000005,30,-3.596883834674729,0.30797404663175687,0.0
5.6000000000000005,31,-2.937233838323994,0.45389055731733774,0.0
5.6000000000000005,32,-2.065865653977666,0.39975395792185725,0.0
5.6000000000000005,33,-1.536664663434447,0.4162861107024668,0.0
5.6000000000000005,34,-0.7296109554313331,0.3169623732268864,0.0
5.6000000000000005,35,0.08976332313050456,0.27167277667441514,0.0
5.6000000000000005,36,0.7415737309785357,0.4292408358508022,0.0
5.6000000000000005,37,1.5310884211856999,0.4291363958378852,0.0
5.6000000000000005,38,2.2068024531322985,0.30603812680127024,0.0
5.6000000000000005,39,2.8978502898628102,0.3057252800700219,0.0
5.6000000000000005,40,-3.5337531797919426,1.0762693961249254,0.0
5.6000000000000005,41,-2.8000079524424866,1.1788234758993121,0.0
5.6000000000000005,42,-2.1069163195039597,1.0873937021523186,0.0
5.6000000000000005,43,-1.4187488290372272,1.1767343563302264,0.0
5.6000000000000005,44,-0.6986229335248961,1.0884259766991438,0.0
5.6000000000000005,45,-0.011374036777663687,1.1369952432565202,0.0
5.6000000000000005,46,0.7264576349082328,1.0413863066055593,0.0
5.6000000000000005,47,1.3698443329362493,0.9988817089750707,0.0
5.6000000000000005,48,2.1841522283755976,1.0453889312503866,0.0
5.6000000000000005,49,2.8106208231473655,1.0619923968593747,0.0
5.7,0,-3.550438456461333,-1.876839481199456,0.0
5.7,1,-2.792520124657969,-1.8699169070437112,0.0
5.7,2,-2.199696247166349,-1.8076852134614199,0.0
5.7,3,-1.3581795451467256,-1.8523756177722057,0.0
5.7,4,-0.6192124153743759,-1.8717753189451694,0.0
5.7,5,0.08060350909405917,-1.849240673947231,0.0
5.7,6,0.6610182365148559,-1.7314694286264052,0.0
5.7,7,1.4313756241860145,-1.7294687045092592,0.0
5.7,8,2.063735383078845,-1.8233151196530124,0.0
5.7,9,2.825533791690992,-1.7488150765832768,0.0
5.7,10,-3.605062205993411,-1.1506042653773918,0.0
5.7,11,-2.9508719180188403,-1.025032914757324,0.0
5.7,12,-2.244250597101067,-1.169703695481338,0.0
5.7,13,-1.3473472453982434,-1.1162439853036752,0.0
5.7,14,-0.68743825606211,-1.0516121707821995,0.0
5.7,15,0.029191899035807378,-1.003420841927207,0.0
5.7,16,0.6997726192467009,-1.0021772672364966,0.0
5.7,17,1.3510485025131602,-1.0025405459243037,0.0
5.7,18,2.2152857212576524,-1.0510938550555295,0.0
5.7,19,2.863144670265921,-0.9770491352785439,0.0
5.7,20,-3.519002676018272,-0.4410293785044703,0.0
5.7,21,-2.842623843959848,-0.43980597981170866,0.0
5.7,22,-2.061776578009917,-0.32002031553227334,0.0
5.7,23,-1.389753641160348,-0.41865630081080585,0.0
5.7,24,-0.6750734901770382,-0.30438570449686186,0.0
5.7,25,0.056165566723183485,-0.3801504292611559,0.0
5.7,26,0.7668117432794133,-0.2586553431649994,0.0
5.7,27,1.4326102558423774,-0.31746265082852426,0.0
5.7,28,2.186148099828252,-0.4078520285631412,0.0
5.7,29,2.955102388463083,-0.40609855286876984,0.0
5.7,30,-3.6439492904237114,0.3281615280952416,0.0
5.7,31,-2.9177854385454536,0.40990915364543395,0.0
5.7,32,-2.1961016447275754,0.41027066480181773,0.0
5.7,33,-1.4796853518059323,0.4548659606022227,0.0
5.7,34,-0.7992603836959645,0.41134146891881385,0.0
5.7,35,0.009524692730250278,0.3720700548875699,0.0
5.7,36,0.7462987131086682,0.2923669404870146,0.0
5.7,37,1.5178213752082823,0.27818293202762023,0.0
5.7,38,2.2368719318190515,0.43588004602124364,0.0
5.7,39,2.9161943881021863,0.29907510522763936,0.0
5.7,40,-3.6045709378773623,0.9752567353210139,0.0
5.7,41,-2.9277413653814044,1.1663388154237129,0.0
5.7,42,-2.1722324829763484,1.1375456002780886,0.0
5.7,43,-1.407096630442346,1.1327261035619838,0.0
5.7,44,-0.7834745102153592,1.0996475447220921,0.0
5.7,45,-0.09933100430810245,1.0780329480191146,0.0
5.7,46,0.7324514997952242,1.0226037820462544,0.0
5.7,47,1.5083034708527616,1.0764605956171232,0.0
5.7,48,2.225286437953999,1.170987492658101,0.0
5.7,49,2.8899861580479893,1.0171886047720955,0.0
5.800000000000001,0,-3.610190320181091,-1.7460852590854852,0.0
5.800000000000001,1,-2.8384815712386966,-1.7674640138059983,0.0
5.800000000000001,2,-2.1669531138192264,-1.8660458558059805,0.0
5.800000000000001,3,-1.4628614801974487,-1.7396426228862452,0.0
5.800000000000001,4,-0.6223213022797673,-1.706540426296325,0.0
5.800000000000001,5,-0.011095272303870751,-1.6890056029282625,0.0
5.800000000000001,6,0.6982557101532231,-1.707578533149076,0.0
5.800000000000001,7,1.362733733127198,-1.7793536981849716,0.0
5.800000000000001,8,2.065334802185352,-1.712656726892823,0.0
5.800000000000001,9,2.840032536660588,-1.7820275721490735,0.0
5.800000000000001,10,-3.5316070132575104,-1.0059171923970476,0.0
5.800000000000001,11,-2.8652523089166935,-0.9757202377657248,0.0
5.800000000000001,12,-2.200224102505271,-0.9896491127604108,0.0
5.800000000000001,13,-1.3349091760568852,-1.0744814890359797,0.0
5.800000000000001,14,-0.6248357552638472,-1.0864907643075328,0.0
5.800000000000001,15,0.04936033230914866,-1.002722752924883,0.0
5.800000000000001,16,0.7239781637975025,-0.9912151373881454,0.0
5.800000000000001,17,1.3515711453461345,-1.099869260364592,0.0
5.800000000000001,18,2.0672622977033597,-1.111397417452776,0.0
5.800000000000001,19,2.8863212078127503,-1.1614670915709013,0.0
5.800000000000001,20,-3.622091962028123,-0.32456698343405166,0.0
5.800000000000001,21,-2.7783431020720633,-0.4420814252828344,0.0
5.800000000000001,22,-2.0412094880134966,-0.33538729096433284,0.0
5.800000000000001,23,-1.4936244309366127,-0.2662306412769505,0.0
5.800000000000001,24,-0.6114450616963899,-0.31217269035914547,0.0
5.800000000000001,25,0.09924981704423327,-0.3828590234042063,0.0
5.800000000000001,26,0.7555268606186032,-0.2816599107699315,0.0
5.800000000000001,27,1.3318062786392408,-0.4433474530458962,0.0
5.800000000000001,28,2.1115756999793804,-0.33799817908203256,0.0
5.800000000000001,29,2.8374862374536467,-0.29726370407810765,0.0
5.800000000000001,30,-3.6123079622885625,0.4390386233127442,0.0
5.800000000000001,31,-2.889005361655135,0.2754478723224367,0.0
5.800000000000001,32,-2.151362447861904,0.2999729243492796,0.0
5.800000000000001,33,-1.450854121307767,0.2976784499468665,0.0
5.800000000000001,34,-0.6974206551584143,0.4123801667051086,0.0
5.800000000000001,35,-0.0765557101250707,0.3019178651538468,0.0
5.800000000000001,36,0.7462544271580356,0.42230769881814256,0.0
5.800000000000001,37,1.3636804220575292,0.4045123897737216,0.0
5.800000000000001,38,2.1584831630246764,0.3378630522391876,0.0
5.800000000000001,39,2.9210240477091562,0.33054640177000455,0.0
5.800000000000001,40,-3.5661209878429205,1.0415044148401003,0.0
5.800000000000001,41,-2.9148142888727238,1.1222584843209154,0.0
5.800000000000001,42,-2.214591550969585,1.1365734179006035,0.0
5.800000000000001,43,-1.3873576581072766,0.9681422397351412,0.0
5.800000000000001,44,-0.7844377451973052,1.1133708382479226,0.0
5.800000000000001,45,-0.012193975792813921,1.114788469572418,0.0
5.800000000000001,46,0.7694591972490277,1.0074610147390202,0.0
5.800000000000001,47,1.4232928240654392,1.151068448693374,0.0
5.800000000000001,48,2.2269202150945486,1.1409172913508294,0.0
5.800000000000001,49,2.8451372651114304,1.0790842284074837,0.0
5.9,0,-3.425627018097446,-1.6650120918520221,0.0
5.9,1,-2.790821603867921,-1.753445826710652,0.0
5.9,2,-2.0470108199140875,-1.699860173733686,0.0
5.9,3,-1.375322877572447,-1.7907522000991258,0.0
5.9,4,-0.6400342054963205,-1.7358825835340956,0.0
5.9,5,-0.04068038792382871,-1.8500138708250877,0.0
5.9,6,0.7751588360936822,-1.7989148804788142,0.0
5.9,7,1.4020056598215112,-1.8404984188176332,0.0
5.9,8,2.075188550234149,-1.8060039162231454,0.0
5.9,9,2.724178835829636,-1.723855909875656,0.0
5.9,10,-3.4691825773714573,-1.0378755051685757,0.0
5.9,11,-2.807977477377374,-0.9685091258033128,0.0
5.9,12,-2.194942314534001,-1.1234573722448022,0.0
5.9,13,-1.4744427280245875,-1.1258896971976171,0.0
5.9,14,-0.6668768410778172,-1.048733710971301,0.0
5.9,15,-0.04989653732393817,-1.0422833831502123,0.0
5.9,16,0.6227394694804654,-1.0932893111080573,0.0
5.9,17,1.3922090321471041,-1.0858779065350321,0.0
5.9,18,2.0859101650071916,-1.074804731291691,0.0
5.9,19,2.845530825844536,-1.0803905661362594,0.0
5.9,20,-3.6177484059532588,-0.42294202040078516,0.0
5.9,21,-2.8755650866502895,-0.269539569365952,0.0
5.9,22,-2.0901077935859,-0.4085429086757179,0.0
5.9,23,-1.3845511608484973,-0.2757749018189705,0.0
5.9,24,-0.7698079277687306,-0.3435168610673757,0.0
5.9,25,-0.003158441963118569,-0.2737253346410639,0.0
5.9,26,0.773523851719447,-0.362246248346545,0.0
5.9,27,1.477599201959145,-0.40889215712724203,0.0
5.9,28,2.18528377919401,-0.31610786613936126,0.0
5.9,29,2.7204372662449137,-0.2717221235740453,0.0
5.9,30,-3.5794039626988052,0.4148321367406974,0.0
5.9,31,-2.784737362842974,0.41771960500674715,0.0
5.9,32,-2.1161728955109296,0.37568900985999715,0.0
5.9,33,-1.3868481507832677,0.26709988988506406,0.0
5.9,34,-0.7069464404454741,0.4216825355810452,0.0
5.9,35,0.03884989494012048,0.39953040252757194,0.0
5.9,36,0.6688964916939664,0.38539363672538623,0.0
5.9,37,1.45133203291803,0.4073470263370371,0.0
5.9,38,2.1037486461563786,0.2571160388475119,0.0
5.9,39,2.8858425761089075,0.2614467334020102,0.0
5.9,40,-3.4735967544909863,1.0724283617918013,0.0
5.9,41,-2.8456101729198515,1.0825430776147575,0.0
5.9,42,-2.0975112081647764,1.1571096569633952,0.0
5.9,43,-1.381255056181727,1.1412973023437418,0.0
5.9,44,-0.7429897176322483,1.07286558481069,0.0
5.9,45,0.041429933355929593,1.1326164363942128,0.0
5.9,46,0.6290312439121211,0.9893242334683767,0.0
5.9,47,1.4651227110274945,1.1319868853874162,0.0
5.9,48,2.1846052504251667,1.1361482358010127,0.0
5.9,49,2.7755798355742014,1.1075000476890986,0.0
6.0,0,-3.448760779634931,-1.6938209765425039,0.0
6.0,1,-2.7662823483528807,-1.6604347070334402,0.0
6.0,2,-2.0750561915602166,-1.678091484368331,0.0
6.0,3,-1.4044534174495746,-1.6964918193869132,0.0
6.0,4,-0.686942802282462,-1.650995617553748,0.0
6.0,5,0.04345460527924433,-1.7671976498712088,0.0
6.0,6,0.765736312930281,-1.8172391877652618,0.0
6.0,7,1.3683392474786757,-1.660306837292357,0.0
6.0,8,2.0417670884124806,-1.6686914480843713,0.0
6.0,9,2.843562315211159,-1.753064964494548,0.0
6.0,10,-3.4863894112738354,-1.1177041118421052,0.0
6.0,11,-2.7690364683399524,-1.0122535800073802,0.0
6.0,12,-2.0193942114641676,-1.1166158023091308,0.0
6.0,13,-1.3506622441841767,-1.1466616505981817,0.0
6.0,14,-0.6782579506250449,-0.9900137054868023,0.0
6.0,15,-0.014831492780936026,-1.068947908671899,0.0
6.0,16,0.6364492872678347,-1.073697394104617,0.0
6.0,17,1.4147354775084209,-1.0172867706676365,0.0
6.0,18,2.1392832336658514,-1.0182871989873497,0.0
6.0,19,2.8008602138816276,-1.1315443615537535,0.0
6.0,20,-3.4250429626457017,-0.39159382795496117,0.0
6.0,21,-2.760351418061469,-0.2663974686373508,0.0
6.0,22,-2.0151329245280207,-0.42851790696335135,0.0
6.0,23,-1.3989985516183299,-0.40403202372748104,0.0
6.0,24,-0.7659596700715735,-0.3152715920318913,0.0
6.0,25,0.04485230336868254,-0.31862802019169745,0.0
6.0,26,0.7755590084785042,-0.3964169284726288,0.0
6.0,27,1.3270510569355731,-0.33581553070182596,0.0
6.0,28,2.106747491232064,-0.4226217812217342,0.0
6.0,29,2.8090854529986173,-0.37952453553915644,0.0
6.0,30,-3.512233466487728,0.32205848195213604,0.0
6.0,31,-2.769908973892313,0.3213378285993985,0.0
6.0,32,-2.1417438430607225,0.3148620184116575,0.0
6.0,33,-1.4061572468404593,0.3233023764501202,0.0
6.0,34,-0.6660248780016422,0.29305224272756913,0.0
6.0,35,-0.020822580740404745,0.3230257219506347,0.0
6.0,36,0.6889832527305617,0.37515154964965425,0.0
6.0,37,1.357641188300485,0.3676798375939888,0.0
6.0,38,2.008552781892129,0.2944189945593487,0.0
6.0,39,2.773077639261953,0.3547114575670721,0.0
6.0,40,-3.5098204063510234,0.9798035061949473,0.0
6.0,41,-2.762656532626682,1.064084402121631,0.0
6.0,42,-2.0809780789636263,0.9771225131848285,0.0
6.0,43,-1.4429188910927673,1.0179221561705072,0.0
6.0,44,-0.7551509770167568,1.0421196628583242,0.0
6.0,45,0.01669902235071856,0.9623051287349015,0.0
6.0,46,0.674034513601115,1.0970461238265836,0.0
6.0,47,1.44524645594417,0.9623084649363378,0.0
6.0,48,2.1214226371889926,1.0346926637859237,0.0
6.0,49,2.7544882015783365,1.1484786476347524,0.0
6.1000000000000005,0,-3.5262041571811533,-1.818029380235036,0.0
6.1000000000000005,1,-2.8552698898861664,-1.8154282210899864,0.0
6.1000000000000005,2,-2.1734625699189736,-1.776504791178569,0.0
6.1000000000000005,3,-1.4167516285152921,-1.7357409828970916,0.0
6.1000000000000005,4,-0.7471264464340263,-1.7463118879230537,0.0
6.1000000000000005,5,0.08706240957105282,-1.778862167437099,0.0
6.1000000000000005,6,0.5957765130531867,-1.7093242779896727,0.0
6.1000000000000005,7,1.4009384683203432,-1.6699580799164055,0.0
6.1000000000000005,8,2.0153124774319715,-1.7018948148341282,0.0
6.1000000000000005,9,2.7333380033314683,-1.7645736303064734,0.0
6.1000000000000005,10,-3.4941329864335384,-1.048100892745934,0.0
6.1000000000000005,11,-2.8787793812903844,-1.1192528818982945,0.0
6.1000000000000005,12,-2.1260577687757842,-0.9436054591148451,0.0
6.1000000000000005,13,-1.2943466968290893,-1.10132934417397,0.0
6.1000000000000005,14,-0.703258661404723,-1.0542008889238585,0.0
6.1000000000000005,15,0.08914034584599734,-1.0927105079619523,0.0
6.1000000000000005,16,0.703174663007839,-1.0832856807801199,0.0
6.1000000000000005,17,1.34899186064093,-0.9870661634679142,0.0
6.1000000000000005,18,2.022824371584471,-1.1346240651919492,0.0
6.1000000000000005,19,2.814061447918939,-1.0700218464760025,0.0
6.1000000000000005,20,-3.5298814141854202,-0.29914280505387025,0.0
6.1000000000000005,21,-2.716312307228575,-0.33133328361424674,0.0
6.1000000000000005,22,-2.0435839950776136,-0.26498783974822615,0.0
6.1000000000000005,23,-1.417494672257035,-0.24877482635202489,0.0
6.1000000000000005,24,-0.6574997274982708,-0.3838369677123307,0.0
6.1000000000000005,25,0.03238861635205642,-0.25469049992096904,0.0
6.1000000000000005,26,0.6312363483148757,-0.4208496532774958,0.0
6.1000000000000005,27,1.3114250257615232,-0.25849527796584826,0.0
6.1000000000000005,28,1.988882397363029,-0.38063234702370224,0.0
6.1000000000000005,29,2.736857918262423,-0.2480196585470502,0.0
6.1000000000000005,30,-3.4455432588554706,0.31227261733357814,0.0
6.1000000000000005,31,-2.7640998586781405,0.2557884443944899,0.0
6.1000000000000005,32,-2.1338432707472954,0.39384652008919196,0.0
6.1000000000000005,33,-1.4283283972529504,0.27240320058729695,0.0
6.1000000000000005,34,-0.7327766014585131,0.3877278898590506,0.0
6.1000000000000005,35,-0.002895810660123538,0.3033488907601277,0.0
6.1000000000000005,36,0.7610312630167857,0.255098706557779,0.0
6.1000000000000005,37,1.4270237578909541,0.3689707328638292,0.0
6.1000000000000005,38,2.0707854533133894,0.3014354439624659,0.0
6.1000000000000005,39,2.754833936362978,0.4136118144377545,0.0
6.1000000000000005,40,-3.4777550567980797,1.0824716281691373,0.0
6.1000000000000005,41,-2.7968422669757667,1.0698284454439342,0.0
6.1000000000000005,42,-2.122592462130885,0.9892306272763947,0.0
6.1000000000000005,43,-1.4319204538441774,1.1019287223055307,0.0
6.1000000000000005,44,-0.7552825271004606,0.9863526557746788,0.0
6.1000000000000005,45,-0.07257718856890388,1.0016401048783359,0.0
6.1000000000000005,46,0.7660380705265653,1.1027290971183663,0.0
6.1000000000000005,47,1.4340297324714646,1.1039960964078381,0.0
6.1000000000000005,48,2.0052626441604473,1.0112938267853229,0.0
6.1000000000000005,49,2.8302673120097843,1.069755575763681,0.0
6.2,0,-3.5457729759663814,-1.8098107339944465,0.0
6.2,1,-2.71967777575366,-1.667235112969645,0.0
6.2,2,-1.9942948800345501,-1.6876793211867736,0.0
6.2,3,-1.3272882133698467,-1.7704140840236382,0.0
6.2,4,-0.6646139831851923,-1.6864785624428413,0.0
6.2,5,-0.01343686644544484,-1.7215309080213272,0.0
6.2,6,0.6679004623928928,-1.7676514628967421,0.0
6.2,7,1.368449995952493,-1.7850060128501843,0.0
6.2,8,2.012496100440102,-1.6767628121934424,0.0
6.2,9,2.8399988244382057,-1.8108809295710069,0.0
6.2,10,-3.456729764106044,-1.1343702375111167,0.0
6.2,11,-2.8031215987518143,-1.0710089528372357,0.0
6.2,12,-1.9891138979612444,-1.0179280638785388,0.0
6.2,13,-1.3635940184286464,-0.9699680067025224,0.0
6.2,14,-0.6405858802022936,-1.0851438130396351,0.0
6.2,15,-0.034070015922085986,-1.047463108137323,0.0
6.2,16,0.6910189813667108,-1.124233405950773,0.0
6.2,17,1.4757797760006879,-1.1202830476063552,0.0
6.2,18,1.9784523853079665,-1.1019670549503553,0.0
6.2,19,2.823353089174255,-1.0662566753824385,0.0
6.2,20,-3.4533587368957153,-0.26890151965070674,0.0
6.2,21,-2.83902668637332,-0.42388883174229525,0.0
6.2,22,-2.1420202276622233,-0.2974369134792827,0.0
6.2,23,-1.4735374939445443,-0.2832962900606164,0.0
6.2,24,-0.624365993993855,-0.41182483949861115,0.0
6.2,25,-0.07440973504308941,-0.4040900420851519,0.0
6.2,26,0.7577463547333514,-0.35183697348359416,0.0
6.2,27,1.4215256353242962,-0.32792199222466295,0.0
6.2,28,2.160942909481203,-0.3581493814139077,0.0
6.2,29,2.7411871027777757,-0.295375102917084,0.0
6.2,30,-3.5156778343711554,0.3756136614606979,0.0
6.2,31,-2.8530075984854397,0.3270930584885015,0.0
6.2,32,-2.0687021689319214,0.38158469674196505,0.0
6.2,33,-1.3646857269732984,0.2616144634670618,0.0
6.2,34,-0.6042510353340723,0.3373774290806783,0.0
6.2,35,0.06801724470726028,0.3922540629489307,0.0
6.2,36,0.6733627599729594,0.3074263892902406,0.0
6.2,37,1.2800476007580444,0.4134761095178901,0.0
6.2,38,2.1017458372718085,0.36075402091006775,0.0
6.2,39,2.8388827461192236,0.35986971639557813,0.0
6.2,40,-3.371733981721972,1.0118011623247907,0.0
6.2,41,-2.7828718520703495,1.025104474412741,0.0
6.2,42,-2.1647712414599636,0.9636417230804475,0.0
6.2,43,-1.2986156395729376,1.0643413622780593,0.0
6.2,44,-0.6223436804684858,0.9985236741935737,0.0
6.2,45,-0.015302026206646308,1.101963684338739,0.0
6.2,46,0.7383317583982834,0.9437029633081674,0.0
6.2,47,1.4490276471754857,0.9967754887499564,0.0
6.2,48,2.169558326010761,0.963041651816951,0.0
6.2,49,2.730764707971524,1.0930288116689995,0.0
6.300000000000001,0,-3.3424946067701735,-1.7142109389731774,0.0
6.300000000000001,1,-2.7751794818014974,-1.793090099725763,0.0
6.300000000000001,2,-2.060342850364555,-1.7717515662065861,0.0
6.300000000000001,3,-1.4077907429615217,-1.627457025163174,0.0
6.300000000000001,4,-0.7200222860175984,-1.7345773444240415,0.0
6.300000000000001,5,0.0313660084519691,-1.8056873836213962,0.0
6.300000000000001,6,0.7719558883122392,-1.7422824285263288,0.0
6.300000000000001,7,1.2980811824728538,-1.674417035778025,0.0
6.300000000000001,8,2.009536566105326,-1.7923034487362324,0.0
6.300000000000001,9,2.765553983110535,-1.6128585716808543,0.0
6.300000000000001,10,-3.468494234075851,-0.9623390094233851,0.0
6.300000000000001,11,-2.7590157826661352,-1.0121074104138075,0.0
6.300000000000001,12,-2.0800493314593873,-0.9701483865067909,0.0
6.300000000000001,13,-1.2785369509506554,-1.118693504195791,0.0
6.300000000000001,14,-0.7478973637310573,-0.9295296671469613,0.0
6.300000000000001,15,0.021577347310512834,-0.9595995386599364,0.0
6.300000000000001,16,0.6947404100036398,-0.9968315072988518,0.0
6.300000000000001,17,1.4351299690309456,-1.0710838998908232,0.0
6.300000000000001,18,1.9567252034063467,-1.0317362806029784,0.0
6.300000000000001,19,2.649287413809403,-0.9558147738540125,0.0
6.300000000000001,20,-3.522096311657304,-0.3231530592639244,0.0
6.300000000000001,21,-2.71774611371872,-0.4093981902518463,0.0
6.300000000000001,22,-2.0593250384791832,-0.40588412512862304,0.0
6.300000000000001,23,-1.4178880092456756,-0.2572559254720831,0.0
6.300000000000001,24,-0.7253656898805912,-0.42964279441123987,0.0
6.300000000000001,25,0.04314361248591028,-0.405252890607345,0.0
6.300000000000001,26,0.741920364976223,-0.3634694082781273,0.0
6.300000000000001,27,1.4151587137316137,-0.36166008556691664,0.0
6.300000000000001,28,2.063448461284247,-0.3952208409372131,0.0
6.300000000000001,29,2.787535682316917,-0.43857512788186137,0.0
6.300000000000001,30,-3.3369433163742257,0.43821860683984526,0.0
6.300000000000001,31,-2.6454196247490795,0.4039918137977736,0.0
6.300000000000001,32,-2.0515639549677602,0.36553147307023387,0.0
6.300000000000001,33,-1.4505646802657963,0.34466491718350156,0.0
6.300000000000001,34,-0.6922964778495816,0.24569118504285034,0.0
6.300000000000001,35,-0.09301336482154365,0.2741439411172081,0.0
6.300000000000001,36,0.6009215815143163,0.38763610681626215,0.0
6.300000000000001,37,1.3690372442072734,0.348838350018992,0.0
6.300000000000001,38,1.9967976389703284,0.30549046024083903,0.0
6.300000000000001,39,2.8265251126309896,0.32919040927545445,0.0
6.300000000000001,40,-3.4142996752411268,0.92809436836924,0.0
6.300000000000001,41,-2.7855614120862184,1.0926579387275415,0.0
6.300000000000001,42,-2.0444307580593297,0.9842287198262852,0.0
6.300000000000001,43,-1.2956027565889967,1.0868732527203138,0.0
6.300000000000001,44,-0.7685568007182308,1.081088568832692,0.0
6.300000000000001,45,-0.039638304276680913,0.9602459651575896,0.0
6.300000000000001,46,0.6012324150786958,1.0657955088775453,0.0
6.300000000000001,47,1.3113715201107412,1.060855296379042,0.0
6.300000000000001,48,2.141799821461914,1.0739535110507232,0.0
6.300000000000001,49,2.7422368765501135,0.9738197280562971,0.0
6.4,0,-3.481849291740006,-1.7982551630619437,0.0
6.4,1,-2.6843474658132487,-1.7365501425412708,0.0
6.4,2,-1.9649833143818436,-1.6427091213030487,0.0
6.4,3,-1.4241833259822323,-1.7231120573610144,0.0
6.4,4,-0.6020644120285064,-1.7508193786475161,0.0
6.4,5,0.04140505651007703,-1.7107995290476212,0.0
6.4,6,0.7400758625604964,-1.6203952258485435,0.0
6.4,7,1.4573314646395115,-1.635749797974725,0.0
6.4,8,1.9516474875216707,-1.677840906454548,0.0
6.4,9,2.624009780703476,-1.7126070729912555,0.0
6.4,10,-3.31242819852661,-1.099574831898121,0.0
6.4,11,-2.785881903426631,-1.1074944396797863,0.0
6.4,12,-2.0981675579191035,-0.9489993805941939,0.0
6.4,13,-1.3186767266632116,-0.9921405415216681,0.0
6.4,14,-0.6650638185643307,-0.9435457293481416,0.0
6.4,15,-0.056545502500142564,-1.0028249669923854,0.0
6.4,16,0.7449935759738002,-1.0881690111676516,0.0
6.4,17,1.3658622286800544,-0.9319719206076783,0.0
6.4,18,2.054491544179215,-1.10160954558446,0.0
6.4,19,2.7043350258038803,-0.9611189176999982,0.0
6.4,20,-3.427821325340812,-0.3988890623946601,0.0
6.4,21,-2.8196592375521745,-0.36001188014323393,0.0
6.4,22,-2.070279002423191,-0.2769841939628984,0.0
6.4,23,-1.3381487996780903,-0.31072293423591235,0.0
6.4,24,-0.5971643336799597,-0.39992201455602217,0.0
6.4,25,0.016772214955114134,-0.28150251967614814,0.0
6.4,26,0.7611923380164843,-0.3020723028141816,0.0
6.4,27,1.298244913228504,-0.2799252782012801,0.0
6.4,28,2.1094258437669664,-0.4233031135272306,0.0
6.4,29,2.7254990754703434,-0.38629655846776856,0.0
6.4,30,-3.490130883984153,0.35007825241653345,0.0
6.4,31,-2.746538736071624,0.3527630252844563,0.0
6.4,32,-1.9904926124648115,0.38511914536930497,0.0
6.4,33,-1.4228658657203164,0.36879305087393044,0.0
6.4,34,-0.7762885305521507,0.2818593582421313,0.0
6.4,35,0.02746500996007223,0.27800855207464736,0.0
6.4,36,0.5983957155898891,0.25653504462704435,0.0
6.4,37,1.3312513425391472,0.337865525747607,0.0
6.4,38,2.1381138699174485,0.35544838116889166,0.0
6.4,39,2.6629211637764687,0.2823240240008348,0.0
6.4,40,-3.32138791225968,0.9424805515142041,0.0
6.4,41,-2.7506352785113712,1.015748028211784,0.0
6.4,42,-1.9502220573197122,1.0787781812860404,0.0
6.4,43,-1.3447090847699381,1.0444678811212829,0.0
6.4,44,-0.5931352087740993,1.0883024693273022,0.0
6.4,45,-0.07954104126313051,1.0538497333980088,0.0
6.4,46,0.6245850411874496,0.9533206556148273,0.0
6.4,47,1.3922738945247979,1.0938794356013077,0.0
6.4,48,2.106263854609934,0.9816411704889705,0.0
6.4,49,2.6646712278805387,1.0035358144556858,0.0
6.5,0,-3.4526432760827013,-1.7086197313133418,0.0
6.5,1,-2.7546389519542114,-1.6050798016399093,0.0
6.5,2,-2.062690678770412,-1.6780443372731177,0.0
6.5,3,-1.3331816354380763,-1.758667532482289,0.0
6.5,4,-0.7748596279215025,-1.6533473846815465,0.0
6.5,5,0.04303195393567377,-1.7520973031050018,0.0
6.5,6,0.5939844310802063,-1.6304756062152954,0.0
6.5,7,1.4358700136430613,-1.7752751152398865,0.0
6.5,8,1.9988429158469063,-1.7250894209824632,0.0
6.5,9,2.661031279635106,-1.7505428752502192,0.0
6.5,10,-3.345785455640698,-0.9898667800377446,0.0
6.5,11,-2.61360880692656,-1.027546398432713,0.0
6.5,12,-1.9288606309604197,-1.0075566604448007,0.0
6.5,13,-1.2655967455912722,-1.0447211551475264,0.0
6.5,14,-0.6322438226236065,-1.0019679910280848,0.0
6.5,15,0.048497967528532554,-1.0520492636374228,0.0
6.5,16,0.6379716230494074,-1.0413678040624843,0.0
6.5,17,1.2565067156152891,-1.0742995802593684,0.0
6.5,18,2.007837138149491,-0.9347228889350063,0.0
6.5,19,2.77144452513916,-1.0407877032832082,0.0
6.5,20,-3.2994247774936434,-0.3899927298102873,0.0
6.5,21,-2.684717583592883,-0.2792429231844611,0.0
6.5,22,-1.9657705018376153,-0.28451560520936703,0.0
6.5,23,-1.368208261311611,-0.26547737252327014,0.0
6.5,24,-0.7418913075237469,-0.32675007762037367,0.0
6.5,25,-0.05712521336707539,-0.2498033646890341,0.0
6.5,26,0.6152999165341799,-0.31285573835158614,0.0
6.5,27,1.314255287427349,-0.4353172934431959,0.0
6.5,28,2.0458292778216816,-0.24750753873581258,0.0
6.5,29,2.607966439537583,-0.3649675751758297,0.0
6.5,30,-3.287586936173506,0.34760788132221876,0.0
6.5,31,-2.6888311836623857,0.328965796958166,0.0
6.5,32,-2.1054652771013855,0.2740083973583102,0.0
6.5,33,-1.254298279926819,0.27839889751248126,0.0
6.5,34,-0.7363234233769891,0.2701311541881021,0.0
6.5,35,0.021493253856323544,0.4106491121013952,0.0
6.5,36,0.6216343269062595,0.38481512750486185,0.0
6.5,37,1.3173671677593661,0.2694880750695556,0.0
6.5,38,1.9751381970022135,0.38334112857204966,0.0
6.5,39,2.6676953650931443,0.4105377681078709,0.0
6.5,40,-3.401451774962279,1.0581177621984434,0.0
6.5,41,-2.6216683541996675,1.0359736538857967,0.0
6.5,42,-2.0651967137786094,1.047085683714053,0.0
6.5,43,-1.2693293942778767,0.997918627215066,0.0
6.5,44,-0.6227030767650308,1.092814151825694,0.0
6.5,45,0.03240733252897765,0.9477969367842273,0.0
6.5,46,0.7142901569642329,1.0221638572641627,0.0
6.5,47,1.333420460949184,0.974272539820017,0.0
6.5,48,1.962620675034056,0.9349915330636209,0.0
6.5,49,2.755843163668217,1.0330439603875758,0.0
6.6000000000000005,0,-3.2632459993708403,-1.7123298013734463,0.0
6.6000000000000005,1,-2.6251877649035547,-1.6506252521728926,0.0
6.6000000000000005,2,-1.9525263229233574,-1.5921453461273571,0.0
6.6000000000000005,3,-1.3657440004887706,-1.5844658070381703,0.0
6.6000000000000005,4,-0.6337416758129288,-1.6437489679079855,0.0
6.6000000000000005,5,-0.06442363307618679,-1.5997125176744593,0.0
6.6000000000000005,6,0.7558111482245479,-1.6463285773307343,0.0
6.6000000000000005,7,1.2420068507618873,-1.6093365095258403,0.0
6.6000000000000005,8,2.054507430535419,-1.7491611306166892,0.0
6.6000000000000005,9,2.620890012168531,-1.597807361867065,0.0
6.6000000000000005,10,-3.359500869364163,-0.9413421943698629,0.0
6.6000000000000005,11,-2.683338928577351,-1.0033229115921813,0.0
6.6000000000000005,12,-2.009203477600931,-1.0397620387068258,0.0
6.6000000000000005,13,-1.3153086776261733,-0.9263246522090047,0.0
6.6000000000000005,14,-0.7231926212252827,-1.0740251552795086,0.0
6.6000000000000005,15,-0.057520180742030004,-0.9946650414417058,0.0
6.6000000000000005,16,0.6615576132302528,-1.0413635124244822,0.0
6.6000000000000005,17,1.2939950157423912,-0.9084447457682145,0.0
6.6000000000000005,18,2.102452165143703,-1.0383078927432303,0.0
6.6000000000000005,19,2.7224643848652534,-1.0389651444047139,0.0
6.6000000000000005,20,-3.4488469003230313,-0.4036296402098373,0.0
6.6000000000000005,21,-2.721992839836852,-0.3555406096870864,0.0
6.6000000000000005,22,-1.911934116069878,-0.39694388484402626,0.0
6.6000000000000005,23,-1.2756775398621298,-0.3369010072291982,0.0
6.6000000000000005,24,-0.5964997872073109,-0.35889854958370304,0.0
6.6000000000000005,25,0.08249758304470484,-0.3771211663353965,0.0
6.6000000000000005,26,0.5836689962050662,-0.2634894551436634,0.0
6.6000000000000005,27,1.3242805819436108,-0.40734185885518565,0.0
6.6000000000000005,28,1.9210972167331324,-0.23518572409980193,0.0
6.6000000000000005,29,2.736807467475197,-0.2849525543897645,0.0
6.6000000000000005,30,-3.4312733379546647,0.32092438403086077,0.0
6.6000000000000005,31,-2.58001702407021,0.36669212408631713,0.0
6.6000000000000005,32,-2.042607003018404,0.34999111007163003,0.0
6.6000000000000005,33,-1.3608405130119297,0.36521973529528484,0.0
6.6000000000000005,34,-0.6427668306857551,0.3968074098865944,0.0
6.6000000000000005,35,0.053957633839353425,0.4180157341345433,0.0
6.6000000000000005,36,0.6032200595178641,0.2896616002073376,0.0
6.6000000000000005,37,1.2636903443795187,0.37151531286337686,0.0
6.6000000000000005,38,1.9324343513582478,0.2771158385936309,0.0
6.6000000000000005,39,2.643062134847573,0.257537880496116,0.0
6.6000000000000005,40,-3.2538081111212565,0.9060536505738521,0.0
6.6000000000000005,41,-2.5879129017753777,0.9958828825456421,0.0
6.6000000000000005,42,-2.019581263712377,0.9359341562759047,0.0
6.6000000000000005,43,-1.3530440622340036,1.037146817769935,0.0
6.6000000000000005,44,-0.5940286397695704,1.0166835967490582,0.0
6.6000000000000005,45,-0.0401055540090298,0.9804458856780702,0.0
6.6000000000000005,46,0.6056303475679891,1.0615165120881231,0.0
6.6000000000000005,47,1.2728407853366501,0.9262058195383261,0.0
6.6000000000000005,48,1.965809841025802,1.0471931835690735,0.0
6.6000000000000005,49,2.7769262256872285,1.0244052760108375,0.0
6.7,0,-3.2872320043197396,-1.7364749156850925,0.0
6.7,1,-2.578440136768384,-1.596914091191378,0.0
6.7,2,-1.9877644442779574,-1.6924954720602856,0.0
6.7,3,-1.31842761635853,-1.5722724157531078,0.0
6.7,4,-0.6781873118482776,-1.7201388276940377,0.0
6.7,5,-0.03546645903220845,-1.7319622061370568,0.0
6.7,6,0.6151562085769259,-1.7620352574364921,0.0
6.7,7,1.3954776536121518,-1.6570687136435254,0.0
6.7,8,1.9900292608715755,-1.7213488337223324,0.0
6.7,9,2.709314561382596,-1.5862254724908362,0.0
6.7,10,-3.338484865437546,-0.936629971412995,0.0
6.7,11,-2.6641610791359196,-1.0818364016154711,0.0
6.7,12,-2.084321719435477,-1.076768107773298,0.0
6.7,13,-1.3560314899029375,-1.0378780939626273,0.0
6.7,14,-0.6061842607836232,-0.9123091179629672,0.0
6.7,15,0.06942572981484393,-1.0811875261948614,0.0
6.7,16,0.5828556948104537,-0.9295414688391505,0.0
6.7,17,1.260417850571585,-1.0648156873225216,0.0
6.7,18,2.084512811528528,-1.0001107517852188,0.0
6.7,19,2.7048866703861427,-1.0084293376874438,0.0
6.7,20,-3.3166655300250176,-0.24548138537817113,0.0
6.7,21,-2.6568998245989377,-0.2675310750409423,0.0
6.7,22,-2.0836045215343684,-0.2853429492830308,0.0
6.7,23,-1.3863532390514413,-0.38409937097209135,0.0
6.7,24,-0.6076754200791663,-0.4170008857413448,0.0
6.7,25,-0.076529899776504,-0.35631917523396656,0.0
6.7,26,0.5986443483278827,-0.24186919373674345,0.0
6.7,27,1.410823356259381,-0.3624634095195032,0.0
6.7,28,1.9232343736151967,-0.2672304698971685,0.0
6.7,29,2.5600643587126957,-0.39408493063241207,0.0
6.7,30,-3.307266681087548,0.3967178521846373,0.0
6.7,31,-2.711484881177273,0.4002068678586188,0.0
6.7,32,-2.0020441243347467,0.2684371119870172,0.0
6.7,33,-1.2623580686639941,0.2522948034847953,0.0
6.7,34,-0.6593103166934886,0.40337744604999276,0.0
6.7,35,-0.0035007530958210548,0.29857414837229246,0.0
6.7,36,0.7597280030929858,0.2510259848030385,0.0
6.7,37,1.2334807431878225,0.4193661178812914,0.0
6.7,38,1.903393409944652,0.4210120975191741,0.0
6.7,39,2.6632782638181456,0.3970462551057019,0.0
6.7,40,-3.3774167233656858,0.9432333943561977,0.0
6.7,41,-2.580019599548172,0.9536581553880731,0.0
6.7,42,-2.008366134806191,1.0957934811295036,0.0
6.7,43,-1.2592971974721467,0.923723556117311,0.0
6.7,44,-0.6555242894852701,1.0764977784904797,0.0
6.7,45,0.059209911730282644,1.0858308912771966,0.0
6.7,46,0.607476332466683,1.0510144782739124,0.0
6.7,47,1.393055600996631,0.9772976689901453,0.0
6.7,48,1.9540277951640712,0.9579063063208767,0.0
6.7,49,2.676200178611439,1.09439292520875,0.0
6.800000000000001,0,-3.2708942450167373,-1.6569405080821569,0.0
6.800000000000001,1,-2.617271100038771,-1.6591016961531335,0.0
6.800000000000001,2,-1.9313173744515162,-1.6088972860999675,0.0
6.800000000000001,3,-1.3776452120381344,-1.5984496168129918,0.0
6.800000000000001,4,-0.612093033276915,-1.6837799255037,0.0
6.800000000000001,5,0.005338949710797777,-1.5928165763216646,0.0
6.800000000000001,6,0.6375522681522203,-1.6157958707995965,0.0
6.800000000000001,7,1.389098124574045,-1.7042947617085695,0.0
6.800000000000001,8,1.9035056055112776,-1.5544562491824316,0.0
6.800000000000001,9,2.678739620543249,-1.6204790398105995,0.0
6.800000000000001,10,-3.204213225682519,-1.0100270547640398,0.0
6.800000000000001,11,-2.6704553294399154,-0.9793031622255044,0.0
6.800000000000001,12,-1.9348608253686264,-1.052640393877119,0.0
6.800000000000001,13,-1.3542065376890917,-1.0332826153137362,0.0
6.800000000000001,14,-0.5978036645797387,-0.9035141078653046,0.0
6.800000000000001,15,-0.02744331580490414,-0.8933702778440771,0.0
6.800000000000001,16,0.7094055812236364,-0.9678388511312018,0.0
6.800000000000001,17,1.2862420176767106,-1.0046695172964193,0.0
6.800000000000001,18,1.934364821710179,-0.8917025415137592,0.0
6.800000000000001,19,2.677827289175819,-0.9645236401677335,0.0
6.800000000000001,20,-3.324309891365671,-0.3646470729416476,0.0
6.800000000000001,21,-2.714397098305514,-0.23339479015660794,0.0
6.800000000000001,22,-1.9529702938278872,-0.4211041641371178,0.0
6.800000000000001,23,-1.2489220168579283,-0.29829113793827644,0.0
6.800000000000001,24,-0.636640328513026,-0.4173693616776207,0.0
6.800000000000001,25,0.09676326324558124,-0.26509590994804205,0.0
6.800000000000001,26,0.6932264941233337,-0.35513104096605996,0.0
6.800000000000001,27,1.3074515617386555,-0.38250566417699017,0.0
6.800000000000001,28,1.8947802383279337,-0.2887786149757922,0.0
6.800000000000001,29,2.7266060486915014,-0.40817720500685595,0.0
6.800000000000001,30,-3.3760162925996866,0.33515389066914103,0.0
6.800000000000001,31,-2.6131184656827213,0.38032850767004744,0.0
6.800000000000001,32,-1.9835594979910174,0.25693677975473483,0.0
6.800000000000001,33,-1.3687238627863167,0.3179190745434394,0.0
6.800000000000001,34,-0.6833301619440876,0.36299585469382417,0.0
6.800000000000001,35,0.08757760333604772,0.3531881235065919,0.0
6.800000000000001,36,0.7423024862878723,0.41178763514448513,0.0
6.800000000000001,37,1.2817318039501417,0.404586831972543,0.0
6.800000000000001,38,1.9578918534229388,0.3600296481673964,0.0
6.800000000000001,39,2.706931390884121,0.36880224372114345,0.0
6.800000000000001,40,-3.3959863985119982,1.0789995692350738,0.0
6.800000000000001,41,-2.715972552828885,1.0588806046995656,0.0
6.800000000000001,42,-1.8930968227910543,0.9936337013848847,0.0
6.800000000000001,43,-1.3041131251528015,0.9682823735254134,0.0
6.800000000000001,44,-0.6022467279676268,1.0433253389275363,0.0
6.800000000000001,45,-0.09112840122178352,1.005291435996199,0.0
6.800000000000001,46,0.6265112780553244,0.8952287364846674,0.0
6.800000000000001,47,1.255464657494739,1.0002075001126176,0.0
6.800000000000001,48,2.024978884635895,0.9892493971238968,0.0
6.800000000000001,49,2.5584264500988136,1.057328405379911,0.0
6.9,0,-3.248953339492084,-1.7031065713933597,0.0
6.9,1,-2.585357365694122,-1.7156948152406764,0.0
6.9,2,-1.9255828268800699,-1.6035620903313599,0.0
6.9,3,-1.2199905644923426,-1.6454479368918822,0.0
6.9,4,-0.71822620516149,-1.706811104351757,0.0
6.9,5,0.05877788054860411,-1.5728859078970887,0.0
6.9,6,0.658375987086509,-1.6441944716777896,0.0
6.9,7,1.362302956893816,-1.6181746321964545,0.0
6.9,8,2.06418213491365,-1.5812187588871467,0.0
6.9,9,2.5994918424244875,-1.5669635712035175,0.0
6.9,10,-3.374151394304637,-1.0106812909346599,0.0
6.9,11,-2.5987715741343997,-1.0743547084908984,0.0
6.9,12,-2.016153939773858,-1.0441899372357122,0.0
6.9,13,-1.2337269121377996,-0.9584961419947018,0.0
6.9,14,-0.6097619280556239,-0.9449107859901931,0.0
6.9,15,-0.05838040464494616,-1.0123577066254927,0.0
6.9,16,0.6383394259584448,-0.8903479845963018,0.0
6.9,17,1.281696887854075,-1.0275585749246168,0.0
6.9,18,1.8692564752345187,-0.9873869750126596,0.0
6.9,19,2.5783961550868093,-1.0362688745230664,0.0
6.9,20,-3.253877338813515,-0.36994543565219773,0.0
6.9,21,-2.701594104042943,-0.353372506008215,0.0
6.9,22,-2.0058323839154437,-0.37043075011525695,0.0
6.9,23,-1.2691551925981042,-0.2909230457152739,0.0
6.9,24,-0.6327959203524464,-0.3446927192755347,0.0
6.9,25,0.048235950983438663,-0.2846964597407362,0.0
6.9,26,0.6532073784101732,-0.2697831711682269,0.0
6.9,27,1.218093401441129,-0.3865319598245463,0.0
6.9,28,1.9335636343693128,-0.383495947980548,0.0
6.9,29,2.5310177216767307,-0.26353883773293474,0.0
6.9,30,-3.235403176510391,0.2550583190534673,0.0
6.9,31,-2.5886548070621234,0.3974226398081956,0.0
6.9,32,-1.9599339460750693,0.31428909525704674,0.0
6.9,33,-1.358641110022234,0.3700848337840913,0.0
6.9,34,-0.5820612710868331,0.3808799388162637,0.0
6.9,35,0.0994611212779681,0.3479751840376647,0.0
6.9,36,0.6503629309202353,0.23480817705055246,0.0
6.9,37,1.382793767647604,0.39063596917701426,0.0
6.9,38,1.8922464083848896,0.27027426458560877,0.0
6.9,39,2.56385620683203,0.42651412309531234,0.0
6.9,40,-3.286374545007176,0.905912501853295,0.0
6.9,41,-2.6137488012238954,1.0406493513349513,0.0
6.9,42,-1.9920402395419847,1.0654991380533143,0.0
6.9,43,-1.375254261878473,1.0284972477707006,0.0
6.9,44,-0.5612230127862574,1.0267998190549628,0.0
6.9,45,-0.04526591318112732,1.0498099585043692,0.0
6.9,46,0.6182870021111341,1.0292115409639653,0.0
6.9,47,1.2130892038762071,0.9740321998830683,0.0
6.9,48,1.93414636020487,1.0490055481319804,0.0
6.9,49,2.5320455821402272,1.0702309080139947,0.0
7.0,0,-3.337213443276605,-1.5695959241085995,0.0
7.0,1,-2.6079276039796047,-1.5593376932546565,0.0
7.0,2,-1.956602085125061,-1.6815639653306307,0.0
7.0,3,-1.243259448919262,-1.5294472460840864,0.0
7.0,4,-0.6437488408561537,-1.6255460782114146,0.0
7.0,5,0.006327318489832187,-1.6194426262574697,0.0
7.0,6,0.65728197874105,-1.5579881704070724,0.0
7.0,7,1.3034191070876069,-1.6979716526934427,0.0
7.0,8,1.8549078394886644,-1.5670232838216684,0.0
7.0,9,2.6288411927401545,-1.6917119609795113,0.0
7.0,10,-3.2407290293501383,-0.9264275092377922,0.0
7.0,11,-2.5600787787938186,-1.044737780936237,0.0
7.0,12,-2.0133213409356414,-1.0204987951932196,0.0
7.0,13,-1.2565482538375905,-1.0745219439562552,0.0
7.0,14,-0.5502829376231357,-0.9694777668476124,0.0
7.0,15,0.02225803931163879,-0.9876935800958047,0.0
7.0,16,0.5886803901468552,-1.0027545446298154,0.0
7.0,17,1.3431789133735905,-0.9545203124249975,0.0
7.0,18,1.938639362051797,-0.8997960769661485,0.0
7.0,19,2.5043397747164162,-1.0631311516648352,0.0
7.0,20,-3.344848668928083,-0.2378268143476105,0.0
7.0,21,-2.557513548744299,-0.42423209546302615,0.0
7.0,22,-1.961842266165769,-0.41982218283134676,0.0
7.0,23,-1.3413507569489085,-0.39877890145483924,0.0
7.0,24,-0.680650164428763,-0.34508248336515446,0.0
7.0,25,-0.05387822212166924,-0.41629863146768475,0.0
7.0,26,0.6683156982583692,-0.2479169175434945,0.0
7.0,27,1.2824831128167729,-0.33300700617295326,0.0
7.0,28,1.9245181856895552,-0.3386118117891356,0.0
7.0,29,2.5542223928996095,-0.2251143910777311,0.0
7.0,30,-3.2998962720602685,0.2747211180386743,0.0
7.0,31,-2.5896608111832884,0.42045003776239087,0.0
7.0,32,-1.8695585382861113,0.3269541431847573,0.0
7.0,33,-1.3289123301054853,0.3531405966016499,0.0
7.0,34,-0.7253208392576654,0.3109253396261343,0.0
7.0,35,0.09833651515547093,0.2665506038940002,0.0
7.0,36,0.570186989711968,0.4035298762673908,0.0
7.0,37,1.286884289178295,0.2824092070028134,0.0
7.0,38,2.0376677136173704,0.3657735482277805,0.0
7.0,39,2.5461347451021044,0.404677547729618,0.0
7.0,40,-3.2262752050816284,1.0034650375652416,0.0
7.0,41,-2.665972676755179,1.0622806775284899,0.0
7.0,42,-2.0332961329408072,0.8958688259980618,0.0
7.0,43,-1.2619589650975913,0.9286912665868196,0.0
7.0,44,-0.7014684251088453,0.9606597508001338,0.0
7.0,45,0.010398239718373725,0.9495746597789666,0.0
7.0,46,0.6309036009764978,0.882827896226702,0.0
7.0,47,1.3193530496598396,0.9005257655258334,0.0
7.0,48,1.9717447973046016,0.9544738553781691,0.0
7.0,49,2.5456027381459543,1.0298403445816289,0.0
7.1000000000000005,0,-3.2528770442515746,-1.6372998627649704,0.0
7.1000000000000005,1,-2.675520668944073,-1.6000095368803662,0.0
7.1000000000000005,2,-1.9878183610087146,-1.6689089379127682,0.0
7.1000000000000005,3,-1.2808828203313634,-1.673635237294358,0.0
7.1000000000000005,4,-0.7247215785297522,-1.5346174147789935,0.0
7.1000000000000005,5,-0.03734345901929084,-1.6045643485272256,0.0
7.1000000000000005,6,0.6167683851321344,-1.5523294413333717,0.0
7.1000000000000005,7,1.3326226928567417,-1.6512922931351317,0.0
7.1000000000000005,8,1.8747999242940918,-1.6901962449173462,0.0
7.1000000000000005,9,2.576289676147574,-1.588325486498673,0.0
7.1000000000000005,10,-3.2206145778772997,-0.8769243471471578,0.0
7.1000000000000005,11,-2.6494460967455007,-0.956000670144849,0.0
7.1000000000000005,12,-1.8865024377101511,-0.9576672457878017,0.0
7.1000000000000005,13,-1.2052988024064735,-0.9261340314776305,0.0
7.1000000000000005,14,-0.5471241304551576,-0.9879885051486869,0.0
7.1000000000000005,15,0.09840049373415935,-1.0329215115654407,0.0
7.1000000000000005,16,0.5528420589140762,-0.9022590062117088,0.0
7.1000000000000005,17,1.263908074323013,-0.932851014195789,0.0
7.1000000000000005,18,1.9958060887534104,-0.9707750034657596,0.0
7.1000000000000005,19,2.4933609936384165,-1.0117520560690783,0.0
7.1000000000000005,20,-3.195289472036026,-0.3077542943644056,0.0
7.1000000000000005,21,-2.6108451178777528,-0.38305943505851825,0.0
7.1000000000000005,22,-1.884711127656827,-0.23282202127739954,0.0
7.1000000000000005,23,-1.261568183684668,-0.23649047608298943,0.0
7.1000000000000005,24,-0.7052584862701077,-0.28400533834517516,0.0
7.1000000000000005,25,0.0934505231705689,-0.395706559528903,0.0
7.1000000000000005,26,0.5996217917831281,-0.29379738459042626,0.0
7.1000000000000005,27,1.2909821146159255,-0.3783576915819594,0.0
7.1000000000000005,28,1.9972482992198275,-0.3605928435687905,0.0
7.1000000000000005,29,2.4873038719126424,-0.3561840927906945,0.0
7.1000000000000005,30,-3.2808876769133493,0.3609689064315536,0.0
7.1000000000000005,31,-2.633507760550115,0.2678835286915175,0.0
7.1000000000000005,32,-1.9948679171414017,0.3276164376317764,0.0
7.1000000000000005,33,-1.2438787239967675,0.25098083435884994,0.0
7.1000000000000005,34,-0.6531204432564449,0.26141606442513504,0.0
7.1000000000000005,35,0.046888601596897395,0.42202443835341164,0.0
7.1000000000000005,36,0.5934848575719023,0.3939076948086059,0.0
7.1000000000000005,37,1.1965871332986675,0.2888114409162678,0.0
7.1000000000000005,38,1.9720046138354914,0.34533171789570694,0.0
7.1000000000000005,39,2.4892765804242805,0.3676145202665532,0.0
7.1000000000000005,40,-3.2518816168796785,0.9524429440329707,0.0
7.1000000000000005,41,-2.52922083163089,0.9827091769104231,0.0
7.1000000000000005,42,-1.9328491790887197,1.0352110078754808,0.0
7.1000000000000005,43,-1.3637941860638678,0.8888469981719811,0.0
7.1000000000000005,44,-0.7225899579359204,1.0189362074791806,0.0
7.1000000000000005,45,-0.050122726493054895,0.9556083939852076,0.0
7.1000000000000005,46,0.7320530038399444,0.9951919023343255,0.0
7.1000000000000005,47,1.228778672266593,0.9660732724106724,0.0
7.1000000000000005,48,1.8601020292383343,0.9223438534217324,0.0
7.1000000000000005,49,2.5003468692989976,1.0223962417181265,0.0
7.2,0,-3.1426695899701995,-1.6937240869216388,0.0
7.2,1,-2.6050428606270737,-1.681329962047407,0.0
7.2,2,-1.8622807224252353,-1.6787248370461871,0.0
7.2,3,-1.2851226062445102,-1.6427459321804734,0.0
7.2,4,-0.6891400748061328,-1.6573086471806673,0.0
7.2,5,-0.004796217040275913,-1.5931345546495013,0.0
7.2,6,0.5926016396155696,-1.5174489279745809,0.0
7.2,7,1.3567768501659143,-1.5159539962539843,0.0
7.2,8,1.8939013318678075,-1.518763845916404,0.0
7.2,9,2.6460095089213636,-1.5750926268038408,0.0
7.2,10,-3.197462644998478,-1.0487316264287558,0.0
7.2,11,-2.5549840910828654,-1.0563606255703837,0.0
7.2,12,-1.826179128086807,-0.8715316890442847,0.0
7.2,13,-1.240214321120824,-0.9462435386359074,0.0
7.2,14,-0.5657541160717363,-1.0027391045825174,0.0
7.2,15,0.05883694151084504,-1.0351688066010958,0.0
7.2,16,0.6278220871098434,-0.9988124756245425,0.0
7.2,17,1.1923932940788489,-1.0097757692241824,0.0
7.2,18,1.9910834892617713,-0.9943397011031391,0.0
7.2,19,2.6564855893654835,-0.9835646690487585,0.0
7.2,20,-3.103893199684627,-0.35654764432046115,0.0
7.2,21,-2.4699143909748718,-0.255198253120736,0.0
7.2,22,-1.9264446044955215,-0.2818398975270401,0.0
7.2,23,-1.3121093771536927,-0.26879026511611315,0.0
7.2,24,-0.5908500355640386,-0.35768882084790504,0.0
7.2,25,-0.016896572727685327,-0.27282869605614496,0.0
7.2,26,0.6239320947863389,-0.3954111054092751,0.0
7.2,27,1.1878272931344498,-0.41094539587590373,0.0
7.2,28,1.9524380148959648,-0.39608652077262296,0.0
7.2,29,2.5670159686464364,-0.3880576117798705,0.0
7.2,30,-3.1147775222740304,0.2816396191677277,0.0
7.2,31,-2.5313466674779708,0.2232986381651465,0.0
7.2,32,-1.972722271589113,0.239426680788477,0.0
7.2,33,-1.3783415799037424,0.37917591444940846,0.0
7.2,34,-0.6070528003305993,0.3109508064142842,0.0
7.2,35,0.07540436273935666,0.4159419760765297,0.0
7.2,36,0.7199498450719497,0.39113246765906073,0.0
7.2,37,1.2201980683726261,0.3686799016964458,0.0
7.2,38,1.9851797025005338,0.32698629313693905,0.0
7.2,39,2.6026931093584005,0.3367699264395882,0.0
7.2,40,-3.294464130000672,0.8860181937584435,0.0
7.2,41,-2.598124186813107,0.9797719922570461,0.0
7.2,42,-1.9132527253715153,0.9134861839385907,0.0
7.2,43,-1.365193446175867,0.9360998354435122,0.0
7.2,44,-0.7145597596106597,0.872845536408476,0.0
7.2,45,0.036810569577218566,0.8682927037307859,0.0
7.2,46,0.7114608754947186,0.9782709665714889,0.0
7.2,47,1.2246551938070032,1.0521519965313266,0.0
7.2,48,2.0093936351089896,0.9649165364068064,0.0
7.2,49,2.5490185459985177,0.8851132298393702,0.0
7.300000000000001,0,-3.080136601957001,-1.5927156934881619,0.0
7.300000000000001,1,-2.563496177501304,-1.6599552231824624,0.0
7.300000000000001,2,-1.9650818838321271,-1.5038504886266342,0.0
7.300000000000001,3,-1.171503401180239,-1.602927341464525,0.0
7.300000000000001,4,-0.5910199961290711,-1.6424113700496803,0.0
7.300000000000001,5,0.031120618528978877,-1.520144818516487,0.0
7.300000000000001,6,0.7256516074322241,-1.6602790907982647,0.0
7.300000000000001,7,1.2879183210505574,-1.5059260843852722,0.0
7.300000000000001,8,1.9326138773547257,-1.6184695722140976,0.0
7.300000000000001,9,2.5534021194297316,-1.537827330749562,0.0
7.300000000000001,10,-3.1805801733196786,-0.9905370335715281,0.0
7.300000000000001,11,-2.5898987309147703,-0.8583542209774344,0.0
7.300000000000001,12,-1.8210517391131011,-0.8959133134639848,0.0
7.300000000000001,13,-1.2019416230923077,-0.9081930349885283,0.0
7.300000000000001,14,-0.7008506178557767,-0.9830204807317707,0.0
7.300000000000001,15,-0.025540911661167384,-1.0119634997036744,0.0
7.300000000000001,16,0.7127074986136483,-0.8554043059041039,0.0
7.300000000000001,17,1.2034756737646142,-0.8701935903525767,0.0
7.300000000000001,18,1.9514248876460776,-0.8966482526563564,0.0
7.300000000000001,19,2.5754879901140026,-0.9139574380115234,0.0
7.300000000000001,20,-3.0997025122337813,-0.30015378384887664,0.0
7.300000000000001,21,-2.545945709384625,-0.37519281721325426,0.0
7.300000000000001,22,-1.8946182590674787,-0.34901419738481393,0.0
7.300000000000001,23,-1.1758978109116276,-0.30247429464472153,0.0
7.300000000000001,24,-0.6878717110918042,-0.24519513038048882,0.0
7.300000000000001,25,-0.09083244983394018,-0.29168421949173934,0.0
7.300000000000001,26,0.6414702047348035,-0.2218757888226249,0.0
7.300000000000001,27,1.2104790939461463,-0.3342619877181014,0.0
7.300000000000001,28,1.9881826850181896,-0.35455326041559687,0.0
7.300000000000001,29,2.590315692648524,-0.2288940348147999,0.0
7.300000000000001,30,-3.1479621374613593,0.22495896348240202,0.0
7.300000000000001,31,-2.639853225852534,0.3529346058531764,0.0
7.300000000000001,32,-1.9465381631173242,0.35890282876015384,0.0
7.300000000000001,33,-1.299459596795355,0.3314787618324479,0.0
7.300000000000001,34,-0.5797987488930567,0.35503614356207136,0.0
7.300000000000001,35,-0.08515154312219322,0.2719740283732946,0.0
7.300000000000001,36,0.6278983363911749,0.3481667594995814,0.0
7.300000000000001,37,1.323179589119919,0.2405449201350931,0.0
7.300000000000001,38,1.8609560282028383,0.3285345737188132,0.0
7.300000000000001,39,2.636537638945067,0.2639074245020672,0.0
7.300000000000001,40,-3.215577463849814,0.8640149123160741,0.0
7.300000000000001,41,-2.5375163459679935,1.0505710561407773,0.0
7.300000000000001,42,-1.9740334339137968,0.86188897941602,0.0
7.300000000000001,43,-1.2042717146061461,0.8874620800734889,0.0
7.300000000000001,44,-0.6713039719015932,0.9390589709120423,0.0
7.300000000000001,45,0.04327745754257886,0.9850279602676068,0.0
7.300000000000001,46,0.5385596323275531,0.8933480348575298,0.0
7.300000000000001,47,1.2141554798352925,1.0160891422473894,0.0
7.300000000000001,48,1.897063584076553,0.9405765610906999,0.0
7.300000000000001,49,2.5406847948067677,1.0213667097729797,0.0
7.4,0,-3.1346292079025626,-1.5107739937168643,0.0
7.4,1,-2.554138981348123,-1.6485792514371507,0.0
7.4,2,-1.8063998304574695,-1.5585383096724834,0.0
7.4,3,-1.2064642236233882,-1.489224228475031,0.0
7.4,4,-0.5795587565523953,-1.5066507377320915,0.0
7.4,5,-0.08483901349186503,-1.4915221761891488,0.0
7.4,6,0.6689370417717191,-1.655981689013625,0.0
7.4,7,1.1837538696214978,-1.5452657938152636,0.0
7.4,8,1.9675001285171765,-1.5429073016013177,0.0
7.4,9,2.5263934104500994,-1.5241431282363993,0.0
7.4,10,-3.074942964201099,-0.9181343536900728,0.0
7.4,11,-2.4229495449785263,-0.9346321269915658,0.0
7.4,12,-1.8224837579007687,-1.023663716430703,0.0
7.4,13,-1.2182213473356047,-0.9008051531104437,0.0
7.4,14,-0.5638601485374849,-0.8839981203326914,0.0
7.4,15,0.09853274021872621,-0.8951147747853813,0.0
7.4,16,0.5625914760816081,-0.9966940155132554,0.0
7.4,17,1.282472558518915,-0.8914624440447678,0.0
7.4,18,1.921851848458619,-0.913677158515598,0.0
7.4,19,2.4493395118443546,-1.0064673723975626,0.0
7.4,20,-3.237191460029128,-0.3286243231694563,0.0
7.4,21,-2.5133336689538353,-0.23218182332143222,0.0
7.4,22,-1.8990569728820486,-0.29356427109976896,0.0
7.4,23,-1.2320048765888238,-0.22728197489764876,0.0
7.4,24,-0.6755794126793403,-0.3429709795538818,0.0
7.4,25,0.03738704936191162,-0.3041747576139484,0.0
7.4,26,0.6879092283714366,-0.37248357030569607,0.0
7.4,27,1.1966902014320009,-0.21757677322991228,0.0
7.4,28,1.8598493856112726,-0.25975254392663577,0.0
7.4,29,2.532279633582544,-0.21582045462286514,0.0
7.4,30,-3.178959720660655,0.41376149357181147,0.0
7.4,31,-2.4902337297592716,0.30503330998472755,0.0
7.4,32,-1.96372058228223,0.22782474544079162,0.0
7.4,33,-1.203198858562069,0.3582038890424358,0.0
7.4,34,-0.6633110404366422,0.24751755837613088,0.0
7.4,35,0.041935626763355105,0.38320387542255985,0.0
7.4,36,0.6616703061634697,0.25056176883086756,0.0
7.4,37,1.1785712723348496,0.2671778917667299,0.0
7.4,38,1.8263693213639267,0.28894500507011917,0.0
7.4,39,2.509288638323305,0.3907573113761027,0.0
7.4,40,-3.2213920331486725,0.8821692061965362,0.0
7.4,41,-2.565800301791238,0.9694581808538616,0.0
7.4,42,-1.9621668417697593,0.9973050485318413,0.0
7.4,43,-1.2966355847516147,0.9181671098519149,0.0
7.4,44,-0.6777457132284336,0.9448624980804796,0.0
7.4,45,0.09682882788223787,1.0133908232266586,0.0
7.4,46,0.5387149720950335,1.044859836613144,0.0
7.4,47,1.3589891231569549,0.8898964050164451,0.0
7.4,48,1.8127539837886106,1.0417363675802254,0.0
7.4,49,2.597003315565986,0.9541705732236928,0.0
7.5,0,-3.1090662726979343,-1.4651895844506408,0.0
7.5,1,-2.456302519407299,-1.4719343610436642,0.0
7.5,2,-1.9215882269898958,-1.6043036357658407,0.0
7.5,3,-1.190804259402598,-1.4790449908925745,0.0
7.5,4,-0.7219382503030283,-1.6605391046474614,0.0
7.5,5,0.08986589415361759,-1.503610885744158,0.0
7.5,6,0.6705164749671604,-1.553510462666872,0.0
7.5,7,1.2549186190088206,-1.6622129544902626,0.0
7.5,8,1.8457427972182585,-1.5311169792425863,0.0
7.5,9,2.5753412772257427,-1.6031040285081448,0.0
7.5,10,-3.081133823879779,-0.8712148919429076,0.0
7.5,11,-2.550552661950115,-1.0139187483954435,0.0
7.5,12,-1.8786654546018648,-1.0178210301359754,0.0
7.5,13,-1.1723534801028923,-0.9051206241978302,0.0
7.5,14,-0.6958129059981597,-0.8413889977710296,0.0
7.5,15,0.010167884147613854,-1.0297153482319936,0.0
7.5,16,0.5950299755464766,-0.987632942807791,0.0
7.5,17,1.1736507682167607,-0.9650087540521182,0.0
7.5,18,1.9540011545709013,-1.0236806564746492,0.0
7.5,19,2.544266785819789,-0.9167840261612761,0.0
7.5,20,-3.0553555394249,-0.39718117930411306,0.0
7.5,21,-2.414139564651162,-0.31610111106292643,0.0
7.5,22,-1.8142602196573403,-0.2957966910714416,0.0
7.5,23,-1.2139947177038448,-0.23275152832270124,0.0
7.5,24,-0.6339024411984584,-0.22985120768847903,0.0
7.5,25,0.01908301279272255,-0.31383918554616314,0.0
7.5,26,0.6746851171877601,-0.26575547259509863,0.0
7.5,27,1.342808831596304,-0.34127286185049344,0.0
7.5,28,1.8251277507540324,-0.28694524747858124,0.0
7.5,29,2.5768735082880254,-0.3647424188400716,0.0
7.5,30,-3.1820889243914783,0.29949961893919497,0.0
7.5,31,-2.5180602237658793,0.2630544048597736,0.0
7.5,32,-1.9096704040074797,0.38654463579287324,0.0
7.5,33,-1.1669869854521475,0.26525223303497786,0.0
7.5,34,-0.5266163533381627,0.33417829365149393,0.0
7.5,35,0.04945265738423754,0.3228853309507441,0.0
7.5,36,0.6398386385640767,0.252526645636477,0.0
7.5,37,1.221853870895175,0.24916024867530323,0.0
7.5,38,1.8328407807274991,0.3438984027308759,0.0
7.5,39,2.4424681396712304,0.21714377981738675,0.0
7.5,40,-3.1083900917457385,0.9665688520321232,0.0
7.5,41,-2.478408400744735,0.9629680256088113,0.0
7.5,42,-1.860909843648821,0.910185340127106,0.0
7.5,43,-1.2324123326716065,1.0112788972438282,0.0
7.5,44,-0.5292410446470023,0.9635435528512659,0.0
7.5,45,-0.07354716066438133,0.8470410509385458,0.0
7.5,46,0.5323316211665293,0.9524791699424842,0.0
7.5,47,1.33374183817919,0.9145387588491651,0.0
7.5,48,1.917481100439202,1.0225117184302415,0.0
7.5,49,2.5983840360260824,1.0000627999258833,0.0
7.6000000000000005,0,-3.176034183831107,-1.5092434427406012,0.0
7.6000000000000005,1,-2.491563974920302,-1.4705766777195364,0.0
7.6000000000000005,2,-1.7874772781418504,-1.5369018875084364,0.0
7.6000000000000005,3,-1.2093520596292713,-1.5444725796382246,0.0
7.6000000000000005,4,-0.6694394387141833,-1.5080321422238234,0.0
7.6000000000000005,5,0.012164255800871701,-1.4659100145974917,0.0
7.6000000000000005,6,0.6111149329817785,-1.500397170433922,0.0
7.6000000000000005,7,1.1755644477759783,-1.4719385227851236,0.0
7.6000000000000005,8,1.871029136092992,-1.5908361164893294,0.0
7.6000000000000005,9,2.4676972474510643,-1.622745897022034,0.0
7.6000000000000005,10,-3.1939949650190096,-1.0002595068127975,0.0
7.6000000000000005,11,-2.4394084351553498,-0.9918506996480391,0.0
7.6000000000000005,12,-1.862726608901356,-0.8617696026967377,0.0
7.6000000000000005,13,-1.193393735265482,-0.9831869289551298,0.0
7.6000000000000005,14,-0.6152740969066269,-0.9994132402718331,0.0
7.6000000000000005,15,-0.04301335848108104,-0.9361449463753689,0.0
7.6000000000000005,16,0.5681110957021789,-0.878293942162804,0.0
7.6000000000000005,17,1.25842677987842,-0.9048471698569814,0.0
7.6000000000000005,18,1.8001253001960782,-0.9054133555783278,0.0
7.6000000000000005,19,2.5474374871316683,-0.9912326090417649,0.0
7.6000000000000005,20,-3.0792064651999578,-0.25528456677395395,0.0
7.6000000000000005,21,-2.4157745216498365,-0.2502311021297968,0.0
7.6000000000000005,22,-1.8904296854693772,-0.33767394928884487,0.0
7.6000000000000005,23,-1.327256808468911,-0.2977011895102667,0.0
7.6000000000000005,24,-0.6317017040195081,-0.3171369506374589,0.0
7.6000000000000005,25,-0.0618299441851226,-0.37707747904393984,0.0
7.6000000000000005,26,0.6607119051567341,-0.28888351015225566,0.0
7.6000000000000005,27,1.242705861285066,-0.2123397895696555,0.0
7.6000000000000005,28,1.9152196096249583,-0.24741124054090322,0.0
7.6000000000000005,29,2.4392571779623284,-0.3256012990071012,0.0
7.6000000000000005,30,-3.0027993258584766,0.32364849332625784,0.0
7.6000000000000005,31,-2.4943018737631593,0.23045258812175023,0.0
7.6000000000000005,32,-1.8613449623897895,0.2735376968010901,0.0
7.6000000000000005,33,-1.1971492454834354,0.39633684822772497,0.0
7.6000000000000005,34,-0.5740801034180489,0.26320904123986333,0.0
7.6000000000000005,35,-0.09938376055732806,0.34209276241916486,0.0
7.6000000000000005,36,0.5501656903389469,0.2935701670086116,0.0
7.6000000000000005,37,1.3129385029464562,0.2160902421451909,0.0
7.6000000000000005,38,1.8487611852519703,0.31986395657452826,0.0
7.6000000000000005,39,2.409162029617511,0.22731510428135304,0.0
7.6000000000000005,40,-3.110451614891498,0.8685096338220648,0.0
7.6000000000000005,41,-2.542216536673945,0.995400549280345,0.0
7.6000000000000005,42,-1.9536678679996746,0.9142334364891351,0.0
7.6000000000000005,43,-1.2479274566229102,0.8656954868039303,0.0
7.6000000000000005,44,-0.5269711772542167,0.8758029344759831,0.0
7.6000000000000005,45,0.061014255812528395,0.9570522918149,0.0
7.6000000000000005,46,0.6930815639276792,0.880467171633942,0.0
7.6000000000000005,47,1.285725337913724,0.9398685447997596,0.0
7.6000000000000005,48,1.8987520284659207,0.9718761853068938,0.0
7.6000000000000005,49,2.412995958141858,0.8688854502332602,0.0
7.7,0,-3.0900623710394113,-1.4905086532376495,0.0
7.7,1,-2.423665157935315,-1.560981825641833,0.0
7.7,2,-1.829173181410231,-1.5060121327662328,0.0
7.7,3,-1.1481938932084057,-1.554258751231646,0.0
7.7,4,-0.5997381780594135,-1.5744286234026985,0.0
7.7,5,0.05367009559166161,-1.6363640870915401,0.0
7.7,6,0.589370891038579,-1.5445424735217828,0.0
7.7,7,1.2965638474949508,-1.5492654286181606,0.0
7.7,8,1.7549280117913826,-1.6090519344091505,0.0
7.7,9,2.4486425371435843,-1.5935073896522503,0.0
7.7,10,-3.058049923495752,-0.9234455950254048,0.0
7.7,11,-2.523773496286363,-0.885972139287135,0.0
7.7,12,-1.852326397842148,-0.8552259770791082,0.0
7.7,13,-1.3073480754716202,-0.8643747800962873,0.0
7.7,14,-0.7031327914681167,-0.9428000048354975,0.0
7.7,15,0.0459316205954306,-0.8278498250484121,0.0
7.7,16,0.5777781556293596,-0.9756962777508109,0.0
7.7,17,1.222502559358411,-0.9277778544201493,0.0
7.7,18,1.8033860311150336,-0.9115336748623551,0.0
7.7,19,2.467070653715269,-0.961987413954607,0.0
7.7,20,-3.1205268006103175,-0.31379698238351106,0.0
7.7,21,-2.4895547641649287,-0.3063751261823555,0.0
7.7,22,-1.835632794472501,-0.2473271348334374,0.0
7.7,23,-1.3081223379839608,-0.3128791839842827,0.0
7.7,24,-0.5985085435126944,-0.3277649678932411,0.0
7.7,25,0.07450293834895394,-0.2515210696796465,0.0
7.7,26,0.6024142409747271,-0.3582648129172523,0.0
7.7,27,1.1902968699770133,-0.37687573170109434,0.0
7.7,28,1.8999489566508019,-0.36352899818861956,0.0
7.7,29,2.4442932209979644,-0.2954638892786311,0.0
7.7,30,-2.990590840808696,0.3502683360969704,0.0
7.7,31,-2.405804511248406,0.2595585540599014,0.0
7.7,32,-1.7731225993068687,0.3425995187773126,0.0
7.7,33,-1.2801215747409829,0.23987102762382284,0.0
7.7,34,-0.6525244052231776,0.39470655900651774,0.0
7.7,35,0.014404188293058756,0.22048088107138364,0.0
7.7,36,0.6915316286600047,0.2677751366231913,0.0
7.7,37,1.1473185179040475,0.3484169478991211,0.0
7.7,38,1.869279387905757,0.31235745139975424,0.0
7.7,39,2.3633365576815155,0.2999843285641851,0.0
7.7,40,-2.992123404836491,0.9358064542815249,0.0
7.7,41,-2.366353742924833,0.9046308250510887,0.0
7.7,42,-1.9271871752239602,0.8700783534290037,0.0
7.7,43,-1.2853207436988334,0.9120500225831452,0.0
7.7,44,-0.6819923356146739,0.8472865996507514,0.0
7.7,45,-0.04921567337911246,0.9318712880979257,0.0
7.7,46,0.5584726258283279,0.9002421524758544,0.0
7.7,47,1.1505391479215148,1.0154828874334991,0.0
7.7,48,1.7942730643245832,1.000331189397096,0.0
7.7,49,2.5448874908717483,0.9421952394641888,0.0
7.800000000000001,0,-3.107056023048634,-1.4802748445317095,0.0
7.800000000000001,1,-2.525919942010906,-1.5598723683640352,0.0
7.800000000000001,2,-1.8992426808156426,-1.5600685670943497,0.0
7.800000000000001,3,-1.1635365705048883,-1.6070253356580397,0.0
7.800000000000001,4,-0.5655454155465428,-1.4436754592317214,0.0
7.800000000000001,5,0.08458377615986765,-1.5700855233989028,0.0
7.800000000000001,6,0.6112230087051048,-1.4699332271642216,0.0
7.800000000000001,7,1.2257823420314957,-1.5663626956339505,0.0
7.800000000000001,8,1.876064664727382,-1.5954690373843874,0.0
7.800000000000001,9,2.46062024229133,-1.6067230291130663,0.0
7.800000000000001,10,-3.1468560963887153,-0.8318228050343082,0.0
7.800000000000001,11,-2.377964798092645,-0.9670977820247754,0.0
7.800000000000001,12,-1.8645534309441214,-0.9072524169774591,0.0
7.800000000000001,13,-1.1658015941515465,-0.8999971317286539,0.0
7.800000000000001,14,-0.7075390717666772,-0.8502323803760761,0.0
7.800000000000001,15,0.06380369690028587,-0.9842270373105918,0.0
7.800000000000001,16,0.5436383331703769,-0.8369493637630774,0.0
7.800000000000001,17,1.1509509196976226,-0.9083115432626117,0.0
7.800000000000001,18,1.8279206364959515,-0.9354297392888794,0.0
7.800000000000001,19,2.371718916895859,-0.9330864582307271,0.0
7.800000000000001,20,-3.143126239163398,-0.22063160609956328,0.0
7.800000000000001,21,-2.4584701340963306,-0.2148545670736099,0.0
7.800000000000001,22,-1.850981574326127,-0.3497041643361979,0.0
7.800000000000001,23,-1.123420792063278,-0.34568555685411445,0.0
7.800000000000001,24,-0.5347065432625338,-0.27239668349374024,0.0
7.800000000000001,25,-0.01637597442893754,-0.2239541760588387,0.0
7.800000000000001,26,0.600584805717222,-0.2568095830356596,0.0
7.800000000000001,27,1.290164163015636,-0.3181453445792979,0.0
7.800000000000001,28,1.7390442408676867,-0.35572123284668744,0.0
7.800000000000001,29,2.4458383864274413,-0.2097011431789145,0.0
7.800000000000001,30,-3.0449840382936544,0.3948843498588787,0.0
7.800000000000001,31,-2.4424791100152823,0.26443375628834775,0.0
7.800000000000001,32,-1.856862361196386,0.260870184877538,0.0
7.800000000000001,33,-1.2241530643801286,0.2144162410718548,0.0
7.800000000000001,34,-0.6597318410586535,0.3497301528862664,0.0
7.800000000000001,35,-0.06094317654179282,0.21869359542153372,0.0
7.800000000000001,36,0.6626481418877315,0.380583264804297,0.0
7.800000000000001,37,1.2996504534399325,0.4009312933533466,0.0
7.800000000000001,38,1.7538740740505665,0.33485642686913014,0.0
7.800000000000001,39,2.4174013057375126,0.2974845038894615,0.0
7.800000000000001,40,-3.030039938295518,0.9539222021621802,0.0
7.800000000000001,41,-2.434420794697224,0.9594784006146753,0.0
7.800000000000001,42,-1.7859234463065308,0.8663187983066011,0.0
7.800000000000001,43,-1.1765771717975637,0.8503200167364646,0.0
7.800000000000001,44,-0.6408172140499251,0.9677435168945222,0.0
7.800000000000001,45,0.0677258503123713,0.9041978773537462,0.0
7.800000000000001,46,0.6272946224476709,0.9821377825086135,0.0
7.800000000000001,47,1.1204322771404267,0.9816365822515395,0.0
7.800000000000001,48,1.9235218980702995,0.9231423188001525,0.0
7.800000000000001,49,2.474899003587091,0.9981353517396582,0.0
7.9,0,-3.048717396107516,-1.4796628296288643,0.0
7.9,1,-2.427029823870696,-1.5080564556917542,0.0
7.9,2,-1.8454148931454708,-1.4434319604071268,0.0
7.9,3,-1.23923585558954,-1.5215916212301643,0.0
7.9,4,-0.5832540734017887,-1.5964956737173452,0.0
7.9,5,0.015723920195572783,-1.5053671227533205,0.0
7.9,6,0.6567614212965815,-1.4130112776875832,0.0
7.9,7,1.2210115430099073,-1.6033178453535066,0.0
7.9,8,1.8494018927863485,-1.415678115938752,0.0
7.9,9,2.4136448039705716,-1.4700892473997234,0.0
7.9,10,-3.0440681104184475,-0.9825320347328893,0.0
7.9,11,-2.391058029944681,-0.9078995576562306,0.0
7.9,12,-1.797223425378606,-0.8100220402721651,0.0
7.9,13,-1.2899602894741482,-0.9941566566480826,0.0
7.9,14,-0.5673046620716693,-1.0002122170864087,0.0
7.9,15,-0.09627452500564515,-0.8181613433933582,0.0
7.9,16,0.683553974316162,-1.0042980376501351,0.0
7.9,17,1.2476876289483414,-0.9467525076864063,0.0
7.9,18,1.9018056597861377,-0.8129233996608367,0.0
7.9,19,2.3544526779682347,-0.8548655459843439,0.0
7.9,20,-3.105236881813236,-0.3150787711442278,0.0
7.9,21,-2.497760884366449,-0.25801803407639523,0.0
7.9,22,-1.8140045358227286,-0.36907422202019796,0.0
7.9,23,-1.2118879626620083,-0.3517980824666816,0.0
7.9,24,-0.6207776940253609,-0.30584413674491323,0.0
7.9,25,-0.049679757922310545,-0.2516113941455864,0.0
7.9,26,0.616836305806307,-0.3515051933724003,0.0
7.9,27,1.2035038412954127,-0.29830119247784936,0.0
7.9,28,1.906556533106987,-0.27021843955532066,0.0
7.9,29,2.5101746137734233,-0.2602875140151883,0.0
7.9,30,-3.0649350596365434,0.21957920117714808,0.0
7.9,31,-2.3584406979224872,0.24356881286324214,0.0
7.9,32,-1.9014333535158314,0.25912837591536025,0.0
7.9,33,-1.1315892039967264,0.3871803900035239,0.0
7.9,34,-0.6729218679328928,0.267190996625409,0.0
7.9,35,0.048376235776158405,0.3518248011786662,0.0
7.9,36,0.6685287569422025,0.2220506671907067,0.0
7.9,37,1.1904308863388802,0.2525863332203472,0.0
7.9,38,1.812876931442843,0.3623092954572583,0.0
7.9,39,2.401369327970603,0.3583663514500607,0.0
7.9,40,-3.0603792800606806,0.9463554013589883,0.0
7.9,41,-2.397555806009201,0.9068834425872985,0.0
7.9,42,-1.7362394490872897,0.9478811404079854,0.0
7.9,43,-1.2861183994377525,0.8096390393643255,0.0
7.9,44,-0.5887618169349427,0.8360815975429098,0.0
7.9,45,-0.05642509041654453,0.9398496641506469,0.0
7.9,46,0.6449872703055048,0.8458041868175276,0.0
7.9,47,1.2773772590183867,0.9173915195728088,0.0
7.9,48,1.867411583585205,0.9662634291774431,0.0
7.9,49,2.5123727363498296,0.8927889245557612,0.0
8.0,0,-3.0112647655966356,-1.5905923107518922,0.0
8.0,1,-2.4553911212684665,-1.4860857981704598,0.0
8.0,2,-1.8970923670267068,-1.5050813584340852,0.0
8.0,3,-1.268976783796559,-1.4405872832087854,0.0
8.0,4,-0.5991029052823537,-1.4726769622799838,0.0
8.0,5,0.06494980479916743,-1.5442893884769506,0.0
8.0,6,0.546439533521127,-1.57121161954934,0.0
8.0,7,1.2929018815183349,-1.4148846852629817,0.0
8.0,8,1.715014807280439,-1.441947757668551,0.0
8.0,9,2.4991797918867196,-1.5616314736625474,0.0
8.0,10,-2.9651310898568775,-0.8661922189313329,0.0
8.0,11,-2.42078744704124,-0.9951927483192755,0.0
8.0,12,-1.766166415331734,-0.842459208877958,0.0
8.0,13,-1.2412980997381524,-0.8315360190193783,0.0
8.0,14,-0.6971458615213023,-0.9576912761386865,0.0
8.0,15,-0.08709303305434463,-0.9668878261027714,0.0
8.0,16,0.6521139630342581,-0.9783060007598916,0.0
8.0,17,1.2329339499027354,-0.9054155590260733,0.0
8.0,18,1.8929172106049297,-0.9249109282620727,0.0
8.0,19,2.309117631364931,-0.8627339901311397,0.0
8.0,20,-2.956174188223986,-0.31562696251185257,0.0
8.0,21,-2.438748367990879,-0.30212267464988024,0.0
8.0,22,-1.8860636714202,-0.35747473117628087,0.0
8.0,23,-1.2824982917275038,-0.37331974551243585,0.0
8.0,24,-0.6530374248761877,-0.2142770676193028,0.0
8.0,25,0.03885526733185027,-0.20335967849097622,0.0
8.0,26,0.6320316706543574,-0.2920318606287845,0.0
8.0,27,1.255200152715926,-0.3207066539229805,0.0
8.0,28,1.8043516902201502,-0.2221241104406437,0.0
8.0,29,2.4362847657851017,-0.21566276180322985,0.0
8.0,30,-3.0742610485497863,0.3674857911263021,0.0
8.0,31,-2.47511054760649,0.3885097399151521,0.0
8.0,32,-1.712995721563403,0.2487042587436411,0.0
8.0,33,-1.1373247378448161,0.35974154713431006,0.0
8.0,34,-0.6539323676865891,0.2691509626981771,0.0
8.0,35,-0.08265320087960706,0.3025788313734899,0.0
8.0,36,0.6939253565197165,0.2598092050607133,0.0
8.0,37,1.1570484528060023,0.21537317662099936,0.0
8.0,38,1.8563762353392375,0.36900215723818763,0.0
8.0,39,2.4227103173656723,0.3306530915518623,0.0
8.0,40,-3.088271463598419,0.8460995891211345,0.0
8.0,41,-2.3299027755658104,0.8514108269920583,0.0
8.0,42,-1.8692545956938593,0.8301242227120857,0.0
8.0,43,-1.2504808470412374,0.8340968808398175,0.0
8.0,44,-0.596961073356582,0.9767646453431643,0.0
8.0,45,0.07207393233479212,0.831521896758648,0.0
8.0,46,0.5327332598585481,0.805482658592424,0.0
8.0,47,1.2877652389840089,0.8677131498727862,0.0
8.0,48,1.8142998281934546,0.8042509844422292,0.0
8.0,49,2.3355964385234254,0.8812381303876469,0.0
8.1,0,-2.9357509666667125,-1.538014224145271,0.0
8.1,1,-2.400970931085483,-1.5535328217782165,0.0
8.1,2,-1.729425489451466,-1.474630035429394,0.0
8.1,3,-1.0997390682411023,-1.4410338146777502,0.0
8.1,4,-0.5977240355184352,-1.4237070826445626,0.0
8.1,5,0.037448679254628,-1.534802925090672,0.0
8.1,6,0.5788737928104333,-1.484645855578513,0.0
8.1,7,1.1735462918387143,-1.429266330001391,0.0
8.1,8,1.735381765906588,-1.5507821624792395,0.0
8.1,9,2.290372618087529,-1.4222530552691575,0.0
8.1,10,-2.949839486615623,-0.9483427069625414,0.0
8.1,11,-2.4744219563057563,-0.9325109184231993,0.0
8.1,12,-1.869053660820343,-0.9842360968130336,0.0
8.1,13,-1.2473827531506343,-0.8186161223318571,0.0
8.1,14,-0.600620262618515,-0.9646269221262849,0.0
8.1,15,0.020399987858645358,-0.8745944780726003,0.0
8.1,16,0.6851079372532273,-0.9820462555392919,0.0
8.1,17,1.1911500222891156,-0.9769749707768806,0.0
8.1,18,1.8759884980821422,-0.9033315040303608,0.0
8.1,19,2.390452297558039,-0.7964258066103967,0.0
8.1,20,-2.918446850733774,-0.3599058464688397,0.0
8.1,21,-2.336473191971434,-0.22710657757865502,0.0
8.1,22,-1.8077982954268883,-0.3826129179418267,0.0
8.1,23,-1.139597178677676,-0.22750474078068875,0.0
8.1,24,-0.626157323496421,-0.3202048841976424,0.0
8.1,25,0.03488081713487512,-0.32924371665280217,0.0
8.1,26,0.5030719967181752,-0.2666686325620858,0.0
8.1,27,1.1691693041459617,-0.2656981302929068,0.0
8.1,28,1.7899391859001255,-0.22848340727196184,0.0
8.1,29,2.3099796278148386,-0.24390541684248102,0.0
8.1,30,-3.003785033733701,0.24415333260442817,0.0
8.1,31,-2.318158408403693,0.38154308015929683,0.0
8.1,32,-1.844100217898011,0.35159006122955067,0.0
8.1,33,-1.2184192911128708,0.390227916145496,0.0
8.1,34,-0.5479203748239168,0.23964894763139227,0.0
8.1,35,0.004795512225931636,0.27580941170738643,0.0
8.1,36,0.6925413388248278,0.20369987435488945,0.0
8.1,37,1.1928991239004527,0.2744953028461213,0.0
8.1,38,1.7948694600862376,0.24459323937291405,0.0
8.1,39,2.3553135017081543,0.278240504084755,0.0
8.1,40,-2.8884470631453723,0.8253443336731848,0.0
8.1,41,-2.401252462105627,0.8160345575859101,0.0
8.1,42,-1.7417748013419345,0.9615536124625867,0.0
8.1,43,-1.2326188784187864,0.9221757873334968,0.0
8.1,44,-0.6128661000208523,0.8662856320422917,0.0
8.1,45,-0.009901134101812661,0.8476263004628135,0.0
8.1,46,0.528192480797802,0.8032221979738872,0.0
8.1,47,1.2684737741132033,0.8083793594165822,0.0
8.1,48,1.7305562259913312,0.8914443294743452,0.0
8.1,49,2.3728911419169516,0.8059587605846167,0.0
8.200000000000001,0,-2.9651668539023084,-1.4876053001233063,0.0
8.200000000000001,1,-2.2849350679518374,-1.4588316292578418,0.0
8.200000000000001,2,-1.7014955708753354,-1.4463157711271877,0.0
8.200000000000001,3,-1.2381171914419937,-1.4057370211583622,0.0
8.200000000000001,4,-0.518008907287573,-1.5387734316827082,0.0
8.200000000000001,5,0.014094483773261127,-1.509160796452781,0.0
8.200000000000001,6,0.5369653187300378,-1.5255492543555902,0.0
8.200000000000001,7,1.1321328343657249,-1.4575860067727655,0.0
8.200000000000001,8,1.8318344832771265,-1.424750842597827,0.0
8.200000000000001,9,2.2864889377933135,-1.4945596972125168,0.0
8.200000000000001,10,-3.0062875157727285,-0.8268955046243119,0.0
8.200000000000001,11,-2.4210594740125537,-0.9499997936692287,0.0
8.200000000000001,12,-1.7790883294193043,-0.9775842745599748,0.0
8.200000000000001,13,-1.153995913894276,-0.7882144818751441,0.0
8.200000000000001,14,-0.49805438720905726,-0.882001971157757,0.0
8.200000000000001,15,0.09047207410804159,-0.8806526332422638,0.0
8.200000000000001,16,0.6629732143127782,-0.8571881615578434,0.0
8.200000000000001,17,1.1436157333688202,-0.9606793763622997,0.0
8.200000000000001,18,1.7497245159201753,-0.9458440530432783,0.0
8.200000000000001,19,2.431819711806557,-0.972102966076441,0.0
8.200000000000001,20,-2.8767373446995625,-0.3872559655721725,0.0
8.200000000000001,21,-2.3075617461253897,-0.3682422931454111,0.0
8.200000000000001,22,-1.810074995190988,-0.33646934029219133,0.0
8.200000000000001,23,-1.082369410148061,-0.3354722749392358,0.0
8.200000000000001,24,-0.677207988596433,-0.2366686920787022,0.0
8.200000000000001,25,-0.027197650827844047,-0.20264097744788637,0.0
8.200000000000001,26,0.663028096675514,-0.21892785041843701,0.0
8.200000000000001,27,1.2261419804162372,-0.29819705620972287,0.0
8.200000000000001,28,1.8501867917641956,-0.3493395103914608,0.0
8.200000000000001,29,2.3589822048355265,-0.23043712195700258,0.0
8.200000000000001,30,-2.98685648978022,0.39207473970614504,0.0
8.200000000000001,31,-2.2820710329413996,0.3463908191802325,0.0
8.200000000000001,32,-1.6924948890200495,0.3097028722350563,0.0
8.200000000000001,33,-1.0928238976626756,0.3046327832254001,0.0
8.200000000000001,34,-0.6840103838150136,0.37666196943138075,0.0
8.200000000000001,35,-0.05156057482325374,0.2908505731452767,0.0
8.200000000000001,36,0.638147925828007,0.3107995483380733,0.0
8.200000000000001,37,1.1431745402834217,0.19713903374591185,0.0
8.200000000000001,38,1.7689906582316297,0.39326628569047495,0.0
8.200000000000001,39,2.326210731026811,0.32513514919376185,0.0
8.200000000000001,40,-3.024201122686825,0.8124508801665349,0.0
8.200000000000001,41,-2.355691410745137,0.8186844985316758,0.0
8.200000000000001,42,-1.7156708443404651,0.9591529575360649,0.0
8.200000000000001,43,-1.0840425916107161,0.9739666472695296,0.0
8.200000000000001,44,-0.533689261129243,0.9677392555953536,0.0
8.200000000000001,45,0.06715231515776629,0.9222210962992797,0.0
8.200000000000001,46,0.6531322624226079,0.8563321896414949,0.0
8.200000000000001,47,1.1058399514793487,0.9757835871031645,0.0
8.200000000000001,48,1.8558932907042236,0.7934022228240908,0.0
8.200000000000001,49,2.330865912568625,0.8712582954273906,0.0
8.3,0,-2.9028061444488547,-1.4032662523820505,0.0
8.3,1,-2.3444949921081726,-1.4594306082715378,0.0
8.3,2,-1.7734291462255891,-1.460161377774189,0.0
8.3,3,-1.1867570767119835,-1.4141442305275753,0.0
8.3,4,-0.5267443509199329,-1.4654250757164191,0.0
8.3,5,-0.09711306312357103,-1.562070991908577,0.0
8.3,6,0.6193751810059787,-1.465776442154923,0.0
8.3,7,1.1016997486070554,-1.4550208055444565,0.0
8.3,8,1.6880027834458786,-1.3634051711247674,0.0
8.3,9,2.4372183752853664,-1.4262797343540399,0.0
8.3,10,-2.9144131289819013,-0.8703828174451677,0.0
8.3,11,-2.352667666489318,-0.9293403751594594,0.0
8.3,12,-1.8521543212932845,-0.8034555875998511,0.0
8.3,13,-1.2138293258698203,-0.8598423709380343,0.0
8.3,14,-0.5686357927012121,-0.8684032712280679,0.0
8.3,15,-0.09039212908116001,-0.9445274623320042,0.0
8.3,16,0.6803275933743177,-0.920574232311253,0.0
8.3,17,1.1167481927827576,-0.9197385491687179,0.0
8.3,18,1.7244726593366775,-0.9291298746531078,0.0
8.3,19,2.3023035757333874,-0.8602013887849594,0.0
8.3,20,-2.9111767615929005,-0.3016127146684532,0.0
8.3,21,-2.352376686434429,-0.3525738338858786,0.0
8.3,22,-1.7158442714595425,-0.2764464396250039,0.0
8.3,23,-1.0795922592335347,-0.32281493636355346,0.0
8.3,24,-0.4997405995505634,-0.2559059920468369,0.0
8.3,25,-0.090203295522133,-0.3688048359212275,0.0
8.3,26,0.4965705722278322,-0.19375482058247356,0.0
8.3,27,1.1837562344844714,-0.22768022168189428,0.0
8.3,28,1.826629085873837,-0.28625795974539386,0.0
8.3,29,2.4031665359545507,-0.31756859341364446,0.0
8.3,30,-2.9148930095764998,0.22321381740754476,0.0
8.3,31,-2.4004797157229136,0.3734523324132108,0.0
8.3,32,-1.6665562956050999,0.31743978800727235,0.0
8.3,33,-1.1620252610422523,0.34025729659726567,0.0
8.3,34,-0.5178364537285969,0.29304291161909735,0.0
8.3,35,0.0352715465693835,0.3705951015719683,0.0
8.3,36,0.5523377993305536,0.3295650610936374,0.0
8.3,37,1.2560048943769384,0.3272994287098134,0.0
8.3,38,1.8032223264088787,0.2593474773098,0.0
8.3,39,2.2749395752630623,0.37665864192696064,0.0
8.3,40,-2.885917646264681,0.9702880278554981,0.0
8.3,41,-2.4268130659157157,0.9225032883611501,0.0
8.3,42,-1.8014074564355198,0.9594616038382348,0.0
8.3,43,-1.1998491741114456,0.7998994147252575,0.0
8.3,44,-0.6783285639321042,0.9728789393786953,0.0
8.3,45,-0.004090877701791132,0.9173014147036016,0.0
8.3,46,0.5859057063793793,0.8794883293353162,0.0
8.3,47,1.1691405392239802,0.9147814839452244,0.0
8.3,48,1.8135350302141557,0.7792692127773341,0.0
8.3,49,2.2843918917838257,0.8301764465254244,0.0
8.4,0,-2.8263837182519223,-1.54294046256063,0.0
8.4,1,-2.3555711510747446,-1.3878301691703743,0.0
8.4,2,-1.783857347226927,-1.4626641451183557,0.0
8.4,3,-1.0892187338985426,-1.450943865399545,0.0
8.4,4,-0.4957346824423301,-1.4859461148658604,0.0
8.4,5,0.014117582678210533,-1.3795900547008728,0.0
8.4,6,0.6520099870495799,-1.370017176625903,0.0
8.4,7,1.1957843511869553,-1.4323224445847156,0.0
8.4,8,1.8264380314623472,-1.4047427721142216,0.0
8.4,9,2.3283260504453036,-1.4870174058041703,0.0
8.4,10,-2.861916509863422,-0.8508718136207697,0.0
8.4,11,-2.2963395247954344,-0.9640257457657777,0.0
8.4,12,-1.8146682073831801,-0.9257711830395617,0.0
8.4,13,-1.0864202349549674,-0.9611765835916665,0.0
8.4,14,-0.6419933852640136,-0.9272437673388487,0.0
8.4,15,0.09515137643571417,-0.8506536398776154,0.0
8.4,16,0.5674795743531376,-0.8652871096916736,0.0
8.4,17,1.1650478409326406,-0.8788346753644256,0.0
8.4,18,1.7789819536150575,-0.8513376974268017,0.0
8.4,19,2.252186668029013,-0.9483742621205447,0.0
8.4,20,-2.9232025476469716,-0.36655301008988017,0.0
8.4,21,-2.3261900388482397,-0.24523392671141842,0.0
8.4,22,-1.8156258636701166,-0.25621402599706794,0.0
8.4,23,-1.1748777384050977,-0.3123957170370858,0.0
8.4,24,-0.6760491149215326,-0.3297949786664624,0.0
8.4,25,-0.023460056865212242,-0.26905653957272435,0.0
8.4,26,0.5134935760495856,-0.2693303955492755,0.0
8.4,27,1.161577310727514,-0.29332524765865703,0.0
8.4,28,1.7424666142233143,-0.2519397385482706,0.0
8.4,29,2.3899223927786277,-0.22928550072755033,0.0
8.4,30,-2.8123609883352088,0.364125247404281,0.0
8.4,31,-2.390069307657249,0.35671016692419844,0.0
8.4,32,-1.7075207580054208,0.3293731260920716,0.0
8.4,33,-1.0763076248816486,0.3169784129990042,0.0
8.4,34,-0.6634278380278389,0.32514463150973916,0.0
8.4,35,0.09561161034544771,0.32701498791093797,0.0
8.4,36,0.4898162668496661,0.21189748905760536,0.0
8.4,37,1.0812182851949852,0.23153141629432583,0.0
8.4,38,1.7809617173637695,0.36094707690376887,0.0
8.4,39,2.337606722629195,0.37929333344739047,0.0
8.4,40,-2.806694981908605,0.917868645732413,0.0
8.4,41,-2.2554332364972796,0.9601402379089773,0.0
8.4,42,-1.74762241807317,0.782944122604275,0.0
8.4,43,-1.081173931876714,0.8517524303304357,0.0
8.4,44,-0.485232095168206,0.8749218768165502,0.0
8.4,45,-0.0508029751187391,0.9213244154784992,0.0
8.4,46,0.6285108472496875,0.9193242035025802,0.0
8.4,47,1.1154713527040125,0.8748947872168712,0.0
8.4,48,1.8356617701265672,0.8169238681418839,0.0
8.4,49,2.344709625289096,0.7849946064602561,0.0
8.5,0,-2.791828317162248,-1.3693188374114513,0.0
8.5,1,-2.3380265909081546,-1.3524777612899075,0.0
8.5,2,-1.669120117480696,-1.5209404605653132,0.0
8.5,3,-1.2186746030146187,-1.4271096915949315,0.0
8.5,4,-0.5649528579731238,-1.5116682042646854,0.0
8.5,5,-0.023562524986154715,-1.5373031104056103,0.0
8.5,6,0.6588923213583933,-1.4081555911610337,0.0
8.5,7,1.2494172272084658,-1.4546345825353304,0.0
8.5,8,1.757846875399325,-1.4037769905190474,0.0
8.5,9,2.203674120745456,-1.429838726604227,0.0
8.5,10,-2.842735935215897,-0.931083515275672,0.0
8.5,11,-2.3647631357355214,-0.8521078312901784,0.0
8.5,12,-1.6916280849963237,-0.8073434719167645,0.0
8.5,13,-1.2390545405078444,-0.8128789761507416,0.0
8.5,14,-0.6001308665112116,-0.7715542754529057,0.0
8.5,15,0.06443318922053218,-0.9623379165861453,0.0
8.5,16,0.5974739793525009,-0.9365612178238315,0.0
8.5,17,1.0917819434075249,-0.8444026351240643,0.0
8.5,18,1.6441140480100933,-0.8711953569005141,0.0
8.5,19,2.366339880630112,-0.8370670037921579,0.0
8.5,20,-2.94931454166987,-0.36589072700472547,0.0
8.5,21,-2.339928501621029,-0.3162857518710657,0.0
8.5,22,-1.822724230985249,-0.20438326834186094,0.0
8.5,23,-1.113445551205818,-0.20707314151920866,0.0
8.5,24,-0.6433479467414907,-0.2159804195595442,0.0
8.5,25,0.0932603767861365,-0.24243839329714933,0.0
8.5,26,0.5870271165972264,-0.27095323612601985,0.0
8.5,27,1.1909380624293275,-0.2987154718459441,0.0
8.5,28,1.6778975817940613,-0.2518847902078276,0.0
8.5,29,2.2120052294389545,-0.2969612092444642,0.0
8.5,30,-2.947672029191439,0.3099901301703023,0.0
8.5,31,-2.303199609663703,0.2748267862092512,0.0
8.5,32,-1.8234323410026412,0.25205974586352975,0.0
8.5,33,-1.2322609668279823,0.3421831365656772,0.0
8.5,34,-0.666638043965691,0.255046833768019,0.0
8.5,35,-0.0377471678024977,0.28494267948242724,0.0
8.5,36,0.5743631448336894,0.2401134020711919,0.0
8.5,37,1.133080707958544,0.25194639810753555,0.0
8.5,38,1.6299212400453928,0.3206924694170064,0.0
8.5,39,2.318662718915477,0.31958114886612765,0.0
8.5,40,-2.9697853186351293,0.7626230074479275,0.0
8.5,41,-2.375705538398188,0.8914922671207912,0.0
8.5,42,-1.6656033739506209,0.8113760547426844,0.0
8.5,43,-1.1173103847360308,0.8874210953062134,0.0
8.5,44,-0.5134572197939148,0.7913474102457491,0.0
8.5,45,-0.04470821253106823,0.8769644477362023,0.0
8.5,46,0.6129645584621854,0.8041792711983425,0.0
8.5,47,1.1252373411199021,0.8704235094592223,0.0
8.5,48,1.7413852848875562,0.7830782093676554,0.0
8.5,49,2.2087258602116946,0.8259950884549416,0.0
8.6,0,-2.9077108581572686,-1.3937339280680823,0.0
8.6,1,-2.2546267715106953,-1.3340358775175774,0.0
8.6,2,-1.7644942130436219,-1.4893938857096285,0.0
8.6,3,-1.198240216425625,-1.3557356969591832,0.0
8.6,4,-0.49729642427912346,-1.3415327941927548,0.0
8.6,5,-0.08610867541235706,-1.4960288193024385,0.0
8.6,6,0.5796550708412774,-1.4291292810218739,0.0
8.6,7,1.2247202477930736,-1.3438296414668782,0.0
8.6,8,1.6119343543324924,-1.3380762300904316,0.0
8.6,9,2.356855410176573,-1.4014066899519066,0.0
8.6,10,-2.764752407219702,-0.8088388016827348,0.0
8.6,11,-2.3283609775192553,-0.9327371290877954,0.0
8.6,12,-1.7355864846237414,-0.8972713031971657,0.0
8.6,13,-1.1202766870393952,-0.8905383558773179,0.0
8.6,14,-0.4700341623545333,-0.8568999075496763,0.0
8.6,15,0.01388245575572622,-0.8686667478513465,0.0
8.6,16,0.4901909729481999,-0.9337558035045069,0.0
8.6,17,1.0799038530828282,-0.8279703002154697,0.0
8.6,18,1.628397957731601,-0.8315646926021762,0.0
8.6,19,2.1846752745177076,-0.8361145250790493,0.0
8.6,20,-2.7872996529423144,-0.2665290236348918,0.0
8.6,21,-2.182005176177776,-0.19697391736370812,0.0
8.6,22,-1.7242692422777648,-0.3325441343617505,0.0
8.6,23,-1.1451302954281997,-0.25380994550461217,0.0
8.6,24,-0.5207954901596274,-0.2587698057328507,0.0
8.6,25,0.010809565769427848,-0.3288019651365949,0.0
8.6,26,0.6284377352970392,-0.31280535921970887,0.0
8.6,27,1.0437233137828885,-0.22361047717788138,0.0
8.6,28,1.6403371446580777,-0.19512943886439849,0.0
8.6,29,2.307093381357653,-0.23041707975423387,0.0
8.6,30,-2.846607629017559,0.319972129228792,0.0
8.6,31,-2.3018611194166185,0.32211765976165646,0.0
8.6,32,-1.7263866494285236,0.3763168112146917,0.0
8.6,33,-1.2075902562307905,0.32643030710018806,0.0
8.6,34,-0.4796555765794446,0.21141009843223496,0.0
8.6,35,-0.08385471711041137,0.31773819143626425,0.0
8.6,36,0.56177062521806,0.25354711599534163,0.0
8.6,37,1.0897589346214107,0.35975077543250067,0.0
8.6,38,1.752564842919091,0.31674135851310564,0.0
8.6,39,2.216290179728277,0.26510718239349407,0.0
8.6,40,-2.762940173635692,0.7829916097841536,0.0
8.6,41,-2.181951866847026,0.7947962976074496,0.0
8.6,42,-1.7345365831752,0.9063545753119481,0.0
8.6,43,-1.1424333699627516,0.7917424319597032,0.0
8.6,44,-0.4800323747145519,0.94625913053744,0.0
8.6,45,0.05293902591319938,0.9015858731024671,0.0
8.6,46,0.599333717131614,0.9499679637508082,0.0
8.6,47,1.2206055095384079,0.7708259017048349,0.0
8.6,48,1.665205596170366,0.873253275006104,0.0
8.6,49,2.242044299215797,0.8421691830306347,0.0
8.700000000000001,0,-2.73312909191655,-1.420637057682705,0.0
8.700000000000001,1,-2.25983396405238,-1.439377786856642,0.0
8.700000000000001,2,-1.733388136137925,-1.3856376400507724,0.0
8.700000000000001,3,-1.0951598021690379,-1.3449340017237477,0.0
8.700000000000001,4,-0.5486766286825071,-1.5034049089071098,0.0
8.700000000000001,5,0.015478602979839745,-1.421419823098745,0.0
8.700000000000001,6,0.5872630252405844,-1.4448911505471005,0.0
8.700000000000001,7,1.194981153197128,-1.432198506005197,0.0
8.700000000000001,8,1.722548962906044,-1.4337173173827598,0.0
8.700000000000001,9,2.323081976188544,-1.3822892336122612,0.0
8.700000000000001,10,-2.811816489648086,-0.7876195468621895,0.0
8.700000000000001,11,-2.354466866251046,-0.8270884678756878,0.0
8.700000000000001,12,-1.6922000478165862,-0.8014100548694127,0.0
8.700000000000001,13,-1.1968085141892342,-0.8131394055959922,0.0
8.700000000000001,14,-0.6039802427923611,-0.9276413447058489,0.0
8.700000000000001,15,-0.021394390875206115,-0.8569001057370256,0.0
8.700000000000001,16,0.5421219115985783,-0.7609342218026123,0.0
8.700000000000001,17,1.2253547603415988,-0.9276583330077054,0.0
8.700000000000001,18,1.7280295818019686,-0.8519982607770432,0.0
8.700000000000001,19,2.220996282981308,-0.7756208976675704,0.0
8.700000000000001,20,-2.8099632344294947,-0.37319411291719073,0.0
8.700000000000001,21,-2.2801755561085795,-0.21279126458154393,0.0
8.700000000000001,22,-1.6863497846700777,-0.3474144798082695,0.0
8.700000000000001,23,-1.1262281442609745,-0.24744033272568017,0.0
8.700000000000001,24,-0.6439377327350327,-0.3362916231905754,0.0
8.700000000000001,25,0.06973348309293934,-0.3430851571098822,0.0
8.700000000000001,26,0.5447275533614151,-0.18560353243071548,0.0
8.700000000000001,27,1.1846623662955613,-0.36836452412214826,0.0
8.700000000000001,28,1.7057050503634599,-0.3562352824245001,0.0
8.700000000000001,29,2.247443005953576,-0.20358071681836862,0.0
8.700000000000001,30,-2.904981313508921,0.3703828766719004,0.0
8.700000000000001,31,-2.181508443979117,0.338385784026047,0.0
8.700000000000001,32,-1.7356255114595203,0.24732095451825475,0.0
8.700000000000001,33,-1.072690770116482,0.2707447023877204,0.0
8.700000000000001,34,-0.5938714247045186,0.3425683291778612,0.0
8.700000000000001,35,-0.030233783248841614,0.36481924778712543,0.0
8.700000000000001,36,0.4857721082427804,0.20622654782198152,0.0
8.700000000000001,37,1.0840664624730645,0.21709821665441895,0.0
8.700000000000001,38,1.6169394657076004,0.20191574321808822,0.0
8.700000000000001,39,2.196016894855792,0.3194430867420275,0.0
8.700000000000001,40,-2.9228226296488846,0.9109610710298295,0.0
8.700000000000001,41,-2.183210363218958,0.837999212309594,0.0
8.700000000000001,42,-1.730387897483855,0.9154877748189677,0.0
8.700000000000001,43,-1.1795360853943766,0.806463815416701,0.0
8.700000000000001,44,-0.47835652787351157,0.7662116544096761,0.0
8.700000000000001,45,0.04307267983782942,0.8459601136682613,0.0
8.700000000000001,46,0.47983195337392365,0.8453668197679456,0.0
8.700000000000001,47,1.1694623871153893,0.8583464222146877,0.0
8.700000000000001,48,1.6847042424341858,0.8963648412615486,0.0
8.700000000000001,49,2.1704947166791713,0.9175262465947492,0.0
8.8,0,-2.8861291717090367,-1.4669895852119863,0.0
8.8,1,-2.311955789322969,-1.4260530054554572,0.0
8.8,2,-1.5973749917217832,-1.443318984128974,0.0
8.8,3,-1.0641920316189308,-1.476626869932447,0.0
8.8,4,-0.46632711354653167,-1.4546959137828097,0.0
8.8,5,-0.05760704836712598,-1.4626309153442114,0.0
8.8,6,0.5974276285115683,-1.3133597341737955,0.0
8.8,7,1.0638543259324844,-1.3191940708587393,0.0
8.8,8,1.66848087329377,-1.316101162576243,0.0
8.8,9,2.2916826828706442,-1.3037566636284856,0.0
8.8,10,-2.701280598400433,-0.8009388008517788,0.0
8.8,11,-2.211807935346689,-0.8545865310764689,0.0
8.8,12,-1.6460777394972474,-0.7876266412871095,0.0
8.8,13,-1.1999122170010599,-0.7682612525353223,0.0
8.8,14,-0.530757109798827,-0.742646299346404,0.0
8.8,15,-0.036211659520980405,-0.922968670106512,0.0
8.8,16,0.6177201802949588,-0.7809828529180318,0.0
8.8,17,1.0479842989204462,-0.7761816670818396,0.0
8.8,18,1.705875386719435,-0.9150104993442794,0.0
8.8,19,2.2575419108546484,-0.8476170387419049,0.0
8.8,20,-2.845106249479714,-0.35239609064634136,0.0
8.8,21,-2.326631898510339,-0.2134606863718859,0.0
8.8,22,-1.6663746217836308,-0.3717105126115256,0.0
8.8,23,-1.0350276500768436,-0.35328222860199904,0.0
8.8,24,-0.6048867346520791,-0.267265381241323,0.0
8.8,25,0.07645660610180618,-0.2761040951377811,0.0
8.8,26,0.47767215723280837,-0.20729787030179228,0.0
8.8,27,1.1648993193151371,-0.2485924478233192,0.0
8.8,28,1.7430524557907632,-0.30744279104487576,0.0
8.8,29,2.1827267880659873,-0.22226287039277326,0.0
8.8,30,-2.8204500348205586,0.23074009718968225,0.0
8.8,31,-2.2766280157402354,0.2881609676969754,0.0
8.8,32,-1.6037132083235182,0.3617794133879879,0.0
8.8,33,-1.073146917997826,0.235371452078622,0.0
8.8,34,-0.5420119169476434,0.24534394362465906,0.0
8.8,35,0.03200055584733821,0.2388431661862584,0.0
8.8,36,0.6588839301685891,0.24444786266504814,0.0
8.8,37,1.170059520261377,0.31897239251150106,0.0
8.8,38,1.7645527952220224,0.200136601064981,0.0
8.8,39,2.267009014784377,0.2691064191954323,0.0
8.8,40,-2.848911634941689,0.8400569853638427,0.0
8.8,41,-2.1895059741433918,0.8111383147214289,0.0
8.8,42,-1.608565903260906,0.7586353856203977,0.0
8.8,43,-1.2003505978410793,0.7684663227686727,0.0
8.8,44,-0.6179272330318124,0.7780591755429624,0.0
8.8,45,0.01841037142805091,0.8668079471765694,0.0
8.8,46,0.4790505022895768,0.8115146362956633,0.0
8.8,47,1.0729869260343334,0.8728338679990175,0.0
8.8,48,1.5945893033791791,0.8496536853353741,0.0
8.8,49,2.1725650362960307,0.7608538892966479,0.0
8.9,0,-2.860523431164658,-1.44929841679849,0.0
8.9,1,-2.2606337785660697,-1.4595628728520373,0.0
8.9,2,-1.6156917356114717,-1.3951793565093442,0.0
8.9,3,-1.1592570307213148,-1.3810427842827853,0.0
8.9,4,-0.4768753213894359,-1.3642008357164324,0.0
8.9,5,0.010838245916006045,-1.320726479595438,0.0
8.9,6,0.5673809454302241,-1.414908800047943,0.0
8.9,7,1.1641063161642469,-1.3343678995699753,0.0
8.9,8,1.6393063735613902,-1.3227804948491682,0.0
8.9,9,2.310862679914324,-1.35036801876472,0.0
8.9,10,-2.7823320754731506,-0.7717040429542601,0.0
8.9,11,-2.2435432081531568,-0.7562274663826615,0.0
8.9,12,-1.601933077845891,-0.8969974265577689,0.0
8.9,13,-1.1816423332630361,-0.8389089234566035,0.0
8.9,14,-0.5587761668968119,-0.8208980937890799,0.0
8.9,15,-0.07326833134266396,-0.905328260818753,0.0
8.9,16,0.4604591552193967,-0.7541688244155564,0.0
8.9,17,1.0482707421866022,-0.9119871347222932,0.0
8.9,18,1.7139844773927886,-0.7753915961392133,0.0
8.9,19,2.1286282357392503,-0.7623515880755676,0.0
8.9,20,-2.8306607888160573,-0.20049378382181438,0.0
8.9,21,-2.285712699743099,-0.31627144159393294,0.0
8.9,22,-1.70521669906662,-0.18191083943383204,0.0
8.9,23,-1.1083762976386637,-0.27794009059365377,0.0
8.9,24,-0.5233530312030197,-0.3156422307889193,0.0
8.9,25,0.07054517277135147,-0.23019036195602835,0.0
8.9,26,0.5001976723255565,-0.300149444434979,0.0
8.9,27,1.1403352431716693,-0.2697472335701867,0.0
8.9,28,1.60822443235435,-0.19081533549780752,0.0
8.9,29,2.3199419998553634,-0.20946835609257508,0.0
8.9,30,-2.855387853406304,0.25256596155112687,0.0
8.9,31,-2.2046693010605303,0.30745609942925517,0.0
8.9,32,-1.5825315205360935,0.2597609139284466,0.0
8.9,33,-1.1083159539191403,0.3344300948514708,0.0
8.9,34,-0.5968759117998829,0.3495750407216264,0.0
8.9,35,0.00040273908585682083,0.3505756265653349,0.0
8.9,36,0.4995094338753477,0.2852466256930664,0.0
8.9,37,1.040850018985856,0.197875777214221,0.0
8.9,38,1.739293071870659,0.2838690097746856,0.0
8.9,39,2.2987033726272452,0.2503478105864886,0.0
8.9,40,-2.8489322367985377,0.8857883138750503,0.0
8.9,41,-2.304983804501352,0.7947675913784461,0.0
8.9,42,-1.7092192144244691,0.7783620490308737,0.0
8.9,43,-1.1238628435482714,0.8786221847960917,0.0
8.9,44,-0.6251194536876316,0.7914980412386687,0.0
8.9,45,0.05583845553748462,0.8873291177887808,0.0
8.9,46,0.6021125266954321,0.9086335593305889,0.0
8.9,47,1.11267021756219,0.8412052172173156,0.0
8.9,48,1.6842884774294655,0.7467858786944634,0.0
8.9,49,2.319830144981295,0.7661159141657288,0.0
9.0,0,-2.683198110550978,-1.4102105613878686,0.0
9.0,1,-2.2289207825145763,-1.4477006989608023,0.0
9.0,2,-1.7101882243974886,-1.3815122634859858,0.0
9.0,3,-1.04299634608072,-1.4625430422057901,0.0
9.0,4,-0.46169369440682606,-1.3384049556387019,0.0
9.0,5,-0.03769486681227677,-1.414609214039827,0.0
9.0,6,0.5803431916895352,-1.3508032422930834,0.0
9.0,7,1.146983805324899,-1.321116807887153,0.0
9.0,8,1.6339892768681832,-1.3810099043991315,0.0
9.0,9,2.248205946591333,-1.2793833500499179,0.0
9.0,10,-2.718245987524136,-0.8785716231729637,0.0
9.0,11,-2.208216034360201,-0.8998528127451385,0.0
9.0,12,-1.7123353385841842,-0.7951290193251771,0.0
9.0,13,-1.0747274891386018,-0.7268983324001996,0.0
9.0,14,-0.46959860727338487,-0.7926022149838605,0.0
9.0,15,-0.05498398769394262,-0.7862959569401855,0.0
9.0,16,0.4653981046298705,-0.8737287982131291,0.0
9.0,17,1.0140610413116107,-0.9105261224701138,0.0
9.0,18,1.7452551152522695,-0.8327394034969415,0.0
9.0,19,2.2539218271434103,-0.7960494090941864,0.0
9.0,20,-2.769972733207273,-0.22900134883266848,0.0
9.0,21,-2.1314310989018828,-0.27993659294013556,0.0
9.0,22,-1.7239305882379679,-0.19501206776963734,0.0
9.0,23,-1.0638675582237072,-0.20484412779490418,0.0
9.0,24,-0.5473505868093643,-0.2750628785781269,0.0
9.0,25,0.015364070061160029,-0.3341329769150525,0.0
9.0,26,0.6098869047463791,-0.28094242944099634,0.0
9.0,27,1.1500474535915206,-0.2657093257961777,0.0
9.0,28,1.552172572706848,-0.3234978893189624,0.0
9.0,29,2.157552517223824,-0.17698660327063706,0.0
9.0,30,-2.728413648616271,0.1907288347474413,0.0
9.0,31,-2.236704675637683,0.3048041248929332,0.0
9.0,32,-1.5751145464186151,0.30488616347796943,0.0
9.0,33,-1.128872985253665,0.32262809392191116,0.0
9.0,34,-0.6292113505930383,0.20207677132555207,0.0
9.0,35,-0.024515042417674132,0.2872501724493602,0.0
9.0,36,0.4568075685600022,0.20492608666160889,0.0
9.0,37,1.0673470644750083,0.21765088431083962,0.0
9.0,38,1.5882011621571372,0.21982838703324376,0.0
9.0,39,2.1512022182327337,0.3320578429703986,0.0
9.0,40,-2.764371879104193,0.7916196110424265,0.0
9.0,41,-2.14765137092236,0.8104183044762865,0.0
9.0,42,-1.561619017124894,0.8746047364330894,0.0
9.0,43,-1.1890301592727934,0.8928861339259748,0.0
9.0,44,-0.5355270063646997,0.7397795118821899,0.0
9.0,45,-0.03428558396311379,0.8125445509469629,0.0
9.0,46,0.5728469049413992,0.791403188260921,0.0
9.0,47,1.0472841748712485,0.7778636558683859,0.0
9.0,48,1.6601227631337006,0.8459696686158306,0.0
9.0,49,2.2868608729152387,0.7357612591689067,0.0
9.1,0,-2.723955236118859,-1.461077217411346,0.0
9.1,1,-2.1333995490544737,-1.3619491434874569,0.0
9.1,2,-1.694062397267256,-1.3601943651124115,0.0
9.1,3,-1.0116047031500368,-1.2767354603949235,0.0
9.1,4,-0.4964571780908094,-1.3066602060056218,0.0
9.1,5,-0.010630315717851113,-1.307190766118635,0.0
9.1,6,0.5918059806222109,-1.393376871459707,0.0
9.1,7,1.0544834330234227,-1.3018690768267642,0.0
9.1,8,1.5419910507032328,-1.296390970711534,0.0
9.1,9,2.0939637754641884,-1.3306952375780732,0.0
9.1,10,-2.7850474205166913,-0.8378477305231644,0.0
9.1,11,-2.1472604545018275,-0.7926674990381347,0.0
9.1,12,-1.5879352561508797,-0.7522836299331961,0.0
9.1,13,-1.1320639582193563,-0.9168770702850794,0.0
9.1,14,-0.5578204673838428,-0.8965824931070228,0.0
9.1,15,-0.03561290156983414,-0.7722049890572857,0.0
9.1,16,0.4605183938612148,-0.7625751117825994,0.0
9.1,17,1.1525581938425353,-0.904967265159407,0.0
9.1,18,1.6180503167428844,-0.850019966675851,0.0
9.1,19,2.267901605157374,-0.9086954414540683,0.0
9.1,20,-2.816838084823821,-0.20675068031032293,0.0
9.1,21,-2.2298864799615923,-0.347028746007825,0.0
9.1,22,-1.6921218336738757,-0.33801649169409353,0.0
9.1,23,-1.023207804795734,-0.23795840086235337,0.0
9.1,24,-0.5360341570360384,-0.19025876556419924,0.0
9.1,25,-0.05504459196054734,-0.19836045667789717,0.0
9.1,26,0.5023399759625234,-0.23389671050556976,0.0
9.1,27,1.0202174764788638,-0.26152882923752185,0.0
9.1,28,1.7287823125288018,-0.34403490662006614,0.0
9.1,29,2.2115416319658556,-0.32551654299921556,0.0
9.1,30,-2.69196180695998,0.2691211972126375,0.0
9.1,31,-2.1454542278603768,0.1990425518565747,0.0
9.1,32,-1.6028794917813618,0.19264924440757797,0.0
9.1,33,-1.1091572392210627,0.26513043246245827,0.0
9.1,34,-0.5982669092497986,0.25549291616214675,0.0
9.1,35,0.06523421561900833,0.20633861961367944,0.0
9.1,36,0.628352952161543,0.2575372643753414,0.0
9.1,37,1.030348589267921,0.29951347445709153,0.0
9.1,38,1.5764973188914184,0.34279376591069066,0.0
9.1,39,2.2553235781251,0.34789563332879436,0.0
9.1,40,-2.762854371199829,0.8714038712790331,0.0
9.1,41,-2.2468353485515924,0.8868935280995047,0.0
9.1,42,-1.7331222512338762,0.876576717458067,0.0
9.1,43,-1.0517186444784627,0.7857858557179775,0.0
9.1,44,-0.6002477745076455,0.8265216586165552,0.0
9.1,45,-0.05820446991541106,0.8330160526112615,0.0
9.1,46,0.5118675858437389,0.8231018544032207,0.0
9.1,47,1.0272365095746836,0.7884778027807111,0.0
9.1,48,1.6268896145833456,0.7878170427534741,0.0
9.1,49,2.2770924638890424,0.8883635757019567,0.0
9.200000000000001,0,-2.759068519844893,-1.3719109875752094,0.0
9.200000000000001,1,-2.07696008390126,-1.2891952750633875,0.0
9.200000000000001,2,-1.570846242836991,-1.2776138977454707,0.0
9.200000000000001,3,-1.053552830387615,-1.3693530869669792,0.0
9.200000000000001,4,-0.6195933515786365,-1.3330786635467307,0.0
9.200000000000001,5,-0.020995897812836437,-1.3809929727324601,0.0
9.200000000000001,6,0.6317544521567224,-1.2865499222773977,0.0
9.200000000000001,7,1.1163744214558458,-1.345504873403054,0.0
9.200000000000001,8,1.6358640189537619,-1.4467728986885071,0.0
9.200000000000001,9,2.141618855397772,-1.4223086116300447,0.0
9.200000000000001,10,-2.7124159487523922,-0.8207093437298784,0.0
9.200000000000001,11,-2.099407800413326,-0.7993267833732249,0.0
9.200000000000001,12,-1.6924755766941808,-0.7936599394166765,0.0
9.200000000000001,13,-1.0404996998341618,-0.823824987443487,0.0
9.200000000000001,14,-0.6067780712951407,-0.8507981830187443,0.0
9.200000000000001,15,-0.002813575213771874,-0.7405533287972431,0.0
9.200000000000001,16,0.4668431241412663,-0.8000486098724049,0.0
9.200000000000001,17,0.9829837869630587,-0.9080044711168164,0.0
9.200000000000001,18,1.6855795047325999,-0.7554908491628657,0.0
9.200000000000001,19,2.201992401651747,-0.789264171205113,0.0
9.200000000000001,20,-2.6661848229663367,-0.325109003323981,0.0
9.200000000000001,21,-2.1327877055658564,-0.313367266624065,0.0
9.200000000000001,22,-1.69855626401616,-0.2797245640240009,0.0
9.200000000000001,23,-1.0417304351393313,-0.18107377485003903,0.0
9.200000000000001,24,-0.5188711922517906,-0.33185182298487503,0.0
9.200000000000001,25,-0.012408157892094304,-0.3218064991700135,0.0
9.200000000000001,26,0.44013850474943206,-0.358436173112443,0.0
9.200000000000001,27,1.1039639378260393,-0.2004726045105411,0.0
9.200000000000001,28,1.6409627532973774,-0.23765329700084906,0.0
9.200000000000001,29,2.2396463709381638,-0.23904533908881537,0.0
9.200000000000001,30,-2.656697406568345,0.3580380595523299,0.0
9.200000000000001,31,-2.171717132085626,0.20343491613641823,0.0
9.200000000000001,32,-1.659935228809601,0.17902969344946057,0.0
9.200000000000001,33,-1.0741815683440108,0.3040276882491987,0.0
9.200000000000001,34,-0.5692858434331515,0.2545031255353977,0.0
9.200000000000001,35,-0.07863785291951922,0.2140130843387757,0.0
9.200000000000001,36,0.4916444625332979,0.3473877094677852,0.0
9.200000000000001,37,0.9916689447387482,0.2979586816292559,0.0
9.200000000000001,38,1.6070479186422333,0.3493416774300332,0.0
9.200000000000001,39,2.141816980630447,0.2842732098394605,0.0
9.200000000000001,40,-2.732108454696108,0.7368388721131419,0.0
9.200000000000001,41,-2.101865616324721,0.8610100141779091,0.0
9.200000000000001,42,-1.598876067513443,0.7691534291832554,0.0
9.200000000000001,43,-1.0779548573508202,0.8494689937394511,0.0
9.200000000000001,44,-0.49085447525262,0.722048408348346,0.0
9.200000000000001,45,0.08625589404754647,0.8378263803585108,0.0
9.200000000000001,46,0.5558099402941447,0.8361712199207052,0.0
9.200000000000001,47,0.9950980488261122,0.9041425576553399,0.0
9.200000000000001,48,1.6241131204392418,0.8874582851365599,0.0
9.200000000000001,49,2.066673750249151,0.8612525696167518,0.0
9.3,0,-2.6050763032963635,-1.4233330017666512,0.0
9.3,1,-2.0770929893803998,-1.3198399873151558,0.0
9.3,2,-1.627455280011847,-1.3102973240675633,0.0
9.3,3,-1.139879711434849,-1.4200311412421402,0.0
9.3,4,-0.4905118053175934,-1.3383374455421202,0.0
9.3,5,-0.03065197481670194,-1.3593196569882804,0.0
9.3,6,0.6022847431542632,-1.2629733990012946,0.0
9.3,7,1.0443385639370406,-1.4187844657116149,0.0
9.3,8,1.6238746683111343,-1.4087549045771612,0.0
9.3,9,2.228206000966975,-1.3630082810957083,0.0
9.3,10,-2.770509714075712,-0.7312609617324952,0.0
9.3,11,-2.0581408635095766,-0.7424097530563787,0.0
9.3,12,-1.6428791633165873,-0.7958181384632185,0.0
9.3,13,-1.0542156584262596,-0.8575458149736487,0.0
9.3,14,-0.5776043645115304,-0.8637947827905301,0.0
9.3,15,0.03731087480644513,-0.7899878800525941,0.0
9.3,16,0.5114623877676031,-0.8044343033356236,0.0
9.3,17,0.9725768882781165,-0.7039601650262632,0.0
9.3,18,1.542963840806931,-0.8103615829538601,0.0
9.3,19,2.1922276261415923,-0.7816245807409425,0.0
9.3,20,-2.6288670263433107,-0.31524009966874106,0.0
9.3,21,-2.064633515786788,-0.3280097531786866,0.0
9.3,22,-1.6699969332484461,-0.27353658928192975,0.0
9.3,23,-1.1622096816437635,-0.18973550843097964,0.0
9.3,24,-0.6343916814612922,-0.2232652711808988,0.0
9.3,25,-0.023585636575463934,-0.17192176159018394,0.0
9.3,26,0.5733646338250211,-0.2093112075236777,0.0
9.3,27,1.1144490693439097,-0.21645244826711543,0.0
9.3,28,1.5950559500485113,-0.26862569137686876,0.0
9.3,29,2.1433276731439475,-0.28756986304592824,0.0
9.3,30,-2.725061284139017,0.3532836135771972,0.0
9.3,31,-2.1748230950332523,0.35465014867094036,0.0
9.3,32,-1.5517164853831655,0.1905585440975497,0.0
9.3,33,-1.0552784962945663,0.36417484673979517,0.0
9.3,34,-0.4519643553868943,0.26622296635398573,0.0
9.3,35,-0.04840874177200752,0.24436910580978444,0.0
9.3,36,0.512384651811863,0.272967941652411,0.0
9.3,37,1.1090617578643378,0.2822366825492464,0.0
9.3,38,1.5419924605711435,0.2534507172075238,0.0
9.3,39,2.1456524385045124,0.30403708373516586,0.0
9.3,40,-2.5920880957330255,0.7140666237919983,0.0
9.3,41,-2.175113895985916,0.8179051401880122,0.0
9.3,42,-1.6906889962815264,0.7965655349356338,0.0
9.3,43,-1.0488008354019138,0.7638674828509342,0.0
9.3,44,-0.5975558633061404,0.782785975254498,0.0
9.3,45,-0.0799272103873857,0.749549089314999,0.0
9.3,46,0.5760786518685344,0.8425278691869289,0.0
9.3,47,1.0347535761017017,0.7059660502836487,0.0
9.3,48,1.5791721805096102,0.8129537557053585,0.0
9.3,49,2.1285654742056246,0.84719230440146,0.0
9.4,0,-2.697127254006071,-1.3811130478669156,0.0
9.4,1,-2.1485518674732194,-1.2876567535657053,0.0
9.4,2,-1.5899780338019394,-1.2492369272984942,0.0
9.4,3,-1.0144475736653598,-1.2781775203282282,0.0
9.4,4,-0.5139158415661962,-1.411518987633376,0.0
9.4,5,0.04413464802438721,-1.3400945798684116,0.0
9.4,6,0.5606818695404414,-1.274122539074117,0.0
9.4,7,1.1047687663405301,-1.3578432309996222,0.0
9.4,8,1.4931400360710714,-1.2850320459617508,0.0
9.4,9,2.1737051225848614,-1.315665226241833,0.0
9.4,10,-2.7026924930690983,-0.7300685786670434,0.0
9.4,11,-2.180815926784425,-0.7475913389003424,0.0
9.4,12,-1.5661179406537402,-0.7470730614890426,0.0
9.4,13,-0.9773866445700816,-0.8466539210185478,0.0
9.4,14,-0.43055669356062864,-0.7095421487180565,0.0
9.4,15,-0.06497981839758867,-0.7752945875781899,0.0
9.4,16,0.5365047694054828,-0.8327438586504082,0.0
9.4,17,0.9934692763828541,-0.7956544456642765,0.0
9.4,18,1.6283707379272259,-0.8904549152959029,0.0
9.4,19,2.0230004873807417,-0.892635028331464,0.0
9.4,20,-2.590151359583977,-0.19781422053132494,0.0
9.4,21,-2.086076948427894,-0.3409712393784467,0.0
9.4,22,-1.6560078722833333,-0.2681892075323409,0.0
9.4,23,-1.028676543600392,-0.18598538038544932,0.0
9.4,24,-0.5097223263180366,-0.3051971968182426,0.0
9.4,25,0.0357885062699117,-0.29511814838615746,0.0
9.4,26,0.6080201811443346,-0.32308310030875986,0.0
9.4,27,0.9713339022243526,-0.2547441746945135,0.0
9.4,28,1.5907501083816193,-0.1670927373352589,0.0
9.4,29,2.0814466122228925,-0.1788040643281303,0.0
9.4,30,-2.7393764934537423,0.3267386756936162,0.0
9.4,31,-2.135902779695873,0.33975184673748415,0.0
9.4,32,-1.5822367511483102,0.2057561606635157,0.0
9.4,33,-1.097646748722856,0.29625815707304154,0.0
9.4,34,-0.573596784980128,0.25196722012366224,0.0
9.4,35,-0.05879436957365363,0.23131486130703827,0.0
9.4,36,0.5515336662024438,0.2660015972589347,0.0
9.4,37,1.0972497019810175,0.2869980076014523,0.0
9.4,38,1.5613132983370939,0.2948905990076492,0.0
9.4,39,2.095837698736621,0.2577037617057499,0.0
9.4,40,-2.5758744617412037,0.6961018022289412,0.0
9.4,41,-2.0256060883580185,0.7609806220180543,0.0
9.4,42,-1.5790444643349517,0.8104074153034077,0.0
9.4,43,-1.0850747029902525,0.7766608849453167,0.0
9.4,44,-0.47616385780338677,0.7855867253198281,0.0
9.4,45,0.021782724004617088,0.7769780374320052,0.0
9.4,46,0.6070050744552619,0.7798314053830793,0.0
9.4,47,1.0658572807253142,0.8231347377655613,0.0
9.4,48,1.583247834303727,0.7568953647628253,0.0
9.4,49,2.1669001948436692,0.7966898150039513,0.0
9.5,0,-2.687206175035466,-1.2679702107988666,0.0
9.5,1,-2.1650918571411286,-1.3500626424442492,0.0
9.5,2,-1.582688291783535,-1.3118068889602033,0.0
9.5,3,-0.9516055038879414,-1.2999765633473186,0.0
9.5,4,-0.5584234457169255,-1.4026881527765993,0.0
9.5,5,0.02879898766752062,-1.347254874287271,0.0
9.5,6,0.5739581388778433,-1.3618548309473568,0.0
9.5,7,1.050840633073391,-1.3779129897722182,0.0
9.5,8,1.5227980505520802,-1.361451510123869,0.0
9.5,9,2.1214674619887113,-1.2231577623974677,0.0
9.5,10,-2.6236815540734613,-0.8445230286766728,0.0
9.5,11,-2.0166834413647816,-0.7625025743847342,0.0
9.5,12,-1.65939224532987,-0.8712909710269867,0.0
9.5,13,-0.9732934761765051,-0.7106007004627,0.0
9.5,14,-0.5636493872205625,-0.7232222792401666,0.0
9.5,15,0.045936996181688755,-0.8805383064929867,0.0
9.5,16,0.5049470569926156,-0.7194087640505014,0.0
9.5,17,0.9878719666760776,-0.7870978438185657,0.0
9.5,18,1.6217965023049878,-0.8728873350922811,0.0
9.5,19,2.0549442864969314,-0.6962327692173408,0.0
9.5,20,-2.5512407078702948,-0.20414332010023037,0.0
9.5,21,-2.1126131379275987,-0.2398626922242456,0.0
9.5,22,-1.6250052377958428,-0.23814355849482524,0.0
9.5,23,-1.0992483628526608,-0.31355876111486436,0.0
9.5,24,-0.5574959148259694,-0.3381904648394456,0.0
9.5,25,-0.01721855744187048,-0.32981578893199126,0.0
9.5,26,0.5056489228266035,-0.2669110582844145,0.0
9.5,27,1.0548045721143615,-0.19685017762405116,0.0
9.5,28,1.5886334712289913,-0.3384784976207377,0.0
9.5,29,2.154319238593159,-0.2576866078201091,0.0
9.5,30,-2.7179544246500904,0.2407231866119126,0.0
9.5,31,-2.0538800485172923,0.3002000769436184,0.0
9.5,32,-1.6381524738667812,0.2719502794928399,0.0
9.5,33,-1.0450969310208889,0.2247475424262303,0.0
9.5,34,-0.6172653654541843,0.20445707361676907,0.0
9.5,35,0.05367040812536547,0.222256622370679,0.0
9.5,36,0.5954555764689039,0.21574321321682044,0.0
9.5,37,1.0645325493107622,0.27238001565882397,0.0
9.5,38,1.648936599675028,0.3599628109924792,0.0
9.5,39,2.11112003972711,0.28661318026925875,0.0
9.5,40,-2.636668917744774,0.8338401246041487,0.0
9.5,41,-2.022489989120001,0.881505933193388,0.0
9.5,42,-1.4790269119729995,0.8234933838882037,0.0
9.5,43,-1.0248188006464285,0.8373825154541996,0.0
9.5,44,-0.570179105490131,0.871191323928597,0.0
9.5,45,0.09033041695749172,0.7964962248781385,0.0
9.5,46,0.5343147551203645,0.7482548540153336,0.0
9.5,47,1.0660575488051907,0.8799963653270296,0.0
9.5,48,1.6207745207800524,0.7098712168170145,0.0
9.5,49,2.175335461265182,0.6935554337204086,0.0
9.600000000000001,0,-2.5509427896780084,-1.3583679058979048,0.0
9.600000000000001,1,-2.123749237822024,-1.2725978310706165,0.0
9.600000000000001,2,-1.4854478426769033,-1.254456214294677,0.0
9.600000000000001,3,-0.9878818613006347,-1.3487396443901958,0.0
9.600000000000001,4,-0.497276378895122,-1.3974719092857388,0.0
9.600000000000001,5,0.021460691194391132,-1.3977365688181216,0.0
9.600000000000001,6,0.5517559177634135,-1.3179223964906492,0.0
9.600000000000001,7,0.944199108074931,-1.3203108730543511,0.0
9.600000000000001,8,1.6531293845540311,-1.2070994178224932,0.0
9.600000000000001,9,2.016815603676868,-1.3155227036231039,0.0
9.600000000000001,10,-2.540196023968147,-0.7635102996914777,0.0
9.600000000000001,11,-2.0693336404537304,-0.8644655544216044,0.0
9.600000000000001,12,-1.499704174122366,-0.6819209409705661,0.0
9.600000000000001,13,-1.1323434295439547,-0.7939291544677579,0.0
9.600000000000001,14,-0.6087901523273302,-0.7654099355336675,0.0
9.600000000000001,15,0.05888702584541808,-0.8339052778435296,0.0
9.600000000000001,16,0.49852171030076464,-0.8744719309808251,0.0
9.600000000000001,17,1.0138711000707006,-0.8039891842678346,0.0
9.600000000000001,18,1.618762927281115,-0.8524621811093119,0.0
9.600000000000001,19,2.121386883991411,-0.8015262615764122,0.0
9.600000000000001,20,-2.6831686732112963,-0.24463433214774913,0.0
9.600000000000001,21,-2.0747177177612204,-0.3289463874004914,0.0
9.600000000000001,22,-1.613584403854291,-0.3546987551979497,0.0
9.600000000000001,23,-1.0212856869673315,-0.34385895260784294,0.0
9.600000000000001,24,-0.5079914327641609,-0.2004131782581251,0.0
9.600000000000001,25,-0.06614345347573136,-0.21804940248907217,0.0
9.600000000000001,26,0.538706147873063,-0.3248056605176106,0.0
9.600000000000001,27,1.0270955794472754,-0.2819029536787191,0.0
9.600000000000001,28,1.5155268981695447,-0.1635163953978645,0.0
9.600000000000001,29,2.1750901278847383,-0.3431519047621582,0.0
9.600000000000001,30,-2.6247294426428094,0.2040069135880415,0.0
9.600000000000001,31,-2.0211199511424756,0.18845656356843415,0.0
9.600000000000001,32,-1.5630754716880846,0.3081894177896102,0.0
9.600000000000001,33,-0.9435046439445375,0.282592013105064,0.0
9.600000000000001,34,-0.5980561565190982,0.19049369998661134,0.0
9.600000000000001,35,0.058047392277361165,0.3299329558247049,0.0
9.600000000000001,36,0.5330982575831565,0.25270473937546223,0.0
9.600000000000001,37,1.074319575496892,0.3402755731282488,0.0
9.600000000000001,38,1.5801949128492776,0.18616005565674384,0.0
9.600000000000001,39,2.12092264509284,0.1934990223328046,0.0
9.600000000000001,40,-2.6056683864590684,0.7452314449398961,0.0
9.600000000000001,41,-2.0666999151514425,0.7305843854368703,0.0
9.600000000000001,42,-1.5957394347589562,0.7283405563355175,0.0
9.600000000000001,43,-1.1062060637493345,0.7364319264833877,0.0
9.600000000000001,44,-0.5478575528912414,0.6846741090379757,0.0
9.600000000000001,45,-0.037833655320691474,0.8663397837419027,0.0
9.600000000000001,46,0.6074317271878455,0.825772534935719,0.0
9.600000000000001,47,1.1033389366541837,0.7198737133342821,0.0
9.600000000000001,48,1.6169721160940742,0.6920440840791569,0.0
9.600000000000001,49,2.0484383796028913,0.6859331328979493,0.0
9.700000000000001,0,-2.551555952592019,-1.2761496370160925,0.0
9.700000000000001,1,-2.1166519806182063,-1.3324910248270316,0.0
9.700000000000001,2,-1.64479079707858,-1.3565519231701728,0.0
9.700000000000001,3,-0.9459945868213059,-1.3303073540318757,0.0
9.700000000000001,4,-0.47785818435328986,-1.3127069348921443,0.0
9.700000000000001,5,-0.034907851628059344,-1.3244563756463725,0.0
9.700000000000001,6,0.545350038833817,-1.226560259093896,0.0
9.700000000000001,7,0.9413061683006684,-1.3389008438220218,0.0
9.700000000000001,8,1.5301762221397734,-1.374877473683885,0.0
9.700000000000001,9,1.9780390682231404,-1.3395281070950418,0.0
9.700000000000001,10,-2.4896890627209123,-0.8060691727140072,0.0
9.700000000000001,11,-2.1500687845470456,-0.831923334863507,0.0
9.700000000000001,12,-1.5095761106240715,-0.6731263412799844,0.0
9.700000000000001,13,-1.0914924354448814,-0.8635903227516362,0.0
9.700000000000001,14,-0.5824106739378396,-0.8238057920820261,0.0
9.700000000000001,15,-0.03514124648967694,-0.8011048128621016,0.0
9.700000000000001,16,0.4377219146892992,-0.8357728987965816,0.0
9.700000000000001,17,1.077256527248091,-0.7056575333984962,0.0
9.700000000000001,18,1.5617863538012102,-0.8165771685709725,0.0
9.700000000000001,19,2.024982326315196,-0.7305132163541521,0.0
9.700000000000001,20,-2.54371881898595,-0.24172747732364483,0.0
9.700000000000001,21,-1.9998830322559016,-0.2019910484936369,0.0
9.700000000000001,22,-1.5234645161250997,-0.29287743791949744,0.0
9.700000000000001,23,-1.1060435084040112,-0.3405643494386037,0.0
9.700000000000001,24,-0.5699218019084141,-0.20420291518455733,0.0
9.700000000000001,25,0.05954108705295663,-0.252293352402756,0.0
9.700000000000001,26,0.46346576218815316,-0.3349466494431395,0.0
9.700000000000001,27,1.003773008780739,-0.19720649349633745,0.0
9.700000000000001,28,1.6165771156813518,-0.3202601502064436,0.0
9.700000000000001,29,1.986053847700161,-0.24920494392981765,0.0
9.700000000000001,30,-2.483689111899918,0.202014673066681,0.0
9.700000000000001,31,-1.9892378817366576,0.26916477100615377,0.0
9.700000000000001,32,-1.5358034907573785,0.17901682241271327,0.0
9.700000000000001,33,-0.994483809248065,0.2355405086658648,0.0
9.700000000000001,34,-0.46161282033606543,0.2703001547234922,0.0
9.700000000000001,35,-0.0033766549965066617,0.3283747988300709,0.0
9.700000000000001,36,0.4311186545147676,0.20201948377897985,0.0
9.700000000000001,37,1.0213844097831626,0.19361900266832713,0.0
9.700000000000001,38,1.4637648217044235,0.35701869672097186,0.0
9.700000000000001,39,2.0062650759163794,0.233982050146835,0.0
9.700000000000001,40,-2.495332417275234,0.8141540922024326,0.0
9.700000000000001,41,-2.0862245852333077,0.8244669901406613,0.0
9.700000000000001,42,-1.4896698456625277,0.7530252365639758,0.0
9.700000000000001,43,-1.0072987121010866,0.7945559406301266,0.0
9.700000000000001,44,-0.5190425907910958,0.8225036967135229,0.0
9.700000000000001,45,-0.020342339201200654,0.7607170512650248,0.0
9.700000000000001,46,0.5459331725683911,0.8123630293345948,0.0
9.700000000000001,47,1.1148394900505871,0.7903818254448669,0.0
9.700000000000001,48,1.4597506283392774,0.8253654888368223,0.0
9.700000000000001,49,2.1477558340184553,0.7217888649389579,0.0
9.8,0,-2.6440292202751468,-1.2962418396961306,0.0
9.8,1,-2.0520651932016953,-1.3498503362772345,0.0
9.8,2,-1.432809809534477,-1.2118269807368414,0.0
9.8,3,-1.0051506945740858,-1.273171360361095,0.0
9.8,4,-0.45291239483302215,-1.2202731918447463,0.0
9.8,5,0.07449644707132683,-1.3125540095840673,0.0
9.8,6,0.44143601293142243,-1.2601110889873008,0.0
9.8,7,0.9936875206642082,-1.2655416118302332,0.0
9.8,8,1.4812784338270688,-1.2643895499077136,0.0
9.8,9,1.9577264505408443,-1.3320915322390263,0.0
9.8,10,-2.4721776128502655,-0.8576306667707501,0.0
9.8,11,-2.0977645777385976,-0.714751414745689,0.0
9.8,12,-1.548939699118107,-0.8149023673225757,0.0
9.8,13,-1.0985348871355547,-0.8182233741386739,0.0
9.8,14,-0.43253754406105455,-0.8571336149688589,0.0
9.8,15,0.03869242679843951,-0.7896373352025704,0.0
9.8,16,0.5377952873881721,-0.8516015397410517,0.0
9.8,17,0.979690736289899,-0.722936010218758,0.0
9.8,18,1.6161505870695139,-0.6904547700701034,0.0
9.8,19,1.974633238549718,-0.8516517309089157,0.0
9.8,20,-2.513729651011341,-0.2284195580795749,0.0
9.8,21,-1.9881839503674115,-0.3439948068007853,0.0
9.8,22,-1.4925920894499431,-0.3119951223779909,0.0
9.8,23,-0.983142425715388,-0.22317461987690668,0.0
9.8,24,-0.5351548897101598,-0.24869141985341284,0.0
9.8,25,0.01213095135691207,-0.24180813843179788,0.0
9.8,26,0.5807033831516668,-0.16642566015961727,0.0
9.8,27,0.9861709035335963,-0.3172090533255978,0.0
9.8,28,1.4627652353075313,-0.22372418742084954,0.0
9.8,29,1.9925275205639812,-0.18453156011017513,0.0
9.8,30,-2.505921502570723,0.2598185245270307,0.0
9.8,31,-2.0139968264234835,0.2852590787871888,0.0
9.8,32,-1.5167909458310636,0.265129032288756,0.0
9.8,33,-1.1145387313020094,0.27251879924878947,0.0
9.8,34,-0.5420726653080874,0.3199128704734008,0.0
9.8,35,-0.09624652909594987,0.25693252573124864,0.0
9.8,36,0.4817278470783279,0.2371867227313539,0.0
9.8,37,0.9464254271227838,0.33158519385920215,0.0
9.8,38,1.5881188875581884,0.3324476253092625,0.0
9.8,39,1.963758242066386,0.16176123213841093,0.0
9.8,40,-2.5841675780851605,0.7537239579576755,0.0
9.8,41,-2.082013392798374,0.8256244495947311,0.0
9.8,42,-1.4870796055990203,0.6830463087988281,0.0
9.8,43,-1.0452971087492917,0.6651791604917138,0.0
9.8,44,-0.41848497963056286,0.670321054691092,0.0
9.8,45,0.020253304349568596,0.7501296445220703,0.0
9.8,46,0.4315359544766092,0.7429841761656985,0.0
9.8,47,0.9341107002612825,0.7275187203869127,0.0
9.8,48,1.4412646371364821,0.6868856360822444,0.0
9.8,49,2.003318368128085,0.717613978870454,0.0
9.9,0,-2.5545728582952956,-1.199191551828355,0.0
9.9,1,-1.9411572063046554,-1.2164259407572222,0.0
9.9,2,-1.5343143612708274,-1.186378948883648,0.0
9.9,3,-1.0290596030808319,-1.2580816735749274,0.0
9.9,4,-0.5882243564761263,-1.2141863246180127,0.0
9.9,5,-0.0958628498888718,-1.169346410635088,0.0
9.9,6,0.5728614672561289,-1.330803367594123,0.0
9.9,7,1.078952834568993,-1.3422904004394345,0.0
9.9,8,1.5622217311425437,-1.352756737087532,0.0
9.9,9,2.1079972772014774,-1.3368568742136389,0.0
9.9,10,-2.5017477045937406,-0.8364905453317504,0.0
9.9,11,-2.045108913345504,-0.8168953870081892,0.0
9.9,12,-1.4946502683895646,-0.6793200394776074,0.0
9.9,13,-1.0499123596198523,-0.6856371246611481,0.0
9.9,14,-0.5604130075260539,-0.7199541570228458,0.0
9.9,15,-0.05816413943989956,-0.7818449378636566,0.0
9.9,16,0.5677069436402685,-0.6716163149219566,0.0
9.9,17,1.0263836476778063,-0.6584650740282761,0.0
9.9,18,1.5544971241978043,-0.7157158663445591,0.0
9.9,19,2.0861933022607633,-0.6893498962124184,0.0
9.9,20,-2.45383395304659,-0.259772123920199,0.0
9.9,21,-2.0958158216872955,-0.2910731362578057,0.0
9.9,22,-1.4878501286617336,-0.22831388484251924,0.0
9.9,23,-0.9677427887947934,-0.27041483039590875,0.0
9.9,24,-0.47481093874378255,-0.16765531365079825,0.0
9.9,25,0.05540539655644991,-0.2715946551135656,0.0
9.9,26,0.5812440719091474,-0.33564851466924334,0.0
9.9,27,0.970182845998016,-0.18738183956173338,0.0
9.9,28,1.474974822809318,-0.33309255391052295,0.0
9.9,29,2.1019171730461355,-0.16150702347467413,0.0
9.9,30,-2.4949893568604127,0.30002113612890213,0.0
9.9,31,-1.9507007100574816,0.30484676826184887,0.0
9.9,32,-1.5803209445197879,0.23775443789962653,0.0
9.9,33,-0.9587237100022836,0.17800873452367805,0.0
9.9,34,-0.569655936250578,0.1867421627094114,0.0
9.9,35,-0.04344262412049278,0.28752169201149125,0.0
9.9,36,0.4509629219753769,0.265994871217799,0.0
9.9,37,1.1009052097710568,0.23176022130373491,0.0
9.9,38,1.4751070218097864,0.23107520411864155,0.0
9.9,39,1.9600417598993405,0.3490654048400912,0.0
9.9,40,-2.458040234204191,0.8174701961447397,0.0
9.9,41,-1.9523171075136523,0.7483047750673711,0.0
9.9,42,-1.4420819009219643,0.8322312408524988,0.0
9.9,43,-1.078795866716534,0.8009889958991868,0.0
9.9,44,-0.4324824689298681,0.7888236797469896,0.0
9.9,45,0.056921472581875104,0.7384043615374984,0.0
9.9,46,0.5215082064601126,0.7942850420223768,0.0
9.9,47,1.0628922478678835,0.7035800757381259,0.0
9.9,48,1.5345035958203401,0.7866336574223167,0.0
9.9,49,1.9789732335048846,0.8450558682805285,0.0
10.0,0,-2.5320641717724586,-1.2769163522471358,0.0
10.0,1,-1.9063771413681663,-1.2858315093227073,0.0
10.0,2,-1.5578271794316647,-1.224685781498961,0.0
10.0,3,-1.0470549687658752,-1.2309175103651162,0.0
10.0,4,-0.5833868322429322,-1.26735449643347,0.0
10.0,5,-0.01605900898172455,-1.3217686630035113,0.0
10.0,6,0.4052956044351691,-1.3082375841757856,0.0
10.0,7,1.019239242260402,-1.2081371984404965,0.0
10.0,8,1.4404291938271536,-1.168781032394726,0.0
10.0,9,2.056993716141346,-1.3148135037874278,0.0
10.0,10,-2.4506917503190166,-0.650847634741626,0.0
10.0,11,-2.063938699572933,-0.7329609494716136,0.0
10.0,12,-1.5445717567125887,-0.7442672023754962,0.0
10.0,13,-0.9406031825319919,-0.8122898173625561,0.0
10.0,14,-0.43263318711661936,-0.6667596632167573,0.0
10.0,15,0.013192202804349656,-0.763629201911365,0.0
10.0,16,0.5322541463053876,-0.7790728292898201,0.0
10.0,17,0.9214437743060206,-0.6553351470657071,0.0
10.0,18,1.5570085328482632,-0.6680631809194253,0.0
10.0,19,1.9464926822683621,-0.7693280393277996,0.0
10.0,20,-2.565877959291188,-0.3320976782372962,0.0
10.0,21,-2.0373939485074373,-0.18766022829560355,0.0
10.0,22,-1.4057808321991547,-0.3053149147783917,0.0
10.0,23,-1.0033085146410425,-0.329276818001246,0.0
10.0,24,-0.5996903815493793,-0.268991059118343,0.0
10.0,25,-0.017211785404522437,-0.18982375793265274,0.0
10.0,26,0.5349545687130031,-0.15262217345242482,0.0
10.0,27,0.9028430195586659,-0.18552659505270083,0.0
10.0,28,1.5169299436645562,-0.3072475867508689,0.0
10.0,29,1.9949027165007054,-0.2286242410307255,0.0
10.0,30,-2.43407945178802,0.3129662808204529,0.0
10.0,31,-2.0600706122353327,0.18053323425642587,0.0
10.0,32,-1.5776984497076585,0.21268384852331068,0.0
10.0,33,-1.009218315494726,0.2679890686185893,0.0
10.0,34,-0.4507452507064873,0.29047581023329366,0.0
10.0,35,0.021421013846927364,0.1614579830804907,0.0
10.0,36,0.5849326106610597,0.3331012730949041,0.0
10.0,37,0.9434777118436931,0.23717834542511634,0.0
10.0,38,1.551417337201858,0.3280227390273954,0.0
10.0,39,2.0989824903076664,0.3394384397308129,0.0
10.0,40,-2.558412180140077,0.7385545316825087,0.0
10.0,41,-1.9943937050792608,0.8102317681733681,0.0
10.0,42,-1.5023247686126795,0.6830589623930643,0.0
10.0,43,-1.0288199177040889,0.653596406060385,0.0
10.0,44,-0.4057395483940145,0.701215085054957,0.0
10.0,45,0.002287189410816487,0.7686906074098357,0.0
10.0,46,0.4119308025364582,0.6746698888283087,0.0
10.0,47,1.0098292415255654,0.7940860261963714,0.0
10.0,48,1.4959031395056126,0.6798424781977968,0.0
10.0,49,2.0281123941894528,0.8353708711514507,0.0
10.100000000000001,0,-2.491496127970979,-1.204318459749127,0.0
10.100000000000001,1,-1.9112294487479295,-1.1956217448470046,0.0
10.100000000000001,2,-1.4997486930180746,-1.3168047819142403,0.0
10.100000000000001,3,-1.051734084721294,-1.2483945885412184,0.0
10.100000000000001,4,-0.4747523215744104,-1.2609156004296227,0.0
10.100000000000001,5,-0.05802089507065296,-1.1436478676513113,0.0
10.100000000000001,6,0.5548292998748335,-1.227184565290352,0.0
10.100000000000001,7,1.071920540109823,-1.2033134864285435,0.0
10.100000000000001,8,1.523457579209448,-1.2508652340524988,0.0
10.100000000000001,9,1.9280614162353904,-1.1620419106049358,0.0
10.100000000000001,10,-2.4276083541091187,-0.6456107729513274,0.0
10.100000000000001,11,-2.043880674012548,-0.6771624711912737,0.0
10.100000000000001,12,-1.4742755324199828,-0.8136019546204264,0.0
10.100000000000001,13,-0.9445886498881364,-0.6960186502241027,0.0
10.100000000000001,14,-0.5590990985576277,-0.7330880901497577,0.0
10.100000000000001,15,0.06190921263308158,-0.775794864210687,0.0
10.100000000000001,16,0.4546274358325512,-0.7545606699605747,0.0
10.100000000000001,17,0.96540304770476,-0.7150203375829358,0.0
10.100000000000001,18,1.531439120040454,-0.6521592734680057,0.0
10.100000000000001,19,1.912807841111368,-0.84083605357855,0.0
10.100000000000001,20,-2.554036059126679,-0.23256471741949766,0.0
10.100000000000001,21,-2.0149047801608027,-0.19681375574787438,0.0
10.100000000000001,22,-1.471854554338377,-0.18454705666693103,0.0
10.100000000000001,23,-0.8942502572221023,-0.22346479175664893,0.0
10.100000000000001,24,-0.419745725177871,-0.23768728430791297,0.0
10.100000000000001,25,-0.052061380770562375,-0.2234508262149706,0.0
10.100000000000001,26,0.544069740757163,-0.18096616652001585,0.0
10.100000000000001,27,1.049039632949849,-0.3446037208092727,0.0
10.100000000000001,28,1.4238172170943515,-0.21026899226957638,0.0
10.100000000000001,29,2.021865370922003,-0.3439066921346583,0.0
10.100000000000001,30,-2.427531150905703,0.17182596278465548,0.0
10.100000000000001,31,-1.936722086354608,0.2047090822269572,0.0
10.100000000000001,32,-1.552267074211038,0.2538440349738027,0.0
10.100000000000001,33,-0.9385737177335398,0.17108103794087248,0.0
10.100000000000001,34,-0.45478477784942944,0.29077163710952236,0.0
10.100000000000001,35,0.07592219128767055,0.25308046326861255,0.0
10.100000000000001,36,0.43149395129327717,0.16410875443629802,0.0
10.100000000000001,37,1.0583577308524856,0.2419494646858733,0.0
10.100000000000001,38,1.5330515055755845,0.21589150966678405,0.0
10.100000000000001,39,1.8818030679133413,0.21126526711015964,0.0
10.100000000000001,40,-2.4234554717328542,0.8391921505983186,0.0
10.100000000000001,41,-1.9245680638216223,0.8196172946955511,0.0
10.100000000000001,42,-1.5260747231363676,0.7224355757224806,0.0
10.100000000000001,43,-1.021194898587722,0.6650893999499391,0.0
10.100000000000001,44,-0.46124284836837004,0.7752667257480508,0.0
10.100000000000001,45,-0.0054701969556141955,0.8031690820383471,0.0
10.100000000000001,46,0.5506915407967397,0.839742148388509,0.0
10.100000000000001,47,1.0151269262450973,0.7867270888995377,0.0
10.100000000000001,48,1.5357232325601597,0.6931665046642416,0.0
10.100000000000001,49,2.011725037126531,0.7327558502244518,0.0
10.200000000000001,0,-2.4439504404889068,-1.2627752539863846,0.0
10.200000000000001,1,-1.8852759976883466,-1.1682061063645934,0.0
10.200000000000001,2,-1.551813956965167,-1.1434192805183763,0.0
10.200000000000001,3,-1.0436512405496656,-1.1438440049790424,0.0
10.200000000000001,4,-0.4164976102356549,-1.170243552139687,0.0
10.200000000000001,5,-0.09643824956809587,-1.2728414770562528,0.0
10.200000000000001,6,0.5064512778560799,-1.2643778414044282,0.0
10.200000000000001,7,0.884897815779711,-1.2374840989555889,0.0
10.200000000000001,8,1.3949766932090326,-1.2376441352681653,0.0
10.200000000000001,9,1.967664617644585,-1.3082198789174326,0.0
10.200000000000001,10,-2.5204055914623904,-0.7239957655502504,0.0
10.200000000000001,11,-1.9991059443322934,-0.7074062855236869,0.0
10.200000000000001,12,-1.5495855872627613,-0.760809169570359,0.0
10.200000000000001,13,-0.926370449378201,-0.7237510798393644,0.0
10.200000000000001,14,-0.4434628172617925,-0.6651350876184259,0.0
10.200000000000001,15,0.04566792317199739,-0.6474417758425426,0.0
10.200000000000001,16,0.4216246244060752,-0.795143994325642,0.0
10.200000000000001,17,0.89879692154276,-0.7931147869431786,0.0
10.200000000000001,18,1.3797290497517787,-0.6707396303919195,0.0
10.200000000000001,19,1.9691820218738432,-0.6606481274576417,0.0
10.200000000000001,20,-2.3533662130864057,-0.15849421102004074,0.0
10.200000000000001,21,-1.9805054468508994,-0.2903240359286162,0.0
10.200000000000001,22,-1.482767792413133,-0.2952302210475398,0.0
10.200000000000001,23,-1.0040647431398195,-0.26299281707731104,0.0
10.200000000000001,24,-0.5828185571018863,-0.21484626188446826,0.0
10.200000000000001,25,-0.07132863353562224,-0.23414162078810072,0.0
10.200000000000001,26,0.540758045462318,-0.2509399992503361,0.0
10.200000000000001,27,1.0163402246775946,-0.26921873158110793,0.0
10.200000000000001,28,1.4330419917706574,-0.17352905377833236,0.0
10.200000000000001,29,2.023987202935052,-0.21000895170663508,0.0
10.200000000000001,30,-2.3587435817099154,0.29003930905128145,0.0
10.200000000000001,31,-2.0306011641612676,0.2770824250109923,0.0
10.200000000000001,32,-1.4132179689219622,0.2803596193827923,0.0
10.200000000000001,33,-0.9203226893665145,0.31550230353174713,0.0
10.200000000000001,34,-0.4403934922431539,0.1771886297904684,0.0
10.200000000000001,35,0.02042147566239727,0.21566172034945907,0.0
10.200000000000001,36,0.5163048053917488,0.14563421202424348,0.0
10.200000000000001,37,0.9093093687589098,0.2932175676178769,0.0
10.200000000000001,38,1.3763098593805267,0.18007617585896915,0.0
10.200000000000001,39,1.8790349204251118,0.2989211361043691,0.0
10.200000000000001,40,-2.50000605846283,0.7209622875552103,0.0
10.200000000000001,41,-2.0271998825716397,0.6972210742753817,0.0
10.200000000000001,42,-1.4479733408672604,0.7660749479396806,0.0
10.200000000000001,43,-1.0525687057750586,0.7216560103557514,0.0
10.200000000000001,44,-0.5690267280173795,0.7478274656947053,0.0
10.200000000000001,45,-0.006552709898035178,0.7671741359733049,0.0
10.200000000000001,46,0.4548777319517562,0.7918520492858789,0.0
10.200000000000001,47,0.960380709337195,0.7033575077182261,0.0
10.200000000000001,48,1.427459792506677,0.6802992832251608,0.0
10.200000000000001,49,1.8754484935204587,0.6440632213314265,0.0
10.3,0,-2.42152051612581,-1.1726858266264621,0.0
10.3,1,-1.8931133582941195,-1.269823473901182,0.0
10.3,2,-1.3664359930200516,-1.235638701639132,0.0
10.3,3,-0.9381328206941473,-1.2563802393899053,0.0
10.3,4,-0.4975052803480569,-1.2252769342498706,0.0
10.3,5,-0.09430546915738294,-1.1210344714878966,0.0
10.3,6,0.4659035590294902,-1.240851598791758,0.0
10.3,7,1.025958412367427,-1.1372042091521903,0.0
10.3,8,1.5230355622599032,-1.1241210265283872,0.0
10.3,9,2.0385592705051043,-1.236634676487393,0.0
10.3,10,-2.457318346872574,-0.7429401457224948,0.0
10.3,11,-1.893105079228582,-0.7608389157762985,0.0
10.3,12,-1.4998668767023067,-0.6843866790685864,0.0
10.3,13,-0.9899471756978241,-0.7079397043148181,0.0
10.3,14,-0.4882079356312729,-0.7300857776710121,0.0
10.3,15,0.022796681655081016,-0.640060582824265,0.0
10.3,16,0.42001046645226925,-0.796249446604169,0.0
10.3,17,0.9646899764613696,-0.6610912372798964,0.0
10.3,18,1.4266630562807843,-0.6943916733680496,0.0
10.3,19,1.9983512486261084,-0.6575669625121605,0.0
10.3,20,-2.3390633491699933,-0.1932981739835735,0.0
10.3,21,-1.9372535058005316,-0.1850072636489092,0.0
10.3,22,-1.4119394779054515,-0.27945734718160953,0.0
10.3,23,-1.0106329844643618,-0.1988235973047757,0.0
10.3,24,-0.5361057712828998,-0.2656824001699929,0.0
10.3,25,0.022134077396191082,-0.20336926270974276,0.0
10.3,26,0.5550003337848451,-0.21383778970120448,0.0
10.3,27,0.9971583550762574,-0.25971207939117225,0.0
10.3,28,1.4271544196411075,-0.30005381133969306,0.0
10.3,29,1.9928608795768608,-0.29930462009235637,0.0
10.3,30,-2.3361322424267144,0.22597095471092551,0.0
10.3,31,-2.0361406227526255,0.28302042522951276,0.0
10.3,32,-1.4389820153495099,0.19034434125685493,0.0
10.3,33,-0.9825079879310169,0.3374760342893258,0.0
10.3,34,-0.5332689730941467,0.1974490342039766,0.0
10.3,35,-0.012619313764722723,0.22309950490959884,0.0
10.3,36,0.42609135168636564,0.2431683400935447,0.0
10.3,37,1.0249403388842626,0.16848844072607286,0.0
10.3,38,1.451689845207449,0.32045880504613605,0.0
10.3,39,1.897830789431195,0.3009339785831666,0.0
10.3,40,-2.44247860330411,0.6749951063897441,0.0
10.3,41,-2.016907993183932,0.7884471801123591,0.0
10.3,42,-1.3811208170525795,0.7439615805497412,0.0
10.3,43,-1.0695159141638548,0.7146416312837488,0.0
10.3,44,-0.4412623249217344,0.7883587408995343,0.0
10.3,45,0.0034039496367886113,0.7472643480064259,0.0
10.3,46,0.5426724629382625,0.6604597475968335,0.0
10.3,47,0.9972274490030671,0.6932215725453514,0.0
10.3,48,1.4675887519225461,0.7533349880276385,0.0
10.3,49,2.023047842104933,0.7131398008627702,0.0
10.4,0,-2.4410085285454595,-1.1629211937804145,0.0
10.4,1,-1.8719631601538305,-1.171273728921123,0.0
10.4,2,-1.3719436304024866,-1.2117149949044272,0.0
10.4,3,-1.0048634368291296,-1.2236539381229945,0.0
10.4,4,-0.5734026788215144,-1.1014249061854713,0.0
10.4,5,-0.08225421997382476,-1.137364185705467,0.0
10.4,6,0.5148089902174475,-1.2980925196249962,0.0
10.4,7,0.8646066193402508,-1.2761606906556928,0.0
10.4,8,1.418100982992341,-1.246331686624434,0.0
10.4,9,1.917662511121176,-1.1144718992227913,0.0
10.4,10,-2.3817041940201595,-0.7284042604839643,0.0
10.4,11,-1.891039773416454,-0.6766403657756946,0.0
10.4,12,-1.536344130540856,-0.7494685287344596,0.0
10.4,13,-0.9987449053230881,-0.6461900055689691,0.0
10.4,14,-0.43493920622645105,-0.6223980560722366,0.0
10.4,15,0.0006115307939033449,-0.7554173541859773,0.0
10.4,16,0.5513888565759387,-0.8051906215581388,0.0
10.4,17,0.9389460120278995,-0.744449064396585,0.0
10.4,18,1.4901514552905033,-0.6710197391985404,0.0
10.4,19,1.8398747841042231,-0.6885007681040924,0.0
10.4,20,-2.3825731650556476,-0.23450463716291356,0.0
10.4,21,-1.9304951086984556,-0.21363491054064315,0.0
10.4,22,-1.380641556702742,-0.14670408100688873,0.0
10.4,23,-1.0161078139443958,-0.3152630571144223,0.0
10.4,24,-0.5363274800542369,-0.18530302668834364,0.0
10.4,25,-0.014862078746089441,-0.24246010384384625,0.0
10.4,26,0.5108092939466782,-0.2995939326474156,0.0
10.4,27,0.9062707909258548,-0.3396449678461698,0.0
10.4,28,1.4593436167972704,-0.3217213958721469,0.0
10.4,29,1.8806937087476074,-0.3379844644038801,0.0
10.4,30,-2.3371884450800997,0.3010137865206901,0.0
10.4,31,-1.970547627702305,0.2623950257861868,0.0
10.4,32,-1.3506882346463427,0.30814746930270004,0.0
10.4,33,-1.0464534311697935,0.3042388839633232,0.0
10.4,34,-0.4097711141993203,0.27075400103683145,0.0
10.4,35,-0.04005878140787825,0.297946984190839,0.0
10.4,36,0.5766640885634642,0.2827301221495313,0.0
10.4,37,0.8629325032880367,0.19071253693780799,0.0
10.4,38,1.4079914971211476,0.3144401263622646,0.0
10.4,39,1.9117235253404798,0.33134991366931343,0.0
10.4,40,-2.444488351670787,0.6853857136430743,0.0
10.4,41,-1.9377793423435823,0.7149211110245568,0.0
10.4,42,-1.4598910174113306,0.641325797378402,0.0
10.4,43,-0.9172811939569645,0.6571844693531873,0.0
10.4,44,-0.3850746325541369,0.6767162076135951,0.0
10.4,45,-0.09420839243689745,0.7762456496699537,0.0
10.4,46,0.48249886603002995,0.8055732507765565,0.0
10.4,47,0.8653048446230083,0.7818947456774679,0.0
10.4,48,1.4381846683252784,0.743142816442388,0.0
10.4,49,1.9379657974521343,0.8034504501750379,0.0
10.5,0,-2.3103989117999832,-1.2509139347337812,0.0
10.5,1,-1.8617774518326997,-1.1475185459637887,0.0
10.5,2,-1.3642876824213364,-1.2785161793307969,0.0
10.5,3,-0.8792399861791875,-1.1779908606631138,0.0
10.5,4,-0.3921441688292293,-1.147158285393638,0.0
10.5,5,-0.040032321081149604,-1.0913067591186723,0.0
10.5,6,0.41788291985722287,-1.1274117438476112,0.0
10.5,7,0.9709903114619334,-1.1160390860240808,0.0
10.5,8,1.5027180045497714,-1.0916694085797993,0.0
10.5,9,1.9559456886628162,-1.1416333076957568,0.0
10.5,10,-2.326321318014433,-0.775909472640103,0.0
10.5,11,-1.991273426916665,-0.7005679468868586,0.0
10.5,12,-1.4994130079191799,-0.778976004238531,0.0
10.5,13,-0.9028210061774908,-0.7963856971442106,0.0
10.5,14,-0.40877882175578273,-0.7943218456545361,0.0
10.5,15,0.07264003880756972,-0.6682549185013401,0.0
10.5,16,0.3880467872993825,-0.6495504016851508,0.0
10.5,17,0.8703971234220289,-0.804811893795098,0.0
10.5,18,1.5154783497318602,-0.696071441104848,0.0
10.5,19,1.9186185248996466,-0.7132658703866795,0.0
10.5,20,-2.2929726947060596,-0.1721885030440237,0.0
10.5,21,-1.8577635105220536,-0.28893268863670746,0.0
10.5,22,-1.4157241505987783,-0.2530071870337001,0.0
10.5,23,-0.9047173299530705,-0.1515705363109631,0.0
10.5,24,-0.5050589989915533,-0.1670693227439736,0.0
10.5,25,-0.07324438465470307,-0.2248644108096506,0.0
10.5,26,0.4270208684472799,-0.24123611267208167,0.0
10.5,27,0.9299287689485243,-0.14592710814463158,0.0
10.5,28,1.490624553394532,-0.14097458876705865,0.0
10.5,29,1.9799859624865495,-0.15427143144050645,0.0
10.5,30,-2.399116993359282,0.2926215020131946,0.0
10.5,31,-1.9625245061802086,0.266115141889931,0.0
10.5,32,-1.4803152039986625,0.28160688547379975,0.0
10.5,33,-0.8879695359963284,0.2532026355675786,0.0
10.5,34,-0.47489492689986124,0.31764538367045314,0.0
10.5,35,-0.06569861072021926,0.3308879445605565,0.0
10.5,36,0.42284134008288615,0.1904395331901383,0.0
10.5,37,0.8947443688888882,0.2368463977779459,0.0
10.5,38,1.4264284930543885,0.16631981489049233,0.0
10.5,39,1.8458221947289053,0.2167257774321955,0.0
10.5,40,-2.3078466872991896,0.7640246429165916,0.0
10.5,41,-1.853773617356104,0.6414771493161706,0.0
10.5,42,-1.3960737071566547,0.7006049573608272,0.0
10.5,43,-0.9921319253904417,0.751905223612139,0.0
10.5,44,-0.4687410763388912,0.6281156517206274,0.0
10.5,45,-0.048117209867006475,0.6752642579657773,0.0
10.5,46,0.4927508829572481,0.6690135043073837,0.0
10.5,47,0.8576275829891682,0.6794956378887634,0.0
10.5,48,1.5020101300702406,0.65814852761778,0.0
10.5,49,1.9284021544372931,0.7637217041729668,0.0
10.600000000000001,0,-2.4173313942862347,-1.1763951671123503,0.0
10.600000000000001,1,-1.8592566292663995,-1.1646067836602614,0.0
10.600000000000001,2,-1.4935651015543663,-1.1791688735843031,0.0
10.600000000000001,3,-0.9601999151666785,-1.1708141950399442,0.0
10.600000000000001,4,-0.47153408894130333,-1.1056776959854075,0.0
10.600000000000001,5,-0.09881277705991168,-1.101779168732161,0.0
10.600000000000001,6,0.4042295664736238,-1.2233630111849145,0.0
10.600000000000001,7,1.0043855050594943,-1.1088305242451046,0.0
10.600000000000001,8,1.460341303252856,-1.1382710804644849,0.0
10.600000000000001,9,1.8850248436590413,-1.2710555721724959,0.0
10.600000000000001,10,-2.3133779442923563,-0.7570339897013592,0.0
10.600000000000001,11,-1.857082471751391,-0.6330155931805312,0.0
10.600000000000001,12,-1.3808098117739351,-0.7997885085149868,0.0
10.600000000000001,13,-1.0236715032429105,-0.658758341889297,0.0
10.600000000000001,14,-0.38482675992987975,-0.6147367736027588,0.0
10.600000000000001,15,-0.04161137740063192,-0.6240854682299934,0.0
10.600000000000001,16,0.397795031660699,-0.7361604418851342,0.0
10.600000000000001,17,1.0053740478667996,-0.6744225148435466,0.0
10.600000000000001,18,1.4283973176296205,-0.7198980480178016,0.0
10.600000000000001,19,1.942748664320274,-0.6994005698307347,0.0
10.600000000000001,20,-2.328908993139206,-0.220027426547708,0.0
10.600000000000001,21,-1.8813122075197193,-0.2521127789951245,0.0
10.600000000000001,22,-1.476025418286657,-0.24686679974730225,0.0
10.600000000000001,23,-0.8764035188043245,-0.22274392871144263,0.0
10.600000000000001,24,-0.4067568541636932,-0.26575226134746466,0.0
10.600000000000001,25,-0.09332960802149964,-0.26245112105071083,0.0
10.600000000000001,26,0.39922600825142146,-0.2129897040855868,0.0
10.600000000000001,27,0.9156683758621139,-0.3153866253372098,0.0
10.600000000000001,28,1.4061176073179378,-0.24395629193971366,0.0
10.600000000000001,29,1.7871490694378127,-0.1898452168778344,0.0
10.600000000000001,30,-2.270289610027362,0.27657118473311904,0.0
10.600000000000001,31,-1.7914079280780801,0.228464022941615,0.0
10.600000000000001,32,-1.479879334197591,0.23776964394654515,0.0
10.600000000000001,33,-0.8743584018849005,0.23802517614186028,0.0
10.600000000000001,34,-0.5512299677371711,0.294051207106384,0.0
10.600000000000001,35,-0.0449444863575597,0.27358752286752447,0.0
10.600000000000001,36,0.4435827070994451,0.22235754431357557,0.0
10.600000000000001,37,1.0203629080244851,0.31765709967327554,0.0
10.600000000000001,38,1.495584828116767,0.1406910119679071,0.0
10.600000000000001,39,1.9710258389054733,0.20918632086646793,0.0
10.600000000000001,40,-2.3164507377492463,0.798249821081439,0.0
10.600000000000001,41,-1.8452329539240973,0.7259142736569928,0.0
10.600000000000001,42,-1.5058955367650122,0.6475692641519832,0.0
10.600000000000001,43,-0.9158985428499541,0.705198317868474,0.0
10.600000000000001,44,-0.4252827386260063,0.7149554405742109,0.0
10.600000000000001,45,-0.03334894265219637,0.6646561632166555,0.0
10.600000000000001,46,0.5462070360710272,0.8007148449523238,0.0
10.600000000000001,47,0.9876988469369721,0.7692736132838746,0.0
10.600000000000001,48,1.4178814300668958,0.713635799475652,0.0
10.600000000000001,49,1.8616058143825671,0.7103207156536319,0.0
10.700000000000001,0,-2.2543325375176373,-1.1778044564123622,0.0
10.700000000000001,1,-1.8641628045831264,-1.0650013619558216,0.0
10.700000000000001,2,-1.3542560932105174,-1.2305833266123225,0.0
10.700000000000001,3,-0.9366211954865666,-1.121878275890722,0.0
10.700000000000001,4,-0.3924725869078937,-1.2497036593140654,0.0
10.700000000000001,5,-0.024579864960762143,-1.178603842665902,0.0
10.700000000000001,6,0.4077713377228316,-1.2220247433240945,0.0
10.700000000000001,7,0.8607699260949038,-1.075096458498997,0.0
10.700000000000001,8,1.3064798350726812,-1.1888123255737975,0.0
10.700000000000001,9,1.7867583880720368,-1.1640981842377958,0.0
10.700000000000001,10,-2.355985400434327,-0.6932197653074861,0.0
10.700000000000001,11,-1.7758127994938524,-0.6427966731115602,0.0
10.700000000000001,12,-1.4868786708692354,-0.6897509296755595,0.0
10.700000000000001,13,-0.98283043971694,-0.6754314209404124,0.0
10.700000000000001,14,-0.5415952398609674,-0.7886871555397468,0.0
10.700000000000001,15,-0.05063666759025161,-0.7277943378076376,0.0
10.700000000000001,16,0.45223150625231845,-0.7541584958584314,0.0
10.700000000000001,17,1.0109078956472957,-0.7516946601857717,0.0
10.700000000000001,18,1.3057340720273882,-0.6592913724741162,0.0
10.700000000000001,19,1.9505580992138658,-0.7138779849548323,0.0
10.700000000000001,20,-2.3706792951006666,-0.28728285408304355,0.0
10.700000000000001,21,-1.93062110536184,-0.25231258947423807,0.0
10.700000000000001,22,-1.4332110502032314,-0.2740197714054036,0.0
10.700000000000001,23,-0.8363425189577773,-0.20275338870014134,0.0
10.700000000000001,24,-0.3806972101689665,-0.18978705442935093,0.0
10.700000000000001,25,-0.09487429195150106,-0.2544173624331282,0.0
10.700000000000001,26,0.4589590197885782,-0.13626492865058368,0.0
10.700000000000001,27,1.0204742303127348,-0.19076889793541138,0.0
10.700000000000001,28,1.438712012307846,-0.2454842655494203,0.0
10.700000000000001,29,1.9582196054497911,-0.18369756156992204,0.0
10.700000000000001,30,-2.4167479321554075,0.30304012161613914,0.0
10.700000000000001,31,-1.955096876905795,0.14836381852296876,0.0
10.700000000000001,32,-1.333005929994503,0.3174644950867571,0.0
10.700000000000001,33,-0.9779579446031359,0.2740061257271974,0.0
10.700000000000001,34,-0.3972643720215072,0.23466077395484344,0.0
10.700000000000001,35,0.0774354642809307,0.2855159918346238,0.0
10.700000000000001,36,0.47663687435477764,0.22126395208565078,0.0
10.700000000000001,37,0.8859742694115644,0.2920701900003989,0.0
10.700000000000001,38,1.333039141426077,0.303399703011044,0.0
10.700000000000001,39,1.7773204926923125,0.2914702752591708,0.0
10.700000000000001,40,-2.329979723345838,0.6092609022608434,0.0
10.700000000000001,41,-1.8310448512622524,0.6031925649107446,0.0
10.700000000000001,42,-1.4226036851810604,0.632973486499287,0.0
10.700000000000001,43,-0.9776855091993523,0.7557088277973854,0.0
10.700000000000001,44,-0.3971240429989512,0.6316566028591362,0.0
10.700000000000001,45,-0.04272259401910741,0.7540791871158401,0.0
10.700000000000001,46,0.4901920693096053,0.6773257854174451,0.0
10.700000000000001,47,0.9191485323765094,0.782363667607896,0.0
10.700000000000001,48,1.3809832366151438,0.6825012887105566,0.0
10.700000000000001,49,1.9143678589936348,0.7032605746284502,0.0
10.8,0,-2.314359755396474,-1.1929519946565768,0.0
10.8,1,-1.7967532749114143,-1.238643959671945,0.0
10.8,2,-1.3062600756859195,-1.170632209627707,0.0
10.8,3,-0.883440707064548,-1.084973506292495,0.0
10.8,4,-0.4262496084489017,-1.1113398672692196,0.0
10.8,5,0.04177960405710926,-1.2455466158946948,0.0
10.8,6,0.4143739114119946,-1.0823327321393759,0.0
10.8,7,0.907668332887252,-1.1062218848805614,0.0
10.8,8,1.459209144104876,-1.061166672339128,0.0
10.8,9,1.8168868497513069,-1.0533914332056011,0.0
10.8,10,-2.3522519204646968,-0.7066045383256238,0.0
10.8,11,-1.885816876032977,-0.6509836078807767,0.0
10.8,12,-1.3720538664418778,-0.6834509900452377,0.0
10.8,13,-0.983525708083019,-0.664200665636475,0.0
10.8,14,-0.534715381177693,-0.7105928148848725,0.0
10.8,15,0.038904381894243,-0.6542820109852302,0.0
10.8,16,0.36164882825171474,-0.7472099972528647,0.0
10.8,17,0.966523554808606,-0.7321784249082668,0.0
10.8,18,1.4481806654274287,-0.6292003488404595,0.0
10.8,19,1.8712171954765784,-0.6383232813038278,0.0
10.8,20,-2.371555116370525,-0.19370250026967112,0.0
10.8,21,-1.7580640151965248,-0.28971027762690726,0.0
10.8,22,-1.3775021873359063,-0.2149231382068009,0.0
10.8,23,-0.8846260719390739,-0.2388931306922371,0.0
10.8,24,-0.4803369264626244,-0.3056998567125908,0.0
10.8,25,-0.017869810462894972,-0.23644097858925703,0.0
10.8,26,0.5318331628622641,-0.16537618121479067,0.0
10.8,27,0.9487985998815336,-0.2306215670042123,0.0
10.8,28,1.3692327989128923,-0.21562951575528896,0.0
10.8,29,1.862728546892417,-0.18210017070069937,0.0
10.8,30,-2.3375078867651458,0.3228776144339831,0.0
10.8,31,-1.9247330088713561,0.28048254331055433,0.0
10.8,32,-1.4535888925664728,0.14227330967724539,0.0
10.8,33,-0.8758873213378381,0.2926933278153794,0.0
10.8,34,-0.46357524485146073,0.26339965656152453,0.0
10.8,35,0.0015542221956472008,0.30578191968083157,0.0
10.8,36,0.39597053250827735,0.28940962866840547,0.0
10.8,37,0.9022102433011495,0.2940236017066083,0.0
10.8,38,1.3620174488889143,0.26180858162850945,0.0
10.8,39,1.9352308196614905,0.21413752628280752,0.0
10.8,40,-2.2707391265357493,0.776253124043882,0.0
10.8,41,-1.882445968891339,0.7539735479954449,0.0
10.8,42,-1.3308543281309668,0.6276100202182524,0.0
10.8,43,-0.8590817782353715,0.6189205815715757,0.0
10.8,44,-0.42210894181592845,0.6872365434535321,0.0
10.8,45,0.031898258068898955,0.6767323288439957,0.0
10.8,46,0.491050022257307,0.7044000752630409,0.0
10.8,47,0.9991529865065818,0.6137798273177857,0.0
10.8,48,1.3550349795917094,0.6309350598574137,0.0
10.8,49,1.793884243427398,0.5905834799127772,0.0
10.9,0,-2.333118642384779,-1.1892273115766188,0.0
10.9,1,-1.8114850620128549,-1.1643688864979607,0.0
10.9,2,-1.3482224370686184,-1.111523622853503,0.0
10.9,3,-0.8510238633539645,-1.0485052614154764,0.0
10.9,4,-0.3733680304068233,-1.081304846678575,0.0
10.9,5,0.009068249737568007,-1.042903355601665,0.0
10.9,6,0.4493408701956183,-1.0511377423290704,0.0
10.9,7,0.859737442953208,-1.2301831805173706,0.0
10.9,8,1.3368559452140336,-1.0830822226418406,0.0
10.9,9,1.9163647008870275,-1.0533535877433853,0.0
10.9,10,-2.334142287073524,-0.6964441932741267,0.0
10.9,11,-1.8703009666991168,-0.6416796837922066,0.0
10.9,12,-1.419928740528786,-0.7496832628094857,0.0
10.9,13,-0.8654468809880307,-0.700228133444032,0.0
10.9,14,-0.5220030410013063,-0.6028877560686506,0.0
10.9,15,-0.09464437745197896,-0.7052660788192265,0.0
10.9,16,0.41866026246004884,-0.7203144313349369,0.0
10.9,17,0.8682894646397539,-0.6468079259453704,0.0
10.9,18,1.3024005440770583,-0.6861210950695369,0.0
10.9,19,1.8393055304792223,-0.6826597719668508,0.0
10.9,20,-2.3143519023918255,-0.22155248526934082,0.0
10.9,21,-1.813278948209249,-0.24344905391529692,0.0
10.9,22,-1.2986420331596078,-0.30559267046544447,0.0
10.9,23,-1.000171388217921,-0.2812379152823272,0.0
10.9,24,-0.4558911828031814,-0.26745613889301845,0.0
10.9,25,-0.09528357224571185,-0.22270055151659357,0.0
10.9,26,0.37192161988076883,-0.29035847726015435,0.0
10.9,27,0.9817261421305483,-0.31645768695598514,0.0
10.9,28,1.2663072195454297,-0.29099906755816174,0.0
10.9,29,1.9155677458716638,-0.24892879677906046,0.0
10.9,30,-2.341348173154275,0.1547617733982231,0.0
10.9,31,-1.8306764864855467,0.23087243940095592,0.0
10.9,32,-1.363366093002294,0.3125476806175199,0.0
10.9,33,-0.901769471120875,0.22111142253522062,0.0
10.9,34,-0.35535932336747655,0.2527612960704654,0.0
10.9,35,-0.05134992079118248,0.1654421578124297,0.0
10.9,36,0.4890042346097592,0.2209948660799782,0.0
10.9,37,0.9850459923635919,0.2835429163401963,0.0
10.9,38,1.4206394204535933,0.2301105030664583,0.0
10.9,39,1.8309010187830137,0.1411696044158416,0.0
10.9,40,-2.313516660329167,0.7307156587794585,0.0
10.9,41,-1.722730814069254,0.7238326163080433,0.0
10.9,42,-1.394915920399219,0.6303251413157396,0.0
10.9,43,-0.8255894612388053,0.6124305016932144,0.0
10.9,44,-0.43985576246171937,0.7523295839684156,0.0
10.9,45,0.023345192510655727,0.6331966334082629,0.0
10.9,46,0.4171511787644534,0.6034574679099027,0.0
10.9,47,0.8694214101553474,0.6425466534855285,0.0
10.9,48,1.2960882326392578,0.742306781596725,0.0
10.9,49,1.7778042316334948,0.602985022205065,0.0
11.0,0,-2.1999911168939676,-1.1394674501072568,0.0
11.0,1,-1.733180994635433,-1.1131240983913862,0.0
11.0,2,-1.3480003721660028,-1.221965999264932,0.0
11.0,3,-0.8783687027904455,-1.203797785998209,0.0
11.0,4,-0.4929401706415664,-1.1443561852009392,0.0
11.0,5,0.02308970985232188,-1.1308803141414518,0.0
11.0,6,0.36977205708141486,-1.1211049745604602,0.0
11.0,7,0.9298691034128651,-1.0325703944096432,0.0
11.0,8,1.3406910573439896,-1.126427209360433,0.0
11.0,9,1.8907071519440977,-1.142761630172643,0.0
11.0,10,-2.179486483630974,-0.6416152633460275,0.0
11.0,11,-1.7538284908755057,-0.7614511470408168,0.0
11.0,12,-1.4277753485245035,-0.7745672662190077,0.0
11.0,13,-0.8196145688530732,-0.6892793659735014,0.0
11.0,14,-0.37522547863668254,-0.7067598645386849,0.0
11.0,15,0.05178099830516497,-0.6673524723198107,0.0
11.0,16,0.4190351197737294,-0.6098104672964996,0.0
11.0,17,0.8460058898504594,-0.6527838744204677,0.0
11.0,18,1.4450535097110773,-0.6094814358379083,0.0
11.0,19,1.7763426314777107,-0.6955888210617007,0.0
11.0,20,-2.2514287100284927,-0.13881435260692732,0.0
11.0,21,-1.7231329189098405,-0.12550331590344377,0.0
11.0,22,-1.3279604535760487,-0.30920963617251007,0.0
11.0,23,-0.8693186407239732,-0.20373051491854222,0.0
11.0,24,-0.4713404567840789,-0.22169335198313897,0.0
11.0,25,-0.04651614040928109,-0.13831645562637668,0.0
11.0,26,0.4538152273265805,-0.29604377352202305,0.0
11.0,27,0.8241083668543936,-0.1826529695735026,0.0
11.0,28,1.41689963298938,-0.24302136949264816,0.0
11.0,29,1.8634513809745683,-0.1322516701710503,0.0
11.0,30,-2.2726866869626328,0.17034618851894484,0.0
11.0,31,-1.8420326120972097,0.2830764413640109,0.0
11.0,32,-1.299763766854388,0.2416022080503922,0.0
11.0,33,-0.8780762058505611,0.25000534648070766,0.0
11.0,34,-0.5408909110363825,0.17202710261753915,0.0
11.0,35,0.044155737104545234,0.2904459027969605,0.0
11.0,36,0.43530990041989026,0.29329192078888333,0.0
11.0,37,0.9894695501506026,0.2751395262016391,0.0
11.0,38,1.4041949049126015,0.3226481244243164,0.0
11.0,39,1.7803915725681747,0.1877113723505166,0.0
11.0,40,-2.2094220542933813,0.6794676109147089,0.0
11.0,41,-1.8087475923985028,0.6748078009316517,0.0
11.0,42,-1.253844139297224,0.7339966729608896,0.0
11.0,43,-0.9652139474656836,0.6297646038348084,0.0
11.0,44,-0.4068166792268628,0.7040175467798158,0.0
11.0,45,0.009297767872554721,0.7053006680989977,0.0
11.0,46,0.37295805250217784,0.670864378630611,0.0
11.0,47,0.8993267102216445,0.6037516798950562,0.0
11.0,48,1.3479132023293874,0.6014209213365286,0.0
11.0,49,1.786107915035898,0.7054556289048917,0.0
11.100000000000001,0,-2.2254475321794134,-1.0514438588571804,0.0
11.100000000000001,1,-1.7411910001335167,-1.069114313833934,0.0
11.100000000000001,2,-1.4039085817787436,-1.1229315504966346,0.0
11.100000000000001,3,-0.8504563396710585,-1.0936709739210475,0.0
11.100000000000001,4,-0.45798750175904157,-1.160014173618678,0.0
11.100000000000001,5,-0.03615869414941124,-1.107482719198068,0.0
11.100000000000001,6,0.5232656246655373,-1.1846583213830835,0.0
11.100000000000001,7,0.9471799142356894,-1.1033636406582028,0.0
11.100000000000001,8,1.3343198316360203,-1.083939443836519,0.0
11.100000000000001,9,1.8712711893238914,-1.1256864108709714,0.0
11.100000000000001,10,-2.306498125899847,-0.5870409483267598,0.0
11.100000000000001,11,-1.7099373809435479,-0.6797827901368321,0.0
11.100000000000001,12,-1.247848370713102,-0.5978922706168694,0.0
11.100000000000001,13,-0.9531343765784599,-0.6914258581513161,0.0
11.100000000000001,14,-0.36386699595296307,-0.703168200471227,0.0
11.100000000000001,15,0.024579689113633757,-0.5789914374511471,0.0
11.100000000000001,16,0.43141829495116885,-0.7326405616958913,0.0
11.100000000000001,17,0.8278780126352899,-0.7346532937140636,0.0
11.100000000000001,18,1.292512717618184,-0.6599289564737978,0.0
11.100000000000001,19,1.6971090216532445,-0.6421925245563608,0.0
11.100000000000001,20,-2.2580889945343623,-0.21514594554650063,0.0
11.100000000000001,21,-1.8282491133949124,-0.17541764170096635,0.0
11.100000000000001,22,-1.2844449330310608,-0.2757452852801731,0.0
11.100000000000001,23,-0.8872194154793978,-0.20206415982184897,0.0
11.100000000000001,24,-0.5169488744686678,-0.3103422772778578,0.0
11.100000000000001,25,-0.03465203137352284,-0.15595774473231658,0.0
11.100000000000001,26,0.5089212464602179,-0.2816813805332396,0.0
11.100000000000001,27,0.8219987572674632,-0.3212292019592276,0.0
11.100000000000001,28,1.3665935521427734,-0.1301256127547803,0.0
11.100000000000001,29,1.7631102133865602,-0.2800155642977028,0.0
11.100000000000001,30,-2.1611858727306514,0.2548791713192271,0.0
11.100000000000001,31,-1.8216163250797393,0.2856458678221956,0.0
11.100000000000001,32,-1.3310928486572053,0.28227662517464935,0.0
11.100000000000001,33,-0.9077016806881844,0.24334695820515803,0.0
11.100000000000001,34,-0.5063817298568473,0.14694054989544106,0.0
11.100000000000001,35,-0.026647045011614662,0.12897005209597412,0.0
11.100000000000001,36,0.5389811889987656,0.2577671589350268,0.0
11.100000000000001,37,0.8691111036696291,0.17839507196143242,0.0
11.100000000000001,38,1.3694214734077617,0.2485600367527273,0.0
11.100000000000001,39,1.8672095330398912,0.26011182970999625,0.0
11.100000000000001,40,-2.2649848901762466,0.7043767201676981,0.0
11.100000000000001,41,-1.744573183666242,0.6420255539756061,0.0
11.100000000000001,42,-1.3859989863995652,0.6223643525784127,0.0
11.100000000000001,43,-0.9429622128641991,0.6204817018524723,0.0
11.100000000000001,44,-0.511398358714705,0.6094573233941236,0.0
11.100000000000001,45,0.025673289176690484,0.6622398807167592,0.0
11.100000000000001,46,0.44594974845609203,0.6540163364034527,0.0
11.100000000000001,47,0.8986812493766605,0.6020498338204743,0.0
11.100000000000001,48,1.3296643829745731,0.6049659094837377,0.0
11.100000000000001,49,1.7340087808256415,0.7455976533895784,0.0
11.200000000000001,0,-2.268139378577186,-1.1069626999797997,0.0
11.200000000000001,1,-1.7486951756953137,-1.0182614287091891,0.0
11.200000000000001,2,-1.4173679719210346,-1.0335086832796077,0.0
11.200000000000001,3,-0.8092381407042668,-1.0812728388474855,0.0
11.200000000000001,4,-0.4608437729546525,-1.0548807982763369,0.0
11.200000000000001,5,-0.023078403348778642,-1.070277593567441,0.0
11.200000000000001,6,0.44608933000951057,-1.0383613446343298,0.0
11.200000000000001,7,0.8713317345494153,-1.187795538856289,0.0
11.200000000000001,8,1.3238902868369309,-1.1979953032458455,0.0
11.200000000000001,9,1.6747889397403637,-1.1987224952397972,0.0
11.200000000000001,10,-2.184086789932343,-0.7364098590188883,0.0
11.200000000000001,11,-1.7697343028619512,-0.6992561935219923,0.0
11.200000000000001,12,-1.3077424829886484,-0.5749783115968397,0.0
11.200000000000001,13,-0.8456675285414015,-0.7565430773059736,0.0
11.200000000000001,14,-0.50987107551489,-0.6140827707226477,0.0
11.200000000000001,15,-0.032504438349137785,-0.6180249288940733,0.0
11.200000000000001,16,0.3800637284739308,-0.6347772593647389,0.0
11.200000000000001,17,0.874535941952778,-0.7236756018248659,0.0
11.200000000000001,18,1.2542842593871175,-0.6115169217053535,0.0
11.200000000000001,19,1.8005734828445568,-0.7411177775138852,0.0
11.200000000000001,20,-2.2946145111014484,-0.24319229670173734,0.0
11.200000000000001,21,-1.8112859791474563,-0.15251559977688814,0.0
11.200000000000001,22,-1.2578201697168845,-0.24484699614537042,0.0
11.200000000000001,23,-0.8316318360329487,-0.2051377417262155,0.0
11.200000000000001,24,-0.5286150607070373,-0.27363577552010704,0.0
11.200000000000001,25,0.05090202507039576,-0.163528425625798,0.0
11.200000000000001,26,0.515252227453885,-0.28769979431975484,0.0
11.200000000000001,27,0.9622427231754128,-0.21426959817263963,0.0
11.200000000000001,28,1.2587441155852068,-0.2301202527367017,0.0
11.200000000000001,29,1.7578360666517623,-0.18931736540182753,0.0
11.200000000000001,30,-2.288124879826491,0.2792797762154759,0.0
11.200000000000001,31,-1.7691839348451965,0.12882956325394274,0.0
11.200000000000001,32,-1.269346821634131,0.1598565312117826,0.0
11.200000000000001,33,-0.9707944431453877,0.2258601685174864,0.0
11.200000000000001,34,-0.38417693962653976,0.28891874090201225,0.0
11.200000000000001,35,-0.06565654996121592,0.24056054226394233,0.0
11.200000000000001,36,0.4201283117017037,0.13623206213587558,0.0
11.200000000000001,37,0.8817582218680446,0.18705339805790244,0.0
11.200000000000001,38,1.2967422043768633,0.22986317263119005,0.0
11.200000000000001,39,1.7268326119945225,0.17656882480157798,0.0
11.200000000000001,40,-2.1457770322161065,0.6872507817388216,0.0
11.200000000000001,41,-1.7116018823034722,0.5894883073908659,0.0
11.200000000000001,42,-1.4119363728484575,0.7416247303321318,0.0
11.200000000000001,43,-0.8167979189221384,0.6068664900033509,0.0
11.200000000000001,44,-0.4399226387870072,0.6265443682526017,0.0
11.200000000000001,45,0.09811449522265714,0.6446273718414245,0.0
11.200000000000001,46,0.3506971360248629,0.6396689923704382,0.0
11.200000000000001,47,0.9060646588921227,0.6073715047024784,0.0
11.200000000000001,48,1.300553049911846,0.6450511069498813,0.0
11.200000000000001,49,1.8188082403720955,0.6220273523195375,0.0
11.3,0,-2.154139395327114,-1.056545400379539,0.0
11.3,1,-1.8251491683416539,-1.1852532158317262,0.0
11.3,2,-1.2665399303326597,-1.0656055511167166,0.0
11.3,3,-0.917140959207786,-1.023662868649398,0.0
11.3,4,-0.44977047735687525,-1.0274633412944971,0.0
11.3,5,0.05202903108437559,-1.0361344500356717,0.0
11.3,6,0.483088171031875,-1.0630803480751898,0.0
11.3,7,0.8596281320603678,-1.1778157182130786,0.0
11.3,8,1.3829084475753564,-1.0493826728282456,0.0
11.3,9,1.809212731855535,-1.1085950319199105,0.0
11.3,10,-2.108768118402079,-0.6723844137570844,0.0
11.3,11,-1.8204153232939668,-0.5876308135552651,0.0
11.3,12,-1.240808147849795,-0.7150734643507176,0.0
11.3,13,-0.8473661775253152,-0.6070173148750232,0.0
11.3,14,-0.5276823572042152,-0.7295086502901618,0.0
11.3,15,0.059709674030092835,-0.5659925286205765,0.0
11.3,16,0.3455090735305647,-0.7039862349241374,0.0
11.3,17,0.845097050891164,-0.6357941484716327,0.0
11.3,18,1.3275077538642501,-0.5794635871903262,0.0
11.3,19,1.7631666707745386,-0.571734592989302,0.0
11.3,20,-2.117982512630323,-0.24362587539278294,0.0
11.3,21,-1.730019733340644,-0.22526235574906242,0.0
11.3,22,-1.3939697767547248,-0.2886493005846928,0.0
11.3,23,-0.9241290105148121,-0.20488546740316757,0.0
11.3,24,-0.41635722755485505,-0.19090628066848922,0.0
11.3,25,-0.0815233719608382,-0.21776712496939804,0.0
11.3,26,0.5130615226507654,-0.3154545866585505,0.0
11.3,27,0.864543198340092,-0.2434854668886477,0.0
11.3,28,1.3798751979104693,-0.16292786044610888,0.0
11.3,29,1.83408469901683,-0.16336440764487004,0.0
11.3,30,-2.1262677877567757,0.24712094947479887,0.0
11.3,31,-1.7791109326012877,0.21871186189273553,0.0
11.3,32,-1.2766122733035545,0.1545513807004923,0.0
11.3,33,-0.947728252225582,0.2841992557381192,0.0
11.3,34,-0.478618747282236,0.13996026786371596,0.0
11.3,35,0.02233183141647717,0.2403168678558135,0.0
11.3,36,0.4901397578137745,0.294677722685871,0.0
11.3,37,0.7865521880231051,0.2099417517824804,0.0
11.3,38,1.2420066627565407,0.24035983846350506,0.0
11.3,39,1.8085082566844635,0.13857607049525486,0.0
11.3,40,-2.2358104500964973,0.6825731528111136,0.0
11.3,41,-1.7132768816656758,0.570882855833312,0.0
11.3,42,-1.3409687928296674,0.6125966488541954,0.0
11.3,43,-0.8017073140358116,0.6171711537036716,0.0
11.3,44,-0.36468567157547593,0.5762006668213931,0.0
11.3,45,-0.07990736062817912,0.6914998734934339,0.0
11.3,46,0.5212420640539047,0.6975200838331361,0.0
11.3,47,0.7700694646201958,0.5682323994106546,0.0
11.3,48,1.2407328927448384,0.665759285727832,0.0
11.3,49,1.665266207286987,0.7197339721832929,0.0
11.4,0,-2.2133484417793796,-1.1391012439315258,0.0
11.4,1,-1.799716520746147,-1.0362300600332293,0.0
11.4,2,-1.3305864869207988,-1.1358989583630588,0.0
11.4,3,-0.8445452738694926,-1.0959512904223112,0.0
11.4,4,-0.4917355070698254,-1.1400860665610852,0.0
11.4,5,0.025927892041488904,-1.0199998572259183,0.0
11.4,6,0.4888457543674424,-1.0746877718458139,0.0
11.4,7,0.8175224255244778,-1.107378508615631,0.0
11.4,8,1.2533998174243117,-1.1046007861830653,0.0
11.4,9,1.772290128762156,-1.1490015002030265,0.0
11.4,10,-2.0620345925215067,-0.7320962974978242,0.0
11.4,11,-1.7037683217871642,-0.6810967612745834,0.0
11.4,12,-1.1910126394422613,-0.6911181390501944,0.0
11.4,13,-0.8489189164366928,-0.5911221518460219,0.0
11.4,14,-0.45066992091102204,-0.6341159927273831,0.0
11.4,15,-0.0012267024177829988,-0.647842801929294,0.0
11.4,16,0.451540258604305,-0.625050842181303,0.0
11.4,17,0.7623193193373072,-0.6632275256076093,0.0
11.4,18,1.2107275525608467,-0.6581997680397962,0.0
11.4,19,1.8105798463647527,-0.6279579523943793,0.0
11.4,20,-2.1103335696258725,-0.12244869828531102,0.0
11.4,21,-1.621365260625352,-0.24739677219587752,0.0
11.4,22,-1.2930512461135746,-0.20611925614993354,0.0
11.4,23,-0.830042369321759,-0.15492441248455674,0.0
11.4,24,-0.4950630221946352,-0.30164509748746315,0.0
11.4,25,0.02883099335226258,-0.28188337396765195,0.0
11.4,26,0.3812621596430312,-0.11915543367007261,0.0
11.4,27,0.9448043101451533,-0.2014318725558059,0.0
11.4,28,1.2028229768108993,-0.28749336336860803,0.0
11.4,29,1.7367880471807629,-0.31146112969708434,0.0
11.4,30,-2.1422322326071326,0.25730996474571804,0.0
11.4,31,-1.7226526320124549,0.25758972106817335,0.0
11.4,32,-1.3392021245817822,0.14706335786718605,0.0
11.4,33,-0.9295203213122992,0.30379020670615076,0.0
11.4,34,-0.4920551056271014,0.19648217247935773,0.0
11.4,35,-0.04386436833337984,0.11848925746004378,0.0
11.4,36,0.5177509005753288,0.2358588830290489,0.0
11.4,37,0.942175793178437,0.1482529448458232,0.0
11.4,38,1.196443043548609,0.24801522375887597,0.0
11.4,39,1.700206823693715,0.2691085725035991,0.0
11.4,40,-2.249188987499327,0.570467265828819,0.0
11.4,41,-1.6632775279836665,0.615548663111589,0.0
11.4,42,-1.2427963264915227,0.6618349652809432,0.0
11.4,43,-0.9523296313499161,0.6448488833279199,0.0
11.4,44,-0.4380433635814841,0.6897038337989626,0.0
11.4,45,0.0708439467140774,0.6374041652978373,0.0
11.4,46,0.46588796368235774,0.5515914594136465,0.0
11.4,47,0.9343402057221087,0.654936200975052,0.0
11.4,48,1.3503355512779827,0.680276546031246,0.0
11.4,49,1.7141283608840525,0.5480728733171866,0.0
11.5,0,-2.1450433139579714,-1.0367532422447834,0.0
11.5,1,-1.6042305066427531,-0.9690381523495806,0.0
11.5,2,-1.322083186677123,-0.9972282000694299,0.0
11.5,3,-0.8359773664159116,-1.122003946437349,0.0
11.5,4,-0.353318531866303,-1.092897735531991,0.0
11.5,5,0.08143157789712771,-1.044277325559961,0.0
11.5,6,0.35625955203102566,-1.1600818056472215,0.0
11.5,7,0.8676347235574348,-0.9737853294232159,0.0
11.5,8,1.176662340519554,-1.0805275848713582,0.0
11.5,9,1.7806834099938504,-0.9790579683575276,0.0
11.5,10,-2.14693598447445,-0.5472094719555556,0.0
11.5,11,-1.65747060909445,-0.5993140728219929,0.0
11.5,12,-1.3571366928963358,-0.6211353464226348,0.0
11.5,13,-0.836837403109017,-0.6720447558699982,0.0
11.5,14,-0.45228075592987227,-0.6216617250671306,0.0
11.5,15,0.0881475067908005,-0.5827107545854224,0.0
11.5,16,0.3970831873781349,-0.589854448395092,0.0
11.5,17,0.8340372263464837,-0.585075948405974,0.0
11.5,18,1.311749482562467,-0.6611250811900825,0.0
11.5,19,1.6848662803605639,-0.5758591849880847,0.0
11.5,20,-2.1958133914643594,-0.19959096305860616,0.0
11.5,21,-1.6508966232462643,-0.19240167655706508,0.0
11.5,22,-1.2771278362140068,-0.2189915156393037,0.0
11.5,23,-0.8623870751506613,-0.1306543764471097,0.0
11.5,24,-0.48604494483767163,-0.1411715325666301,0.0
11.5,25,0.062153518227553245,-0.3009680381831079,0.0
11.5,26,0.46702232073785693,-0.25421082753020746,0.0
11.5,27,0.9277186686281194,-0.24599587406011636,0.0
11.5,28,1.3606554134759608,-0.25575861119526616,0.0
11.5,29,1.708346532242261,-0.19905433332369607,0.0
11.5,30,-2.1618394832560566,0.2671827969914712,0.0
11.5,31,-1.6079190567609205,0.13767615151812634,0.0
11.5,32,-1.2458780878969486,0.15784875938159798,0.0
11.5,33,-0.8822535313059513,0.12359563080697668,0.0
11.5,34,-0.3748106504532296,0.14158504026740948,0.0
11.5,35,-0.004126300800513641,0.2821647151480033,0.0
11.5,36,0.36912801458772987,0.12136395179508894,0.0
11.5,37,0.8666203026073124,0.23450749130898121,0.0
11.5,38,1.281049715711353,0.21836930489415524,0.0
11.5,39,1.6251928234783977,0.3038122988085092,0.0
11.5,40,-2.168684152700081,0.573014077851088,0.0
11.5,41,-1.623644432698962,0.5566528221378453,0.0
11.5,42,-1.2923178212662982,0.5427046533209042,0.0
11.5,43,-0.8569157058709063,0.5763656131971423,0.0
11.5,44,-0.44475326277606153,0.5763820327932152,0.0
11.5,45,0.0735807327265402,0.7037516964157782,0.0
11.5,46,0.3899592603813287,0.6269964324508746,0.0
11.5,47,0.8358851682775397,0.555495139391994,0.0
11.5,48,1.291753033241361,0.6671790027173242,0.0
11.5,49,1.68899929118399,0.5710378745479916,0.0
11.600000000000001,0,-2.0071937194936647,-1.0039291457391708,0.0
11.600000000000001,1,-1.7290414698027394,-1.0193290090011538,0.0
11.600000000000001,2,-1.3043303174697098,-1.0795009180618915,0.0
11.600000000000001,3,-0.76917563616719,-1.004029568873901,0.0
11.600000000000001,4,-0.36814212256723866,-0.9826924735255753,0.0
11.600000000000001,5,0.04916431227166265,-1.131225921009967,0.0
11.600000000000001,6,0.3217434838087428,-0.9992690870296416,0.0
11.600000000000001,7,0.9381394934427085,-1.0477862297139124,0.0
11.600000000000001,8,1.2666218457136689,-1.0115005473079497,0.0
11.600000000000001,9,1.665809602058712,-1.0611904626987652,0.0
11.600000000000001,10,-2.0591150805636724,-0.5736088697678219,0.0
11.600000000000001,11,-1.63669120036489,-0.7241181543001917,0.0
11.600000000000001,12,-1.1982102544457347,-0.5391855845994665,0.0
11.600000000000001,13,-0.8601080060215812,-0.5565217620767092,0.0
11.600000000000001,14,-0.4720797457302593,-0.6153178911787954,0.0
11.600000000000001,15,-0.055785507169208694,-0.546698500544898,0.0
11.600000000000001,16,0.491528720021415,-0.7295780611021596,0.0
11.600000000000001,17,0.9142653159673654,-0.6133194952619144,0.0
11.600000000000001,18,1.3398063796134774,-0.5515622559191522,0.0
11.600000000000001,19,1.7005428659560637,-0.6812509762118308,0.0
11.600000000000001,20,-2.034799088458794,-0.1402133809715038,0.0
11.600000000000001,21,-1.6937455040156013,-0.1413199001079818,0.0
11.600000000000001,22,-1.2446757844173493,-0.17115214023035652,0.0
11.600000000000001,23,-0.8941470412322097,-0.24683367321525074,0.0
11.600000000000001,24,-0.4331174651188604,-0.24778739863895655,0.0
11.600000000000001,25,0.09678900191110582,-0.15026903848202572,0.0
11.600000000000001,26,0.49721118181730817,-0.25525120648357263,0.0
11.600000000000001,27,0.840058769527628,-0.23174790924803768,0.0
11.600000000000001,28,1.2383974887071405,-0.15498018160415572,0.0
11.600000000000001,29,1.6467346749128373,-0.1730659029843337,0.0
11.600000000000001,30,-2.0017229084667143,0.13234377764576072,0.0
11.600000000000001,31,-1.6347932218958807,0.2800145130078572,0.0
11.600000000000001,32,-1.2327558786072152,0.13892275327758324,0.0
11.600000000000001,33,-0.851302473095418,0.2288440591946758,0.0
11.600000000000001,34,-0.34750721994101325,0.11452170232611664,0.0
11.600000000000001,35,0.0323811229053545,0.24184367834524154,0.0
11.600000000000001,36,0.36093642262478737,0.29942078144754347,0.0
11.600000000000001,37,0.7953847201643031,0.11111292822687487,0.0
11.600000000000001,38,1.3478290666298833,0.25193953727027496,0.0
11.600000000000001,39,1.6248993809924082,0.1330603128449416,0.0
11.600000000000001,40,-2.0865053404794036,0.6148835272161037,0.0
11.600000000000001,41,-1.7213519535757387,0.5722610559506084,0.0
11.600000000000001,42,-1.2873810882965715,0.6713792315379989,0.0
11.600000000000001,43,-0.7654038032608921,0.6107761031959179,0.0
11.600000000000001,44,-0.43248700445597826,0.7132969895296891,0.0
11.600000000000001,45,0.08381113016165212,0.5481856372531166,0.0
11.600000000000001,46,0.40754192440868586,0.696872000727434,0.0
11.600000000000001,47,0.931138805261659,0.5868278930646377,0.0
11.600000000000001,48,1.3567966145219517,0.5540771999901548,0.0
11.600000000000001,49,1.6050670321638278,0.671000672930117,0.0
11.700000000000001,0,-2.1612559658839743,-0.9644005651050227,0.0
11.700000000000001,1,-1.6654061237179094,-1.0265272230363618,0.0
11.700000000000001,2,-1.2468366151164958,-0.9967775682434636,0.0
11.700000000000001,3,-0.8968917473852236,-1.1033202253350003,0.0
11.700000000000001,4,-0.4499119348822472,-1.0291841749404895,0.0
11.700000000000001,5,0.08437730101870544,-1.0103183305634655,0.0
11.700000000000001,6,0.4802058781487264,-1.0374977360841615,0.0
11.700000000000001,7,0.8606057928156242,-0.9487546923502556,0.0
11.700000000000001,8,1.1494457633361002,-1.0107987943129533,0.0
11.700000000000001,9,1.5985419667015899,-1.009238941362418,0.0
11.700000000000001,10,-2.0103204612814847,-0.5489862288374932,0.0
11.700000000000001,11,-1.6131249783251929,-0.6672343417794808,0.0
11.700000000000001,12,-1.259244156844447,-0.6775366307306416,0.0
11.700000000000001,13,-0.8747637760130957,-0.7224675296863458,0.0
11.700000000000001,14,-0.4561218347116217,-0.5357375981276581,0.0
11.700000000000001,15,0.08591220461898941,-0.5745599964646189,0.0
11.700000000000001,16,0.46600312426012247,-0.6818248819008232,0.0
11.700000000000001,17,0.9272894200234136,-0.6125791208421341,0.0
11.700000000000001,18,1.264456471267814,-0.5442296855124074,0.0
11.700000000000001,19,1.6766969697017187,-0.6260447526058195,0.0
11.700000000000001,20,-2.090745542726652,-0.29872589782659736,0.0
11.700000000000001,21,-1.7525487146515781,-0.18760730175550794,0.0
11.700000000000001,22,-1.300605019886759,-0.2583140814576623,0.0
11.700000000000001,23,-0.7900324436177493,-0.2674681003375564,0.0
11.700000000000001,24,-0.51413327762751,-0.16538268570207382,0.0
11.700000000000001,25,0.008542505112881862,-0.1290341385893246,0.0
11.700000000000001,26,0.3881878420400204,-0.15952459506261668,0.0
11.700000000000001,27,0.8578882288361138,-0.260423571847929,0.0
11.700000000000001,28,1.1793237635650453,-0.20637835543060096,0.0
11.700000000000001,29,1.59814311719074,-0.11740848502436871,0.0
11.700000000000001,30,-2.1100406290462033,0.17341951058847305,0.0
11.700000000000001,31,-1.6308666815134683,0.238707548640113,0.0
11.700000000000001,32,-1.2633658061432715,0.2753448584904752,0.0
11.700000000000001,33,-0.8442588399674541,0.19974315230403178,0.0
11.700000000000001,34,-0.48875334355063893,0.2767290789617088,0.0
11.700000000000001,35,0.02098799623020335,0.30485587781013684,0.0
11.700000000000001,36,0.43186491277754396,0.2192053990454937,0.0
11.700000000000001,37,0.8681608016448854,0.2104847024338112,0.0
11.700000000000001,38,1.242827496863636,0.13624469432676764,0.0
11.700000000000001,39,1.6062238285674122,0.22152884133984796,0.0
11.700000000000001,40,-2.0198459669543807,0.5628649208235577,0.0
11.700000000000001,41,-1.560059522121494,0.7065207958818815,0.0
11.700000000000001,42,-1.2825350933650288,0.6264898707788061,0.0
11.700000000000001,43,-0.7337787571355905,0.6699970283222891,0.0
11.700000000000001,44,-0.4821611073539872,0.5691783176692748,0.0
11.700000000000001,45,-0.023249229837852672,0.705340533980532,0.0
11.700000000000001,46,0.3691613330384112,0.5599318768478805,0.0
11.700000000000001,47,0.7686116341076604,0.6256552378307891,0.0
11.700000000000001,48,1.164129397889421,0.5965439448112793,0.0
11.700000000000001,49,1.5939122892589355,0.5957767051542775,0.0
11.8,0,-2.131963013760888,-0.9367574273210433,0.0
11.8,1,-1.6258043693647621,-1.0831464673617182,0.0
11.8,2,-1.1367680695518545,-0.9428718860402383,0.0
11.8,3,-0.9081249647147123,-0.9872275728317033,0.0
11.8,4,-0.37981883679566697,-1.1042341516383247,0.0
11.8,5,0.008421394087545678,-0.9695327164971685,0.0
11.8,6,0.4700875267628374,-1.117668354757984,0.0
11.8,7,0.8850423372897529,-0.9674660960907349,0.0
11.8,8,1.2628418254064468,-1.0508340269439984,0.0
11.8,9,1.6755707775169024,-1.055923663202773,0.0
11.8,10,-2.111644702398436,-0.7067871932630537,0.0
11.8,11,-1.5699766126824584,-0.6518130357945534,0.0
11.8,12,-1.3080583385475706,-0.6321314565668139,0.0
11.8,13,-0.846377369421564,-0.5877522948596924,0.0
11.8,14,-0.3231995465084549,-0.6692617315685528,0.0
11.8,15,0.016150575246375906,-0.524686172359026,0.0
11.8,16,0.3218319610033629,-0.5887135475486904,0.0
11.8,17,0.9028196410318952,-0.5205058729900094,0.0
11.8,18,1.3004764898239367,-0.6563339757431713,0.0
11.8,19,1.7032800244375441,-0.5270168559277962,0.0
11.8,20,-2.0343567668887825,-0.22252577869033588,0.0
11.8,21,-1.5986965591071012,-0.27549727585778816,0.0
11.8,22,-1.1693584719798424,-0.18487369585502497,0.0
11.8,23,-0.8139361418400644,-0.23232120551669255,0.0
11.8,24,-0.32092354164399206,-0.2710148041664368,0.0
11.8,25,0.09252787794374043,-0.1154525296551169,0.0
11.8,26,0.4017251373629024,-0.24420597185807186,0.0
11.8,27,0.7814971341666819,-0.25169617025734414,0.0
11.8,28,1.313336573754461,-0.11862642997143646,0.0
11.8,29,1.622179970364853,-0.153999654466453,0.0
11.8,30,-2.007348295745724,0.2816894700655528,0.0
11.8,31,-1.6766396164531452,0.16760446302187665,0.0
11.8,32,-1.296563880261637,0.19466438057740248,0.0
11.8,33,-0.8676957394902909,0.19354139363361114,0.0
11.8,34,-0.42678070211206837,0.267278659914542,0.0
11.8,35,-0.01438608937595523,0.2623435676559388,0.0
11.8,36,0.3148176175910588,0.21793362570730854,0.0
11.8,37,0.7606926205655206,0.2442163970948541,0.0
11.8,38,1.2482921342628224,0.19611533567917416,0.0
11.8,39,1.6197971115548784,0.17133619186223095,0.0
11.8,40,-2.071070861893649,0.696191081630105,0.0
11.8,41,-1.6154577431793373,0.6252032568175531,0.0
11.8,42,-1.2462346045545498,0.7047088880046839,0.0
11.8,43,-0.8396299866576633,0.6910396286149035,0.0
11.8,44,-0.33729674913262014,0.5315183320372323,0.0
11.8,45,0.09724220513957849,0.6594665531594459,0.0
11.8,46,0.4612759078875176,0.5505613814759496,0.0
11.8,47,0.879822453228239,0.6756208547552054,0.0
11.8,48,1.327348594323688,0.6584721737625504,0.0
11.8,49,1.5617167298495174,0.6194709277419077,0.0
11.9,0,-1.9840307522431029,-1.0841521118122228,0.0
11.9,1,-1.7017201586801494,-0.9474557995312406,0.0
11.9,2,-1.2335481735949259,-0.9903929984602489,0.0
11.9,3,-0.7213055384205105,-1.0718404024278718,0.0
11.9,4,-0.40068252609200133,-1.1002416124660916,0.0
11.9,5,-0.0591323668073184,-1.0393834780210898,0.0
11.9,6,0.46596687879830345,-1.0654837625914715,0.0
11.9,7,0.7914851217736664,-1.035411474316659,0.0
11.9,8,1.1711401768864351,-0.9923980359275416,0.0
11.9,9,1.5588365368020656,-0.9663743101636031,0.0
11.9,10,-1.981439340694754,-0.670819538992711,0.0
11.9,11,-1.6937051854868295,-0.5180667132215537,0.0
11.9,12,-1.2207357781990744,-0.6729086998478153,0.0
11.9,13,-0.7550575832812294,-0.6697060914296289,0.0
11.9,14,-0.3332359514768456,-0.6270048596337596,0.0
11.9,15,0.0032967710115429094,-0.6103620410121535,0.0
11.9,16,0.4507134136480843,-0.6572228593026425,0.0
11.9,17,0.9062904889385077,-0.7004963997378751,0.0
11.9,18,1.2148211005172374,-0.5526069402823316,0.0
11.9,19,1.6259591494208732,-0.5190075438590042,0.0
11.9,20,-2.103863286525261,-0.29905231340695554,0.0
11.9,21,-1.638284518047942,-0.1265370531839777,0.0
11.9,22,-1.2041258809328792,-0.1462675662523117,0.0
11.9,23,-0.8564402545826976,-0.17966530456768123,0.0
11.9,24,-0.4933690343229884,-0.1842497356798589,0.0
11.9,25,0.018654338840401533,-0.14400256500113764,0.0
11.9,26,0.42253112935826215,-0.2749658468908958,0.0
11.9,27,0.8033496174796382,-0.18898541716585915,0.0
11.9,28,1.2055412403567751,-0.1926952201921916,0.0
11.9,29,1.6654016327438779,-0.29864842025717053,0.0
11.9,30,-1.9825564112498688,0.2899474590996898,0.0
11.9,31,-1.6065569826242927,0.28824280195067464,0.0
11.9,32,-1.1328128807363955,0.1901661771258493,0.0
11.9,33,-0.7658506883087646,0.18712929814601492,0.0
11.9,34,-0.4845708905068625,0.18510795951346234,0.0
11.9,35,-0.08688316242603285,0.30113077927414067,0.0
11.9,36,0.4656691705854241,0.24702521127941557,0.0
11.9,37,0.7910745049729816,0.23056930312327745,0.0
11.9,38,1.2554665738474737,0.22842268545520664,0.0
11.9,39,1.6378786753355656,0.13119182726598927,0.0
11.9,40,-1.9660039525495456,0.7006772098750651,0.0
11.9,41,-1.5897451013100898,0.706693232881833,0.0
11.9,42,-1.2306929910356694,0.526843208482056,0.0
11.9,43,-0.7912257511798452,0.5939508543432015,0.0
11.9,44,-0.31399501842323113,0.5542624075519732,0.0
11.9,45,0.07080159272703138,0.6618117122344019,0.0
11.9,46,0.3840930669435259,0.528558723479762,0.0
11.9,47,0.7688236175856984,0.6533274823675581,0.0
11.9,48,1.1249895497136202,0.5613401290826479,0.0
11.9,49,1.6842481069082313,0.5743997607446801,0.0
12.0,0,-1.9966796184354627,-0.9367409661335461,0.0
12.0,1,-1.6531886418142268,-0.9168937112191147,0.0
12.0,2,-1.1935280930767986,-1.0414278226125846,0.0
12.0,3,-0.7579215250715865,-0.9639293249202321,0.0
12.0,4,-0.41750238593465294,-1.080635648484449,0.0
12.0,5,0.03944742843119914,-1.0361985615678022,0.0
12.0,6,0.46115176698330296,-1.0904295903891172,0.0
12.0,7,0.7997595958227042,-0.9049050666678355,0.0
12.0,8,1.1454124914231774,-0.9756585937992477,0.0
12.0,9,1.6081236916510397,-0.9269917510875614,0.0
12.0,10,-1.948177686025299,-0.669155743097284,0.0
12.0,11,-1.6641868460973719,-0.6040758444253381,0.0
12.0,12,-1.2231277933314038,-0.5590200622145172,0.0
12.0,13,-0.7781306032175228,-0.6428454054748338,0.0
12.0,14,-0.3390033354731192,-0.6482339992459274,0.0
12.0,15,-0.06468972944954472,-0.5411449893884813,0.0
12.0,16,0.44893829480428077,-0.6831391244705391,0.0
12.0,17,0.8416002807183287,-0.6544325329790661,0.0
12.0,18,1.1871071845116319,-0.6588934429892547,0.0
12.0,19,1.5811520294782648,-0.509680832657591,0.0
12.0,20,-1.9610656006525802,-0.23395554657322692,0.0
12.0,21,-1.667984483075716,-0.2736822526763044,0.0
12.0,22,-1.2010606782405941,-0.2062566962242088,0.0
12.0,23,-0.7708054215296594,-0.15180313389351513,0.0
12.0,24,-0.3880543115101559,-0.26114227923726896,0.0
12.0,25,-0.04141187851836181,-0.2490524459789435,0.0
12.0,26,0.3148445314898053,-0.20614930092605321,0.0
12.0,27,0.8473803375388042,-0.16616039660827794,0.0
12.0,28,1.191099498300651,-0.22477351063280018,0.0
12.0,29,1.6226128020774346,-0.2755735206613297,0.0
12.0,30,-1.9737442545910977,0.24687365200474765,0.0
12.0,31,-1.6251122349923384,0.15475740656514364,0.0
12.0,32,-1.1469795062449135,0.11801250582403877,0.0
12.0,33,-0.7831478635484119,0.16635751594183024,0.0
12.0,34,-0.4296280919919463,0.17457082400567592,0.0
12.0,35,-0.0325161040218888,0.20103110516350042,0.0
12.0,36,0.45444393001167416,0.15959693743654424,0.0
12.0,37,0.8716558471268941,0.2521925337442047,0.0
12.0,38,1.2757222716990007,0.1355807602428506,0.0
12.0,39,1.5852608661784429,0.2952672060898517,0.0
12.0,40,-1.9824241117577732,0.603551085116243,0.0
12.0,41,-1.5434375835631793,0.5619165115394502,0.0
12.0,42,-1.286874964294388,0.5383685360675264,0.0
12.0,43,-0.8447699668101253,0.5135334455837295,0.0
12.0,44,-0.40645195238931187,0.6767736536214445,0.0
12.0,45,0.010062929538507556,0.6743815886529095,0.0
12.0,46,0.40349769019819615,0.5509312917854392,0.0
12.0,47,0.8918704903588565,0.568495457349425,0.0
12.0,48,1.2370931951870405,0.5526295210285223,0.0
12.0,49,1.6347606080102974,0.6040497453344426,0.0
12.100000000000001,0,-1.9227736168163267,-1.065946262002554,0.0
12.100000000000001,1,-1.6061511484852873,-0.9240871972909352,0.0
12.100000000000001,2,-1.2338535536719357,-0.9735016761247586,0.0
12.100000000000001,3,-0.7241594412982153,-1.0809376723643844,0.0
12.100000000000001,4,-0.3773222678954705,-1.0298699074889988,0.0
12.100000000000001,5,0.0024535968258943275,-0.9731879505513578,0.0
12.100000000000001,6,0.47463778612428287,-0.9615590790861368,0.0
12.100000000000001,7,0.7555737139657841,-0.8933662358104553,0.0
12.100000000000001,8,1.1699496280637152,-1.0826063889733957,0.0
12.100000000000001,9,1.6596873520732678,-0.9672289861089066,0.0
12.100000000000001,10,-1.9025818716307257,-0.5700071811991323,0.0
12.100000000000001,11,-1.527034241685191,-0.5918546819877222,0.0
12.100000000000001,12,-1.107476088714401,-0.6878901071916673,0.0
12.100000000000001,13,-0.7909855193241974,-0.5586125245862972,0.0
12.100000000000001,14,-0.4479387215808045,-0.5211598634423851,0.0
12.100000000000001,15,-0.06065686773692556,-0.6557466271836458,0.0
12.100000000000001,16,0.4480884753682367,-0.6535548975770857,0.0
12.100000000000001,17,0.8780101752303221,-0.5186295107219282,0.0
12.100000000000001,18,1.1451497506910187,-0.5001802045716524,0.0
12.100000000000001,19,1.4893911577891819,-0.6125302184160044,0.0
12.100000000000001,20,-1.9450690031317126,-0.2910911693996058,0.0
12.100000000000001,21,-1.6762017773909716,-0.1381253061550451,0.0
12.100000000000001,22,-1.2388910272974596,-0.2152035344571912,0.0
12.100000000000001,23,-0.6921924903761942,-0.24199888875680403,0.0
12.100000000000001,24,-0.4632047689906671,-0.11293995959698203,0.0
12.100000000000001,25,-0.03902174451015272,-0.10690776402353191,0.0
12.100000000000001,26,0.32950101260241815,-0.2628476654967611,0.0
12.100000000000001,27,0.8009256981251764,-0.2808846328155887,0.0
12.100000000000001,28,1.1213727905095956,-0.13362274370099766,0.0
12.100000000000001,29,1.4829317781907243,-0.28777024787394045,0.0
12.100000000000001,30,-2.0301996044976907,0.23757208604184657,0.0
12.100000000000001,31,-1.5336199003143651,0.14260916979344498,0.0
12.100000000000001,32,-1.2585199208150024,0.11535377836359215,0.0
12.100000000000001,33,-0.7744603838936646,0.15409855616680518,0.0
12.100000000000001,34,-0.3896434996886979,0.29516158989379376,0.0
12.100000000000001,35,-0.08385574389500855,0.20328557207237594,0.0
12.100000000000001,36,0.4430692640940449,0.26460459128788383,0.0
12.100000000000001,37,0.7645929874847358,0.2029702050974915,0.0
12.100000000000001,38,1.184517968144297,0.16696848786933915,0.0
12.100000000000001,39,1.5137137446635578,0.23449313729024673,0.0
12.100000000000001,40,-2.065002625379273,0.6177733900603632,0.0
12.100000000000001,41,-1.4815684833866278,0.5693044431678456,0.0
12.100000000000001,42,-1.1152608927501855,0.5952099277487536,0.0
12.100000000000001,43,-0.8748048354380984,0.6699857338373094,0.0
12.100000000000001,44,-0.3697020418058284,0.6489463602118567,0.0
12.100000000000001,45,-0.060549960755579196,0.5866267778578086,0.0
12.100000000000001,46,0.3457044642038299,0.6710268786571737,0.0
12.100000000000001,47,0.8504256803479722,0.555523757232911,0.0
12.100000000000001,48,1.1367741986510091,0.557098544874051,0.0
12.100000000000001,49,1.5397554271329255,0.6294455150970175,0.0
12.200000000000001,0,-1.852448092040424,-0.8805258315619519,0.0
12.200000000000001,1,-1.530414986963526,-0.9339374360537174,0.0
12.200000000000001,2,-1.246922615716638,-0.9681490915593822,0.0
12.200000000000001,3,-0.694249723120628,-0.9574781044067612,0.0
12.200000000000001,4,-0.3677358328605102,-0.9758790933269884,0.0
12.200000000000001,5,0.06973023819005994,-0.87716960450321,0.0
12.200000000000001,6,0.4083948527940021,-1.0643457773786855,0.0
12.200000000000001,7,0.707893824728083,-0.971402863051163,0.0
12.200000000000001,8,1.1599226648002952,-0.9729333382909507,0.0
12.200000000000001,9,1.6263136500133317,-0.9412966824872488,0.0
12.200000000000001,10,-1.907525921831882,-0.5926986965620852,0.0
12.200000000000001,11,-1.5624804114265172,-0.596406697906695,0.0
12.200000000000001,12,-1.180266875508248,-0.6261800383510455,0.0
12.200000000000001,13,-0.7027743507489189,-0.6364661262744334,0.0
12.200000000000001,14,-0.4761693569558733,-0.5140994562259442,0.0
12.200000000000001,15,0.014953399793874292,-0.6165554400851682,0.0
12.200000000000001,16,0.3982713697687567,-0.4975112249975948,0.0
12.200000000000001,17,0.8794285713385885,-0.6329353546722575,0.0
12.200000000000001,18,1.2368664389675927,-0.5358220399575575,0.0
12.200000000000001,19,1.6190739339691596,-0.5085822918829906,0.0
12.200000000000001,20,-1.9942917062806504,-0.1408236271650554,0.0
12.200000000000001,21,-1.5281224499769734,-0.20790404164963217,0.0
12.200000000000001,22,-1.074666461722576,-0.18987636451223358,0.0
12.200000000000001,23,-0.806796778772318,-0.1525508946257518,0.0
12.200000000000001,24,-0.3374427410025901,-0.19908392700020675,0.0
12.200000000000001,25,0.0041689027522864575,-0.18955951838816112,0.0
12.200000000000001,26,0.2970646383169963,-0.24246463707999222,0.0
12.200000000000001,27,0.7424899271752483,-0.28430468018429894,0.0
12.200000000000001,28,1.093715027118317,-0.27207243044657964,0.0
12.200000000000001,29,1.4839779837214424,-0.15896964927756763,0.0
12.200000000000001,30,-1.9271521445216524,0.17979045388148338,0.0
12.200000000000001,31,-1.4951763899654424,0.10709816612741117,0.0
12.200000000000001,32,-1.1903525225150184,0.29154461292715966,0.0
12.200000000000001,33,-0.8783699075589912,0.25701731367604885,0.0
12.200000000000001,34,-0.4084301328199642,0.2865715318469862,0.0
12.200000000000001,35,0.035206460426039116,0.17059455761756867,0.0
12.200000000000001,36,0.3324740282871644,0.13988586379460136,0.0
12.200000000000001,37,0.8548544339776787,0.09861795634594478,0.0
12.200000000000001,38,1.1921980566173715,0.1365523932123387,0.0
12.200000000000001,39,1.6457250254798719,0.15344524353286426,0.0
12.200000000000001,40,-1.874530243249524,0.6613615055759348,0.0
12.200000000000001,41,-1.627358088475952,0.5592756369978573,0.0
12.200000000000001,42,-1.1771079806490266,0.5371061449413782,0.0
12.200000000000001,43,-0.6962836297768603,0.4997569797261282,0.0
12.200000000000001,44,-0.342339630899599,0.543031100075706,0.0
12.200000000000001,45,0.05941586420779352,0.5707754604422565,0.0
12.200000000000001,46,0.32228041936360385,0.6718719520450952,0.0
12.200000000000001,47,0.7271366123697496,0.4962697713256215,0.0
12.200000000000001,48,1.2293831936029749,0.6200545659775614,0.0
12.200000000000001,49,1.624539133923862,0.638161891600067,0.0
12.3,0,-1.9255253233949217,-1.0376482635676045,0.0
12.3,1,-1.553012540634251,-0.9642612148645502,0.0
12.3,2,-1.20737658987486,-1.0269290705632907,0.0
12.3,3,-0.702932449388328,-0.8846955677424259,0.0
12.3,4,-0.2886979381106971,-1.0204227501297851,0.0
12.3,5,0.07627672395749399,-0.9220794773871434,0.0
12.3,6,0.4332326278307729,-0.9219507626402889,0.0
12.3,7,0.742858230471398,-0.9805826829054459,0.0
12.3,8,1.1767752580059876,-1.0133245390929562,0.0
12.3,9,1.606509331219413,-1.0426103851662838,0.0
12.3,10,-1.860676899689329,-0.5528227922793573,0.0
12.3,11,-1.5949412483989764,-0.6224953170748962,0.0
12.3,12,-1.1272118776899012,-0.48855373248867084,0.0
12.3,13,-0.7442067309008498,-0.5066249479645049,0.0
12.3,14,-0.3588513084743614,-0.6326874111823333,0.0
12.3,15,0.0009371929348922781,-0.5766659051558386,0.0
12.3,16,0.4583065241045719,-0.6239204834240881,0.0
12.3,17,0.6976633340713506,-0.645469659240032,0.0
12.3,18,1.2264322577511615,-0.6030710490620583,0.0
12.3,19,1.5909868586100302,-0.6152411991043608,0.0
12.3,20,-1.9632020491256086,-0.2698338820130789,0.0
12.3,21,-1.593706907870008,-0.1439742546032211,0.0
12.3,22,-1.0595187994266575,-0.23641847325932513,0.0
12.3,23,-0.8352602399784337,-0.12729009338420863,0.0
12.3,24,-0.46131618554754944,-0.23511314220916696,0.0
12.3,25,-0.042250279871006116,-0.12502773997258865,0.0
12.3,26,0.3101749217323184,-0.11757550131945407,0.0
12.3,27,0.8220943721484932,-0.20863252948562908,0.0
12.3,28,1.1288457894289265,-0.2227785498162066,0.0
12.3,29,1.5849510127804345,-0.10256156012863984,0.0
12.3,30,-1.9833802572929549,0.1892295643925256,0.0
12.3,31,-1.6242299884171778,0.10919440485883011,0.0
12.3,32,-1.2415122794197362,0.11856706492539101,0.0
12.3,33,-0.7041085190161703,0.11712293125747865,0.0
12.3,34,-0.2876329965237855,0.253014129569059,0.0
12.3,35,-0.014613380001514395,0.1421175890617234,0.0
12.3,36,0.47538197184316666,0.21404174773726053,0.0
12.3,37,0.706539387896781,0.23365534232605728,0.0
12.3,38,1.1079128991223157,0.11281056508426494,0.0
12.3,39,1.5510323416203815,0.15459191541892825,0.0
12.3,40,-1.9887127066138646,0.4792332658839067,0.0
12.3,41,-1.6261478758836183,0.6402599416109502,0.0
12.3,42,-1.0566620573686285,0.5402769153296451,0.0
12.3,43,-0.7082740854039752,0.4899506824779425,0.0
12.3,44,-0.44374739337877045,0.6438016190264233,0.0
12.3,45,0.046521624767081715,0.6565595061139007,0.0
12.3,46,0.39092229807557055,0.6607752046988045,0.0
12.3,47,0.6767622018180437,0.4933082464534583,0.0
12.3,48,1.239499673460826,0.5454520393344164,0.0
12.3,49,1.4955676204167152,0.6267981112066253,0.0
12.4,0,-1.9404177423929003,-0.9114524896094687,0.0
12.4,1,-1.5495397274496463,-1.0354630388778414,0.0
12.4,2,-1.098378160041968,-0.9558919390601108,0.0
12.4,3,-0.7272695433115319,-1.007235473673709,0.0
12.4,4,-0.3562533181587486,-0.9174593253891195,0.0
12.4,5,0.031786547387487984,-0.9151576368818444,0.0
12.4,6,0.4201459838365238,-0.8502398988132226,0.0
12.4,7,0.7503027834007973,-0.9547089416277693,0.0
12.4,8,1.209416572619762,-1.0242988663380446,0.0
12.4,9,1.48189610412877,-0.9813322054401179,0.0
12.4,10,-1.9052012324765186,-0.6301869789563429,0.0
12.4,11,-1.5018924774876545,-0.5474852206562763,0.0
12.4,12,-1.2047952848106387,-0.5376799072529781,0.0
12.4,13,-0.7908607458507164,-0.6402614344042588,0.0
12.4,14,-0.3623952139175083,-0.5139698982375079,0.0
12.4,15,0.0010664991592296696,-0.571855863387991,0.0
12.4,16,0.35798891853951353,-0.5877325749559912,0.0
12.4,17,0.7909661828198162,-0.6352521378980329,0.0
12.4,18,1.1602698867957377,-0.5206685119203129,0.0
12.4,19,1.6102646403400334,-0.5500390386744772,0.0
12.4,20,-1.8952377409552563,-0.09768012885501309,0.0
12.4,21,-1.5993634735939293,-0.23949560448654225,0.0
12.4,22,-1.0461760786719514,-0.11323539411200712,0.0
12.4,23,-0.6973102649163007,-0.12322029818937305,0.0
12.4,24,-0.3873566983601476,-0.19569214265186485,0.0
12.4,25,0.009499636324472996,-0.11185654205790282,0.0
12.4,26,0.3197943884561411,-0.11672252510053868,0.0
12.4,27,0.6715397552519611,-0.2166242406957197,0.0
12.4,28,1.1673524853598474,-0.27642782018294043,0.0
12.4,29,1.61648276782939,-0.0960586145218931,0.0
12.4,30,-1.916707240879802,0.19803976769294224,0.0
12.4,31,-1.4250578417848265,0.17509619276322713,0.0
12.4,32,-1.1179207129022886,0.15156059186598053,0.0
12.4,33,-0.6827367623537541,0.18366145760492025,0.0
12.4,34,-0.3602614269163776,0.1712037202537739,0.0
12.4,35,0.06940740942468865,0.12926234726552802,0.0
12.4,36,0.4360203206065947,0.12244421353347285,0.0
12.4,37,0.6814704577990849,0.26704160395801957,0.0
12.4,38,1.0894184132378377,0.11614821946640791,0.0
12.4,39,1.5658306297409286,0.09002753519011004,0.0
12.4,40,-1.9503099569102993,0.5488722765934266,0.0
12.4,41,-1.5781594774357655,0.5680839264058573,0.0
12.4,42,-1.2298100590896817,0.546872898402875,0.0
12.4,43,-0.7273326262188156,0.5015815914597498,0.0
12.4,44,-0.4426336344517308,0.5153493022949371,0.0
12.4,45,0.09423899895539908,0.5861525272559963,0.0
12.4,46,0.39207867703826565,0.49952730155704694,0.0
12.4,47,0.6639573515489975,0.6536969075920533,0.0
12.4,48,1.1010835612867587,0.5383281679781672,0.0
12.4,49,1.5712570094408398,0.6170786454008175,0.0
12.5,0,-1.7912956514954101,-0.9684368408212412,0.0
12.5,1,-1.4107300216917613,-0.9732340850577954,0.0
12.5,2,-1.1252575357298038,-0.9429015720733916,0.0
12.5,3,-0.7571471232695369,-0.96409127054741,0.0
12.5,4,-0.4109064963193335,-0.8780636771010208,0.0
12.5,5,0.07325707783875035,-1.0147688242729276,0.0
12.5,6,0.4309102359986582,-0.9833822107668677,0.0
12.5,7,0.8195567178176038,-0.9285902761777771,0.0
12.5,8,1.1443852038544398,-0.981367794178784,0.0
12.5,9,1.526323194045827,-0.8773335124088547,0.0
12.5,10,-1.9234719209486304,-0.6082584379135174,0.0
12.5,11,-1.504063022908664,-0.47275083007169694,0.0
12.5,12,-1.1892254879204267,-0.5969233144353957,0.0
12.5,13,-0.666056189208784,-0.5550676569377189,0.0
12.5,14,-0.28103300915516694,-0.503480691491717,0.0
12.5,15,-0.09961421467474296,-0.5540309751570045,0.0
12.5,16,0.4628539399994208,-0.5798068262395278,0.0
12.5,17,0.6555313079120196,-0.6366529081376124,0.0
12.5,18,1.2068358350720543,-0.5352796057389362,0.0
12.5,19,1.4927147523415951,-0.6623597101589818,0.0
12.5,20,-1.9127285657071718,-0.26674418947010115,0.0
12.5,21,-1.5217127374600807,-0.24933088881035553,0.0
12.5,22,-1.1822659530264292,-0.284286101589515,0.0
12.5,23,-0.8288852050448746,-0.19431565007968538,0.0
12.5,24,-0.34177093333967684,-0.11924345478191145,0.0
12.5,25,0.06324557535019557,-0.09118063202118923,0.0
12.5,26,0.297156500075433,-0.13465070137912483,0.0
12.5,27,0.7429250225826107,-0.11820017693095161,0.0
12.5,28,1.0813119209285784,-0.13278853986942823,0.0
12.5,29,1.5513229068468306,-0.1984734604419099,0.0
12.5,30,-1.8978624844368777,0.2680968219836568,0.0
12.5,31,-1.5606544994581735,0.2236411493576438,0.0
12.5,32,-1.1286818892215,0.10544361648240476,0.0
12.5,33,-0.8017559074709499,0.2712419898630227,0.0
12.5,34,-0.3093166458475315,0.16571752208934667,0.0
12.5,35,0.028530655053537163,0.13969173558027156,0.0
12.5,36,0.3752273090025925,0.09830682876565261,0.0
12.5,37,0.7970785502023934,0.10788744799157506,0.0
12.5,38,1.083017821865675,0.15986271317162745,0.0
12.5,39,1.5667794887673618,0.28681350105841374,0.0
12.5,40,-1.8740603082240865,0.6001918692835004,0.0
12.5,41,-1.420686039029376,0.47646545424944386,0.0
12.5,42,-1.179454996642104,0.5859835490636295,0.0
12.5,43,-0.7483213755613907,0.5400970302164405,0.0
12.5,44,-0.42268500231063616,0.5233425267148265,0.0
12.5,45,-0.040725719767336147,0.6153757145313897,0.0
12.5,46,0.37124104675484926,0.4980613651766899,0.0
12.5,47,0.7329718459161487,0.531453226377012,0.0
12.5,48,1.1394517704652554,0.4792983186924368,0.0
12.5,49,1.561408072624517,0.5759163734380126,0.0
12.600000000000001,0,-1.8097126628301803,-0.9396097064168029,0.0
12.600000000000001,1,-1.3830144494793242,-0.8345789980169587,0.0
12.600000000000001,2,-1.0398402516745175,-0.8615403606029043,0.0
12.600000000000001,3,-0.7074551055296594,-0.8883468376988275,0.0
12.600000000000001,4,-0.3445525666092994,-0.9725854770312302,0.0
12.600000000000001,5,0.08541151999015131,-0.9500870193203954,0.0
12.600000000000001,6,0.3475817205865562,-0.9506654164734141,0.0
12.600000000000001,7,0.7708228097999439,-0.9632357240571479,0.0
12.600000000000001,8,1.1672412905124872,-0.8504427683840708,0.0
12.600000000000001,9,1.4766559874342389,-0.8651044317898423,0.0
12.600000000000001,10,-1.8198124135226346,-0.5806755603519587,0.0
12.600000000000001,11,-1.407232258725649,-0.6455062499827134,0.0
12.600000000000001,12,-1.178736319418781,-0.5646703708814231,0.0
12.600000000000001,13,-0.6477618144251829,-0.5315587361105967,0.0
12.600000000000001,14,-0.39527409279063896,-0.6022690010736407,0.0
12.600000000000001,15,0.010046098093775574,-0.5028995631631918,0.0
12.600000000000001,16,0.3917750307579496,-0.5488229962928773,0.0
12.600000000000001,17,0.8160396812289378,-0.5067575071344865,0.0
12.600000000000001,18,1.0446763923255955,-0.5152232863842486,0.0
12.600000000000001,19,1.4313211160831851,-0.47815071438311363,0.0
12.600000000000001,20,-1.8914524283789969,-0.2531219096162578,0.0
12.600000000000001,21,-1.3904055620587175,-0.26580420381953257,0.0
12.600000000000001,22,-1.1159458927972987,-0.2382003267945281,0.0
12.600000000000001,23,-0.6753989252126994,-0.23405015386502231,0.0
12.600000000000001,24,-0.366755960420126,-0.20667119274426912,0.0
12.600000000000001,25,0.005777436884736795,-0.17317126312735864,0.0
12.600000000000001,26,0.4493315095249332,-0.2586363475099002,0.0
12.600000000000001,27,0.6452561768064312,-0.15233886093923055,0.0
12.600000000000001,28,1.187006651490959,-0.27235962159010757,0.0
12.600000000000001,29,1.5034772826077083,-0.11903820721441591,0.0
12.600000000000001,30,-1.9407553436037677,0.14403231202108815,0.0
12.600000000000001,31,-1.5395075993638565,0.22597678851324665,0.0
12.600000000000001,32,-1.0757739783253204,0.1695724941756047,0.0
12.600000000000001,33,-0.7952159442098163,0.2004393650437568,0.0
12.600000000000001,34,-0.3152596702587347,0.18183357870361216,0.0
12.600000000000001,35,0.08253391080472175,0.212952290862631,0.0
12.600000000000001,36,0.4579730942310573,0.199622947560591,0.0
12.600000000000001,37,0.7763678089727339,0.10466943228964345,0.0
12.600000000000001,38,1.1118525550675307,0.10967533089440307,0.0
12.600000000000001,39,1.5083979171931194,0.16793013181145644,0.0
12.600000000000001,40,-1.9024689640163572,0.5322991327355795,0.0
12.600000000000001,41,-1.4656562224548693,0.4560283627178845,0.0
12.600000000000001,42,-1.1256305319402153,0.6342331982512741,0.0
12.600000000000001,43,-0.7347018949198868,0.47336379403726,0.0
12.600000000000001,44,-0.34614380446130544,0.6024707377073606,0.0
12.600000000000001,45,0.09155726869073519,0.4737958780265784,0.0
12.600000000000001,46,0.3063713024809366,0.5894317588061525,0.0
12.600000000000001,47,0.6877311277738626,0.5452231300093832,0.0
12.600000000000001,48,1.1449909343533697,0.47125520270838306,0.0
12.600000000000001,49,1.4852027758040272,0.47881654449202454,0.0
12.700000000000001,0,-1.8092577034684225,-0.9725688679991499,0.0
12.700000000000001,1,-1.5397171258760887,-0.8218909240515806,0.0
12.700000000000001,2,-1.0475071354458168,-0.8203580316464533,0.0
12.700000000000001,3,-0.7098263494281701,-0.9755131599719785,0.0
12.700000000000001,4,-0.43608109618051016,-0.8265827902607602,0.0
12.700000000000001,5,-0.053700964623167674,-0.8365896698231319,0.0
12.700000000000001,6,0.4334543067908343,-0.863901533456138,0.0
12.700000000000001,7,0.7328198528598803,-0.8796897866076534,0.0
12.700000000000001,8,1.062270935360683,-1.0056883915297958,0.0
12.700000000000001,9,1.4421994070870545,-0.854289151169549,0.0
12.700000000000001,10,-1.822901077441097,-0.5191704034068374,0.0
12.700000000000001,11,-1.5184389152468778,-0.6318086687041127,0.0
12.700000000000001,12,-1.0093095708685398,-0.5777318260666645,0.0
12.700000000000001,13,-0.7567332612713973,-0.49083619149242685,0.0
12.700000000000001,14,-0.334184553893624,-0.6090161394582405,0.0
12.700000000000001,15,-0.0205925447872429,-0.5232514006544862,0.0
12.700000000000001,16,0.31136306841606043,-0.578058983464549,0.0
12.700000000000001,17,0.6977969326008904,-0.46143204861152326,0.0
12.700000000000001,18,1.1759312746032693,-0.4515750607028248,0.0
12.700000000000001,19,1.5128848686385041,-0.5355120460029218,0.0
12.700000000000001,20,-1.7695967720695338,-0.15170644394783148,0.0
12.700000000000001,21,-1.5017825335234116,-0.266254158360795,0.0
12.700000000000001,22,-1.1636136138297242,-0.2716575078016454,0.0
12.700000000000001,23,-0.7829015010852792,-0.2551411140281037,0.0
12.700000000000001,24,-0.4608913066695123,-0.2592648745425059,0.0
12.700000000000001,25,0.009476483539933606,-0.0962194313438135,0.0
12.700000000000001,26,0.30010209469175586,-0.22879093987956606,0.0
12.700000000000001,27,0.8016330124337916,-0.23678621853933446,0.0
12.700000000000001,28,1.1819867927157781,-0.15790398103055078,0.0
12.700000000000001,29,1.5372506753041564,-0.09093790188803799,0.0
12.700000000000001,30,-1.9125818023293208,0.15320835147637,0.0
12.700000000000001,31,-1.5563430590342273,0.23049275266864844,0.0
12.700000000000001,32,-1.1736777150951259,0.09999168068184673,0.0
12.700000000000001,33,-0.7458241056094481,0.17378172425700694,0.0
12.700000000000001,34,-0.4349700961991955,0.24588173356804094,0.0
12.700000000000001,35,0.003371680175121017,0.24108688834105627,0.0
12.700000000000001,36,0.30980459378727476,0.23842144032501544,0.0
12.700000000000001,37,0.8018155549978568,0.08457660089476017,0.0
12.700000000000001,38,1.0245311800048276,0.20788005387572778,0.0
12.700000000000001,39,1.4254884121576683,0.12763715066351394,0.0
12.700000000000001,40,-1.8305844409040124,0.5706603350543239,0.0
12.700000000000001,41,-1.5001488918317178,0.5895848869785195,0.0
12.700000000000001,42,-1.0696354640553987,0.5807895088877815,0.0
12.700000000000001,43,-0.6741296229230374,0.6168098721932249,0.0
12.700000000000001,44,-0.3318373460856227,0.6130977250246753,0.0
12.700000000000001,45,0.08082545348273451,0.6430084327785046,0.0
12.700000000000001,46,0.4025199444766233,0.5422495118659875,0.0
12.700000000000001,47,0.8276302928898124,0.576150023004111,0.0
12.700000000000001,48,1.1646579724324935,0.518081537918231,0.0
12.700000000000001,49,1.4886393194435927,0.5387904056888655,0.0
12.8,0,-1.7600528903107728,-0.8951791325621582,0.0
12.8,1,-1.5198699996800873,-0.9731882241705261,0.0
12.8,2,-1.1623648739959473,-0.974074555403215,0.0
12.8,3,-0.6442276676897037,-0.849418179417988,0.0
12.8,4,-0.2958660673501858,-0.8872764224645906,0.0
12.8,5,0.09128950967488322,-0.9521938940964328,0.0
12.8,6,0.39114108344189313,-0.9679371772848644,0.0
12.8,7,0.8133665438076025,-0.9097749346160261,0.0
12.8,8,1.0345097758304223,-0.957088767596601,0.0
12.8,9,1.431154680839755,-0.8691150601222165,0.0
12.8,10,-1.8275083979617994,-0.5693371207980645,0.0
12.8,11,-1.4165718993787666,-0.6168749587938964,0.0
12.8,12,-1.1220831616106177,-0.6359029117418786,0.0
12.8,13,-0.6909034580482423,-0.6013605674818271,0.0
12.8,14,-0.384805292383364,-0.5969162826441695,0.0
12.8,15,0.09495810385323905,-0.5798097383875553,0.0
12.8,16,0.35462021149277567,-0.6008774801210637,0.0
12.8,17,0.6432221781019569,-0.4669310512908766,0.0
12.8,18,0.998417747163135,-0.5449796939660819,0.0
12.8,19,1.5233052821880992,-0.5928926921230858,0.0
12.8,20,-1.7194342729985004,-0.24569793085896582,0.0
12.8,21,-1.5076007168566539,-0.10449035799595208,0.0
12.8,22,-1.0148419650278293,-0.22165602276728635,0.0
12.8,23,-0.7029755915134511,-0.0997535035974215,0.0
12.8,24,-0.44215884336358263,-0.23059227736771645,0.0
12.8,25,0.006795271599515568,-0.18034575307232398,0.0
12.8,26,0.40031042265134686,-0.24165592497661406,0.0
12.8,27,0.6625647748944218,-0.09707679765961408,0.0
12.8,28,1.0846290570041677,-0.20702672899482688,0.0
12.8,29,1.4269219199939707,-0.16181056981485464,0.0
12.8,30,-1.8454504735542678,0.0813575266460494,0.0
12.8,31,-1.4328774289620456,0.18705548527995244,0.0
12.8,32,-1.1170970791398211,0.242546345958989,0.0
12.8,33,-0.8096837417046414,0.20385732396640854,0.0
12.8,34,-0.44233982106966463,0.16161836788083264,0.0
12.8,35,-0.05269481299583714,0.17759539423202506,0.0
12.8,36,0.31934057159688645,0.20395451128802508,0.0
12.8,37,0.7696314760047205,0.23342399012380724,0.0
12.8,38,0.990903011196583,0.19092609872706254,0.0
12.8,39,1.4415189098320296,0.14759878256199066,0.0
12.8,40,-1.7838317627052258,0.46149125024381643,0.0
12.8,41,-1.5064413131962875,0.6073344418519004,0.0
12.8,42,-1.1523076177282294,0.4515270368047001,0.0
12.8,43,-0.739092065466941,0.5642417017159519,0.0
12.8,44,-0.3481068603262061,0.5628689061596038,0.0
12.8,45,-0.015088580350437877,0.4579852263429733,0.0
12.8,46,0.34667051660815335,0.4874914628894609,0.0
12.8,47,0.7593282229256393,0.5740450627897163,0.0
12.8,48,1.1134246197763455,0.47469696063604827,0.0
12.8,49,1.4495491977049542,0.4589729409301615,0.0
12.9,0,-1.7874910116578753,-0.8198102496619036,0.0
12.9,1,-1.3741672185073324,-0.9145903139169879,0.0
12.9,2,-1.0162504957702203,-0.8306742701429641,0.0
12.9,3,-0.7704783616933564,-0.9581410475699246,0.0
12.9,4,-0.37246611297605553,-0.8364208184223789,0.0
12.9,5,0.034011018810225946,-0.8278152069443702,0.0
12.9,6,0.30895252752762037,-0.8608946924993656,0.0
12.9,7,0.7061222653088818,-0.9723163505069619,0.0
12.9,8,1.0143678243661987,-0.795268184847467,0.0
12.9,9,1.3845392542623138,-0.9057402546222604,0.0
12.9,10,-1.8053417597973485,-0.5108297759685967,0.0
12.9,11,-1.4455399651400067,-0.4355709913439185,0.0
12.9,12,-1.0654081652639886,-0.48532558574453905,0.0
12.9,13,-0.781290373000816,-0.46166059684356875,0.0
12.9,14,-0.26821113274317954,-0.5708273129592826,0.0
12.9,15,0.08221707874226877,-0.4546644860070269,0.0
12.9,16,0.40631754243475793,-0.5617587492248002,0.0
12.9,17,0.6400655498419783,-0.6270659963032146,0.0
12.9,18,1.069757078017493,-0.6316637461700867,0.0
12.9,19,1.3508177489243194,-0.5173012010489048,0.0
12.9,20,-1.7872476840791223,-0.20009030270028985,0.0
12.9,21,-1.3926292985561928,-0.11288524766965513,0.0
12.9,22,-1.1362491806530644,-0.20086750299781067,0.0
12.9,23,-0.7013858192737904,-0.16285544647273792,0.0
12.9,24,-0.4433466230930253,-0.19228466541753378,0.0
12.9,25,0.02984120352509534,-0.254008640366794,0.0
12.9,26,0.3497135546353625,-0.18622466573796265,0.0
12.9,27,0.729436699711606,-0.20887382043834135,0.0
12.9,28,1.0033973818121575,-0.2135373759935278,0.0
12.9,29,1.3388393578648505,-0.20789113136649362,0.0
12.9,30,-1.8451375098661826,0.10904263263097275,0.0
12.9,31,-1.5066212241506565,0.20824870837531445,0.0
12.9,32,-1.0535393703763904,0.12059224980194291,0.0
12.9,33,-0.6412488746652505,0.1182980093585894,0.0
12.9,34,-0.26179684612294407,0.1437491037399956,0.0
12.9,35,0.03039751514769562,0.08505249456250298,0.0
12.9,36,0.31164579305769374,0.16140717997121184,0.0
12.9,37,0.7182772824294384,0.2768580699848824,0.0
12.9,38,1.126102673565971,0.16730537668527304,0.0
12.9,39,1.3767680070942965,0.15667758604583412,0.0
12.9,40,-1.699260675721737,0.4934435080388421,0.0
12.9,41,-1.4979368938558482,0.43265645765737465,0.0
12.9,42,-1.1537652090439883,0.46299633165283993,0.0
12.9,43,-0.7930253895646203,0.475243867245192,0.0
12.9,44,-0.29119646145042855,0.6194955744695316,0.0
12.9,45,0.0808550136254007,0.5110259734882019,0.0
12.9,46,0.28907515644966575,0.4830503051593367,0.0
12.9,47,0.6425862848117975,0.6198728668714402,0.0
12.9,48,1.0234813019988638,0.565971024565664,0.0
12.9,49,1.3591335011218693,0.5154887907211034,0.0
13.0,0,-1.7948647116083223,-0.9294687147720435,0.0
13.0,1,-1.4819003380721358,-0.921720934301383,0.0
13.0,2,-0.9856669232198056,-0.948670977365139,0.0
13.0,3,-0.6570779214997369,-0.8032893456765244,0.0
13.0,4,-0.3946755989467568,-0.8176034378942971,0.0
13.0,5,-0.0885666535903227,-0.9710512950913606,0.0
13.0,6,0.2933769741303029,-0.8197668636811355,0.0
13.0,7,0.6569568473705182,-0.9083878766667753,0.0
13.0,8,1.131162131213972,-0.9647180805509261,0.0
13.0,9,1.434221537011435,-0.8869221905900843,0.0
13.0,10,-1.7958420571825127,-0.4925850994631037,0.0
13.0,11,-1.3015522887746422,-0.45523996487770213,0.0
13.0,12,-1.0507577482342545,-0.44460197296045734,0.0
13.0,13,-0.6196344266768982,-0.5787810566545467,0.0
13.0,14,-0.2644457277711312,-0.5077872511239382,0.0
13.0,15,0.024469893135422652,-0.604075191672923,0.0
13.0,16,0.25698188560318025,-0.5482954392815491,0.0
13.0,17,0.705591985270591,-0.4584711310301096,0.0
13.0,18,1.0304577591736594,-0.5958836378095269,0.0
13.0,19,1.3267378174698703,-0.6140414080803781,0.0
13.0,20,-1.6811612725484235,-0.07708265704406322,0.0
13.0,21,-1.369655524396234,-0.14244206149790523,0.0
13.0,22,-1.0701412229366238,-0.11903486602414082,0.0
13.0,23,-0.6151462648409275,-0.24113173736711518,0.0
13.0,24,-0.2574390532040868,-0.17592704284350869,0.0
13.0,25,0.09778220932516096,-0.09315355066377859,0.0
13.0,26,0.25635584284327906,-0.08892052385593868,0.0
13.0,27,0.6161354001919992,-0.22264934279484133,0.0
13.0,28,1.0020282931915323,-0.11390396176441261,0.0
13.0,29,1.4252192489843725,-0.2136132256759089,0.0
13.0,30,-1.749212065651994,0.17148458870462452,0.0
13.0,31,-1.4174767393826375,0.16966008350633366,0.0
13.0,32,-1.0310869219262166,0.1300661796442879,0.0
13.0,33,-0.7242428229901829,0.1403776581900713,0.0
13.0,34,-0.36240230793189965,0.2293385662055513,0.0
13.0,35,0.025795670433238937,0.23664930576769164,0.0
13.0,36,0.31759362313676803,0.194907358474576,0.0
13.0,37,0.6833560182545604,0.25906947749508036,0.0
13.0,38,1.0613010889737764,0.1774624027928989,0.0
13.0,39,1.4222106124667455,0.21709322148785587,0.0
13.0,40,-1.8358610028749287,0.4964390959812455,0.0
13.0,41,-1.3139816699651945,0.5165807462154813,0.0
13.0,42,-1.0398023649739858,0.5746805752739708,0.0
13.0,43,-0.6707457186704244,0.5696711118239679,0.0
13.0,44,-0.3504446996935566,0.4621405700583068,0.0
13.0,45,0.010617951082597193,0.4318968705586716,0.0
13.0,46,0.3306577694383921,0.5623695951310521,0.0
13.0,47,0.735221268643783,0.5433416867169973,0.0
13.0,48,1.0919780245619115,0.5638650328291726,0.0
13.0,49,1.4591332618630324,0.4800314919997821,0.0
13.100000000000001,0,-1.7006274094617035,-0.8382179004459928,0.0
13.100000000000001,1,-1.2988036923420592,-0.9584322614008156,0.0
13.100000000000001,2,-1.0765547085879579,-0.7677806435455399,0.0
13.100000000000001,3,-0.7217524057179506,-0.9093774110264604,0.0
13.100000000000001,4,-0.43719518958742964,-0.8596008750703525,0.0
13.100000000000001,5,0.09841190589725998,-0.7696140488503355,0.0
13.100000000000001,6,0.2644013706030092,-0.9017113365492271,0.0
13.100000000000001,7,0.7783650660360762,-0.8106953184011775,0.0
13.100000000000001,8,0.9689506025325265,-0.8655769981195481,0.0
13.100000000000001,9,1.3515068406290547,-0.7652453822615848,0.0
13.100000000000001,10,-1.7120276443419,-0.5619653755560555,0.0
13.100000000000001,11,-1.4330243536412308,-0.5173905286008172,0.0
13.100000000000001,12,-0.9609319374121505,-0.5021140317897353,0.0
13.100000000000001,13,-0.6115328291826134,-0.5752236841103597,0.0
13.100000000000001,14,-0.2958343763453043,-0.5364259430341142,0.0
13.100000000000001,15,-0.0719566876234111,-0.579938620580901,0.0
13.100000000000001,16,0.3555450258456711,-0.6074260104954723,0.0
13.100000000000001,17,0.6057134142779267,-0.57864249799217,0.0
13.100000000000001,18,1.0329373631869803,-0.4895116734743414,0.0
13.100000000000001,19,1.3827289552975686,-0.5039936063897784,0.0
13.100000000000001,20,-1.6702902251026803,-0.23027459577372983,0.0
13.100000000000001,21,-1.423824854206357,-0.1826533408311029,0.0
13.100000000000001,22,-1.0477987094198653,-0.14810820899008462,0.0
13.100000000000001,23,-0.7610928001509772,-0.11185611410314078,0.0
13.100000000000001,24,-0.3797203324251277,-0.12741068010761772,0.0
13.100000000000001,25,-0.08729153964534427,-0.22127158379114678,0.0
13.100000000000001,26,0.40213432680513517,-0.21103280425133802,0.0
13.100000000000001,27,0.7408521033791728,-0.14391189190010173,0.0
13.100000000000001,28,1.005817616372191,-0.25977101084473153,0.0
13.100000000000001,29,1.2979257612477735,-0.10457471020633571,0.0
13.100000000000001,30,-1.6580653169244954,0.16540038104051938,0.0
13.100000000000001,31,-1.2870662650437321,0.1829594383487952,0.0
13.100000000000001,32,-0.9391847236063876,0.20929624793478524,0.0
13.100000000000001,33,-0.7285002481206687,0.2553676099300674,0.0
13.100000000000001,34,-0.3415265530817688,0.22923042685641803,0.0
13.100000000000001,35,0.03173761711663964,0.19154449811082733,0.0
13.100000000000001,36,0.27378641392951414,0.20876911459004843,0.0
13.100000000000001,37,0.7594870512785521,0.2644523245476601,0.0
13.100000000000001,38,1.0764331124183293,0.25577918670213695,0.0
13.100000000000001,39,1.3871939786441554,0.1048155304716337,0.0
13.100000000000001,40,-1.6921406282456843,0.5596633139259944,0.0
13.100000000000001,41,-1.401837901956035,0.4758230722989643,0.0
13.100000000000001,42,-0.9480185329829401,0.4910511134626293,0.0
13.100000000000001,43,-0.6382591007110877,0.5438925831510257,0.0
13.100000000000001,44,-0.3505959694261035,0.6160212698838351,0.0
13.100000000000001,45,0.03579361239306203,0.4648024308374248,0.0
13.100000000000001,46,0.2548127828458689,0.48169604036206526,0.0
13.100000000000001,47,0.7763742335731247,0.44391135293417827,0.0
13.100000000000001,48,0.9929806582991579,0.5539619635603164,0.0
13.100000000000001,49,1.3018220622472325,0.5227514985316493,0.0
13.200000000000001,0,-1.6914592136684479,-0.8938242423851062,0.0
13.200000000000001,1,-1.4065604740691349,-0.782599178566881,0.0
13.200000000000001,2,-1.0150814052843669,-0.8583511088467214,0.0
13.200000000000001,3,-0.6446413012220062,-0.807576383694161,0.0
13.200000000000001,4,-0.269753785263785,-0.8985186975489964,0.0
13.200000000000001,5,0.08018041381141294,-0.8948606753024225,0.0
13.200000000000001,6,0.4207787342812809,-0.9377522823222414,0.0
13.200000000000001,7,0.6292426763367635,-0.8500685122124457,0.0
13.200000000000001,8,1.0850001758018963,-0.9261729679193911,0.0
13.200000000000001,9,1.3278087383448804,-0.8529365284153266,0.0
13.200000000000001,10,-1.6862740325992478,-0.42283530050874896,0.0
13.200000000000001,11,-1.4572558405891904,-0.598923190932033,0.0
13.200000000000001,12,-1.1035240723682078,-0.5311439740938247,0.0
13.200000000000001,13,-0.6770178768943139,-0.5331686783222774,0.0
13.200000000000001,14,-0.2825632598616904,-0.44695967196384956,0.0
13.200000000000001,15,-0.00041849112782943454,-0.5949300027996711,0.0
13.200000000000001,16,0.4072501750550054,-0.5864984803302424,0.0
13.200000000000001,17,0.6127346918014669,-0.5967720203005842,0.0
13.200000000000001,18,0.9958894092631311,-0.5374676522770995,0.0
13.200000000000001,19,1.452785479762948,-0.5026152877815034,0.0
13.200000000000001,20,-1.7858870693918172,-0.10417614604220143,0.0
13.200000000000001,21,-1.3421160790122568,-0.20554920680586283,0.0
13.200000000000001,22,-0.982575784223986,-0.25616345004803937,0.0
13.200000000000001,23,-0.7750533394056377,-0.16238810975689208,0.0
13.200000000000001,24,-0.42886624128224493,-0.10437432525676338,0.0
13.200000000000001,25,0.07838195607840362,-0.1790057549996848,0.0
13.200000000000001,26,0.2745508191488587,-0.09258375095615959,0.0
13.200000000000001,27,0.6583831323308905,-0.24624892045195795,0.0
13.200000000000001,28,1.098423612506478,-0.2614908744905029,0.0
13.200000000000001,29,1.459702039376961,-0.2643993270445462,0.0
13.200000000000001,30,-1.6187097308106353,0.17138937368631568,0.0
13.200000000000001,31,-1.3469274937111968,0.10263723371108802,0.0
13.200000000000001,32,-1.000738663584365,0.264525398249596,0.0
13.200000000000001,33,-0.7790410770624564,0.09062621703029144,0.0
13.200000000000001,34,-0.4227614568242959,0.1407074071897812,0.0
13.200000000000001,35,0.09235634012761942,0.10685717995109309,0.0
13.200000000000001,36,0.43961814651051756,0.16123224978017514,0.0
13.200000000000001,37,0.6880646207684327,0.22127446950502502,0.0
13.200000000000001,38,1.116717011612699,0.11003029798117184,0.0
13.200000000000001,39,1.4529134994976667,0.07326943977330125,0.0
13.200000000000001,40,-1.7030020237090042,0.43904573832403887,0.0
13.200000000000001,41,-1.318056786584217,0.5484417769445854,0.0
13.200000000000001,42,-0.9991053491130191,0.565432682773052,0.0
13.200000000000001,43,-0.7521843466851237,0.591293446160194,0.0
13.200000000000001,44,-0.2847888351066059,0.5478280120627623,0.0
13.200000000000001,45,-0.08723623948402932,0.4481838559019754,0.0
13.200000000000001,46,0.3139747902606534,0.48116453964394396,0.0
13.200000000000001,47,0.642857699090622,0.5563070477397222,0.0
13.200000000000001,48,0.9553222778641833,0.4730381991022644,0.0
13.200000000000001,49,1.399015806546723,0.47749595969904723,0.0
13.3,0,-1.6673160731165089,-0.7870594007273373,0.0
13.3,1,-1.4032805582799484,-0.7592947367341745,0.0
13.3,2,-0.9609504146301576,-0.8714965290692112,0.0
13.3,3,-0.741172155790915,-0.8322251168888481,0.0
13.3,4,-0.3355707067268512,-0.8081575530531213,0.0
13.3,5,-0.06647440817348278,-0.8782855914819054,0.0
13.3,6,0.40779445274979453,-0.9004250268116496,0.0
13.3,7,0.6843230328037679,-0.9171287494163105,0.0
13.3,8,1.0448778962352383,-0.8454190278058009,0.0
13.3,9,1.2904764931520851,-0.749476016686982,0.0
13.3,10,-1.772832209035271,-0.46166224626726116,0.0
13.3,11,-1.381088615549765,-0.42438936976353764,0.0
13.3,12,-1.0751972125126834,-0.5742531204565913,0.0
13.3,13,-0.6643179841668283,-0.497079547650425,0.0
13.3,14,-0.2393540308060484,-0.463703500061031,0.0
13.3,15,-0.019388484862115113,-0.4548768989711396,0.0
13.3,16,0.4008810814263005,-0.5137842815811436,0.0
13.3,17,0.6660743536094458,-0.4248212012970215,0.0
13.3,18,1.0385549707235235,-0.5793944641331389,0.0
13.3,19,1.4203286684788805,-0.4548594120946332,0.0
13.3,20,-1.6937043954055604,-0.2102184911861583,0.0
13.3,21,-1.290621329001667,-0.11959886488215979,0.0
13.3,22,-0.909629450544813,-0.1789856638576742,0.0
13.3,23,-0.7486547327599102,-0.20941694012898054,0.0
13.3,24,-0.3609355526496122,-0.1659485839583194,0.0
13.3,25,0.028269681920047557,-0.2628053954253744,0.0
13.3,26,0.328599204709962,-0.16493878526196007,0.0
13.3,27,0.5945200802049972,-0.17519664336412538,0.0
13.3,28,0.9082558106090762,-0.15816425970046594,0.0
13.3,29,1.3581749957403162,-0.12205010325451232,0.0
13.3,30,-1.594689020327362,0.2416540416732568,0.0
13.3,31,-1.3152572549372181,0.16358427878600432,0.0
13.3,32,-0.9192734073258361,0.13263263635106032,0.0
13.3,33,-0.5940841483994629,0.20537124690121075,0.0
13.3,34,-0.35047296493568275,0.1056628065839899,0.0
13.3,35,0.0036892029174117463,0.12393643310758032,0.0
13.3,36,0.24591664339586014,0.09526809038306422,0.0
13.3,37,0.6021713269967418,0.1715953072938106,0.0
13.3,38,1.0240265612133006,0.21647710767910064,0.0
13.3,39,1.4283254341853626,0.26738220724154504,0.0
13.3,40,-1.5850698061033204,0.4325023886875044,0.0
13.3,41,-1.3413694907539577,0.5481372139093765,0.0
13.3,42,-0.9914049937001882,0.49564617242986597,0.0
13.3,43,-0.6979335865277118,0.46498920683325634,0.0
13.3,44,-0.43439840380453854,0.5786188975697449,0.0
13.3,45,-0.024780302056311723,0.42078470012863334,0.0
13.3,46,0.35556279202287056,0.5410121241195758,0.0
13.3,47,0.6465117541177718,0.4415980971682658,0.0
13.3,48,1.0442643971760595,0.48881225581751725,0.0
13.3,49,1.3952448149468104,0.5476848970972026,0.0
13.4,0,-1.6324139253597965,-0.7511961054134535,0.0
13.4,1,-1.320210065898565,-0.8788051463209107,0.0
13.4,2,-0.9488794424293864,-0.7378303307887063,0.0
13.4,3,-0.6928547735212964,-0.802360244832613,0.0
13.4,4,-0.27657805507296973,-0.8795280191915781,0.0
13.4,5,0.0013507893544040944,-0.7521249327325606,0.0
13.4,6,0.29993610335601295,-0.8551162972742952,0.0
13.4,7,0.7382876746976701,-0.8134596667204135,0.0
13.4,8,0.8995799615771018,-0.7591108427208506,0.0
13.4,9,1.2821812727716075,-0.8159678697633409,0.0
13.4,10,-1.7088493307013242,-0.5798615152193598,0.0
13.4,11,-1.4099200918766144,-0.4439537817037185,0.0
13.4,12,-0.9694572756567391,-0.42941822622253156,0.0
13.4,13,-0.6183796395380035,-0.41371617405984423,0.0
13.4,14,-0.28687908024196507,-0.419344170464367,0.0
13.4,15,-0.04369967690973769,-0.4652730889127571,0.0
13.4,16,0.27347772498150136,-0.5237572830667718,0.0
13.4,17,0.5911492797568972,-0.4148850521365476,0.0
13.4,18,1.0197670724008072,-0.46726689834774304,0.0
13.4,19,1.322965662621497,-0.5168504579594476,0.0
13.4,20,-1.668592617160915,-0.11582296005242187,0.0
13.4,21,-1.3095967780667634,-0.1304151768423883,0.0
13.4,22,-1.0597806610067702,-0.2466042457702018,0.0
13.4,23,-0.6070541965459764,-0.09612434173211482,0.0
13.4,24,-0.2832383913158264,-0.22627701582204043,0.0
13.4,25,0.07952131460230769,-0.22849881146982687,0.0
13.4,26,0.30170298023797415,-0.12917993772827605,0.0
13.4,27,0.5988345491669175,-0.08491323825427574,0.0
13.4,28,0.9773856943037118,-0.1784894540816994,0.0
13.4,29,1.3934299739969687,-0.19902820479238098,0.0
13.4,30,-1.6052310954284879,0.1753361680484929,0.0
13.4,31,-1.3626443538870148,0.1919482456055194,0.0
13.4,32,-0.9883732688118625,0.10257460628924633,0.0
13.4,33,-0.6782278604907919,0.0795086797082852,0.0
13.4,34,-0.2823652564222573,0.24207826799697166,0.0
13.4,35,-0.09536603662244283,0.08542959468100252,0.0
13.4,36,0.4187067787301144,0.0761620379456251,0.0
13.4,37,0.7223142490993497,0.23399960147189502,0.0
13.4,38,1.049298742387747,0.1228764064954648,0.0
13.4,39,1.2899012478541667,0.26088882858065277,0.0
13.4,40,-1.579491426273523,0.535950169684994,0.0
13.4,41,-1.277270212957122,0.4127774522129616,0.0
13.4,42,-1.0776609962799069,0.5424133539420507,0.0
13.4,43,-0.7060547448951466,0.42283073660006276,0.0
13.4,44,-0.3941008241187074,0.5444578906974363,0.0
13.4,45,-0.04464217596484987,0.48056632536982324,0.0
13.4,46,0.24569477832034153,0.4880667127431228,0.0
13.4,47,0.7320562234404219,0.4185474871716973,0.0
13.4,48,0.9782568098497276,0.4377754460487518,0.0
13.4,49,1.3974234688698028,0.42871692020040114,0.0
13.5,0,-1.6781680524970433,-0.8514708985290176,0.0
13.5,1,-1.2954913877684344,-0.8569609248662045,0.0
13.5,2,-0.920921086494475,-0.8561290094069431,0.0
13.5,3,-0.5831003986704557,-0.864872417480824,0.0
13.5,4,-0.37960851517269417,-0.8362506860115257,0.0
13.5,5,-0.012943695050162601,-0.7240759236485805,0.0
13.5,6,0.2738494590051565,-0.8722225318697985,0.0
13.5,7,0.7088103516723427,-0.8676372437682855,0.0
13.5,8,0.9496394556463079,-0.7877173944100794,0.0
13.5,9,1.3274400313660668,-0.7288708265060813,0.0
13.5,10,-1.5729739709411938,-0.5548690964960524,0.0
13.5,11,-1.2825310298262913,-0.41860510667018636,0.0
13.5,12,-0.9739264653521787,-0.4179833967994743,0.0
13.5,13,-0.5946961960363313,-0.4384412835759939,0.0
13.5,14,-0.3683306755794364,-0.5558723578070422,0.0
13.5,15,0.04901064508532621,-0.38998636159783284,0.0
13.5,16,0.3777039775600497,-0.5447710152793471,0.0
13.5,17,0.6318296068621253,-0.4589254265694976,0.0
13.5,18,1.059880613308389,-0.5651528418346284,0.0
13.5,19,1.3443635451357965,-0.520202501267849,0.0
13.5,20,-1.6120583719921855,-0.06917491290514083,0.0
13.5,21,-1.2804438817595805,-0.1076718108197118,0.0
13.5,22,-1.0731492311488635,-0.13450819233788652,0.0
13.5,23,-0.6240607629390241,-0.10744109731570528,0.0
13.5,24,-0.2909042703807205,-0.17430679994921056,0.0
13.5,25,-0.09854413726126726,-0.24542704919868702,0.0
13.5,26,0.2443222777592295,-0.17035859191678188,0.0
13.5,27,0.7200041069511194,-0.15852072099680523,0.0
13.5,28,0.9506101538110499,-0.21035319662501537,0.0
13.5,29,1.2216330204749148,-0.15291735774457438,0.0
13.5,30,-1.6431074585454684,0.24090295084434227,0.0
13.5,31,-1.2054151236476554,0.10370360458088942,0.0
13.5,32,-0.8764506918461575,0.23699314901841786,0.0
13.5,33,-0.6058620210212518,0.20032380032458447,0.0
13.5,34,-0.23951796615236598,0.18956006891468447,0.0
13.5,35,0.08219940076124108,0.1945180787524155,0.0
13.5,36,0.39388507499135395,0.19623209635120822,0.0
13.5,37,0.5730326794705451,0.23887778453389547,0.0
13.5,38,0.9832565797042845,0.2449737255351013,0.0
13.5,39,1.3543972591342062,0.11421156502371259,0.0
13.5,40,-1.6329050709818125,0.3935368776337184,0.0
13.5,41,-1.2355068999033412,0.5064483022699975,0.0
13.5,42,-0.9728520304559385,0.4213518404700479,0.0
13.5,43,-0.7305806668627688,0.48550148436752244,0.0
13.5,44,-0.367216039764381,0.5471165647208437,0.0
13.5,45,-0.029466855839909267,0.38864639239675747,0.0
13.5,46,0.30280182748019413,0.493428581210035,0.0
13.5,47,0.7480561302217368,0.40992557706604243,0.0
13.5,48,0.9462809873562086,0.45066012712098613,0.0
13.5,49,1.3884340742710626,0.4353506023239957,0.0
13.600000000000001,0,-1.6310376524459032,-0.8062376083303926,0.0
13.600000000000001,1,-1.2993125221335293,-0.8836053982671352,0.0
13.600000000000001,2,-0.9410883177857972,-0.7763981225416269,0.0
13.600000000000001,3,-0.5567442677427529,-0.7397266813574412,0.0
13.600000000000001,4,-0.2809709896747131,-0.8717682153997149,0.0
13.600000000000001,5,0.09043484080907638,-0.7484060227338836,0.0
13.600000000000001,6,0.40182739519662436,-0.8550518149956429,0.0
13.600000000000001,7,0.7218590694742469,-0.7580524137730446,0.0
13.600000000000001,8,0.9965993930664132,-0.8593116282053401,0.0
13.600000000000001,9,1.2506187164989937,-0.8670047229917139,0.0
13.600000000000001,10,-1.606959116917678,-0.43600684685216673,0.0
13.600000000000001,11,-1.3403802014029087,-0.5222020426430607,0.0
13.600000000000001,12,-1.035375546116248,-0.4472572084523858,0.0
13.600000000000001,13,-0.7133259740300721,-0.5617213579710045,0.0
13.600000000000001,14,-0.3957723185880174,-0.5704905219619578,0.0
13.600000000000001,15,0.021197801851506062,-0.5775387701833614,0.0
13.600000000000001,16,0.2368116020172054,-0.44007735958645977,0.0
13.600000000000001,17,0.7226972870284005,-0.39384846942511964,0.0
13.600000000000001,18,0.8806916100719195,-0.5145026239726505,0.0
13.600000000000001,19,1.1866796083710573,-0.41848643457142914,0.0
13.600000000000001,20,-1.5645923964462067,-0.1548985059800727,0.0
13.600000000000001,21,-1.358557776403363,-0.13958968612919764,0.0
13.600000000000001,22,-0.8956975073030993,-0.23929660220029259,0.0
13.600000000000001,23,-0.7212365089824229,-0.11753085801231133,0.0
13.600000000000001,24,-0.2560442125402328,-0.16322879878102403,0.0
13.600000000000001,25,-0.04598240503809628,-0.07438453553392069,0.0
13.600000000000001,26,0.4086689425056922,-0.24437391818781057,0.0
13.600000000000001,27,0.6232428497992772,-0.22026651046658832,0.0
13.600000000000001,28,0.9247526262892644,-0.2174890558088646,0.0
13.600000000000001,29,1.1999076590113475,-0.14165084874360614,0.0
13.600000000000001,30,-1.6888377081555122,0.17518279472528897,0.0
13.600000000000001,31,-1.2077748202063971,0.2349405791908448,0.0
13.600000000000001,32,-1.0279067094439636,0.23800403963069325,0.0
13.600000000000001,33,-0.6049357322253596,0.16723466174187207,0.0
13.600000000000001,34,-0.2532942011098042,0.09785395351437974,0.0
13.600000000000001,35,0.04278466112565246,0.08654957804303945,0.0
13.600000000000001,36,0.28599044408080027,0.09940860499811419,0.0
13.600000000000001,37,0.5950010739489663,0.2335129960755286,0.0
13.600000000000001,38,1.0566551856455095,0.12633205960376914,0.0
13.600000000000001,39,1.1989296895684005,0.1583546846323835,0.0
13.600000000000001,40,-1.5256838840299534,0.5611013437991025,0.0
13.600000000000001,41,-1.274492269520036,0.5748059047239249,0.0
13.600000000000001,42,-1.0018934808193807,0.481149014315123,0.0
13.600000000000001,43,-0.7104959627486773,0.579247840381969,0.0
13.600000000000001,44,-0.40270623139703166,0.5531968497406666,0.0
13.600000000000001,45,-0.0085422020965287,0.41611565704221576,0.0
13.600000000000001,46,0.41542972275726064,0.5454381391924675,0.0
13.600000000000001,47,0.7323815773179986,0.48361375118461625,0.0
13.600000000000001,48,0.873591643047037,0.5326933690139174,0.0
13.600000000000001,49,1.2273180356373372,0.5285982942658128,0.0
13.700000000000001,0,-1.5050648487068672,-0.6996212546155451,0.0
13.700000000000001,1,-1.250128990392006,-0.7953417675504475,0.0
13.700000000000001,2,-0.9142302869982324,-0.7257381599254764,0.0
13.700000000000001,3,-0.6473807006760026,-0.7907983766221325,0.0
13.700000000000001,4,-0.3595781592038372,-0.8225439148034559,0.0
13.700000000000001,5,-0.009668056544414605,-0.7567350732029181,0.0
13.700000000000001,6,0.3501567906584379,-0.7623713871173431,0.0
13.700000000000001,7,0.5581742270012987,-0.8861790764809978,0.0
13.700000000000001,8,1.0193876978747436,-0.8584612377250335,0.0
13.700000000000001,9,1.2564175733150098,-0.7184741294602962,0.0
13.700000000000001,10,-1.5938886509590546,-0.5418247229514481,0.0
13.700000000000001,11,-1.3412700290154622,-0.5454508829357285,0.0
13.700000000000001,12,-0.8963986467367067,-0.5278728012517004,0.0
13.700000000000001,13,-0.6311439491039115,-0.4444359729386295,0.0
13.700000000000001,14,-0.385435537799681,-0.407834035486362,0.0
13.700000000000001,15,0.07277190262677119,-0.40629195409659086,0.0
13.700000000000001,16,0.3668330576748343,-0.4929201912333022,0.0
13.700000000000001,17,0.5968834842348715,-0.43514311707441555,0.0
13.700000000000001,18,1.0024556327593277,-0.5002668765029304,0.0
13.700000000000001,19,1.2899066146914788,-0.41412481617952535,0.0
13.700000000000001,20,-1.5715133361381242,-0.09985711315831095,0.0
13.700000000000001,21,-1.2236951647860046,-0.12667864057721753,0.0
13.700000000000001,22,-0.8899077409871716,-0.06113187333559297,0.0
13.700000000000001,23,-0.7129168492999209,-0.09033599151966856,0.0
13.700000000000001,24,-0.2274023852538493,-0.233128316116137,0.0
13.700000000000001,25,-0.06208254224355823,-0.17384510981143195,0.0
13.700000000000001,26,0.34696940636690116,-0.10203965867635437,0.0
13.700000000000001,27,0.7074530714297471,-0.23489724716279864,0.0
13.700000000000001,28,1.0274966438234423,-0.21861733519122542,0.0
13.700000000000001,29,1.3513985805025803,-0.1919461734340201,0.0
13.700000000000001,30,-1.5295406353007013,0.17865273888073369,0.0
13.700000000000001,31,-1.2321084615596671,0.14674335774208758,0.0
13.700000000000001,32,-1.0369556015710861,0.1610774759058901,0.0
13.700000000000001,33,-0.6156556808275491,0.16115115313594686,0.0
13.700000000000001,34,-0.2839790659283676,0.2514421420819523,0.0
13.700000000000001,35,-0.07629992147187832,0.06670263561751637,0.0
13.700000000000001,36,0.3229900559197877,0.1835652511287786,0.0
13.700000000000001,37,0.6018037415747405,0.06100171547920198,0.0
13.700000000000001,38,0.8686827394598626,0.1210476851821743,0.0
13.700000000000001,39,1.2989669876341325,0.21366252967617194,0.0
13.700000000000001,40,-1.6428521999999575,0.5546085388514758,0.0
13.700000000000001,41,-1.2573990357356981,0.5609951191762047,0.0
13.700000000000001,42,-0.9401114092667227,0.5500960230816843,0.0
13.700000000000001,43,-0.5494729830011387,0.41987841560208494,0.0
13.700000000000001,44,-0.23442887778320323,0.5061830512425647,0.0
13.700000000000001,45,0.09260990381015824,0.4493357359517854,0.0
13.700000000000001,46,0.2518083056450695,0.3812352764244231,0.0
13.700000000000001,47,0.5682126640144061,0.3851125187489799,0.0
13.700000000000001,48,1.0292016874338348,0.3886133925197193,0.0
13.700000000000001,49,1.3292385455836322,0.47633127658645413,0.0
13.8,0,-1.6390708338051831,-0.8089444600135585,0.0
13.8,1,-1.1819733272471133,-0.7082517092989861,0.0
13.8,2,-1.0058619336403047,-0.7929603500630878,0.0
13.8,3,-0.6537210388801692,-0.8702540222145239,0.0
13.8,4,-0.25534431728928,-0.8050104139428667,0.0
13.8,5,0.0818320451963758,-0.8308634630945333,0.0
13.8,6,0.21015447871762571,-0.7415670864834952,0.0
13.8,7,0.575950711998195,-0.7144582800094318,0.0
13.8,8,0.8507494051008104,-0.7615220173640337,0.0
13.8,9,1.1417728436450563,-0.7244448672241982,0.0
13.8,10,-1.649093876975426,-0.4990125327852247,0.0
13.8,11,-1.3391162238990237,-0.47250303893184153,0.0
13.8,12,-0.9461922063392517,-0.4451458871642363,0.0
13.8,13,-0.6435959115709741,-0.4863984490060926,0.0
13.8,14,-0.40219002707348644,-0.4343784094511668,0.0
13.8,15,0.0764650151747461,-0.3978754102005291,0.0
13.8,16,0.2848715808753046,-0.420029938533732,0.0
13.8,17,0.6869885989959559,-0.45941625926926016,0.0
13.8,18,1.0017454679992748,-0.48603891295791074,0.0
13.8,19,1.2938649542644554,-0.5520777518906397,0.0
13.8,20,-1.5555465762255636,-0.15317665065524994,0.0
13.8,21,-1.3324884648741309,-0.19387203265053893,0.0
13.8,22,-1.0224955661898918,-0.0681730542279162,0.0
13.8,23,-0.6212761267456126,-0.2002618661959507,0.0
13.8,24,-0.29424071244235794,-0.18639636696386996,0.0
13.8,25,-0.059965119022974994,-0.20654555790833043,0.0
13.8,26,0.24311468540599038,-0.08025828297672669,0.0
13.8,27,0.5485431080545019,-0.20002028116201048,0.0
13.8,28,1.0016204613781408,-0.14109855602060864,0.0
13.8,29,1.3394964110773213,-0.15664324294470716,0.0
13.8,30,-1.4592945824410057,0.2338888774685632,0.0
13.8,31,-1.1433841074476305,0.05846484263427193,0.0
13.8,32,-0.8712764068972924,0.09440891490683351,0.0
13.8,33,-0.714199511762,0.24674914552949134,0.0
13.8,34,-0.28290409457249954,0.17577073437256754,0.0
13.8,35,-0.03450854044839405,0.14601978152575282,0.0
13.8,36,0.32774659887161467,0.12073702942944327,0.0
13.8,37,0.5308010176963719,0.06799290663424046,0.0
13.8,38,1.0013256685575471,0.16692920210866014,0.0
13.8,39,1.259489291736326,0.21764004383234412,0.0
13.8,40,-1.507381774251903,0.5493665791457365,0.0
13.8,41,-1.3069606635537447,0.4753983542893093,0.0
13.8,42,-0.8793115875072223,0.5534096096422447,0.0
13.8,43,-0.6636922478994899,0.5505605274098623,0.0
13.8,44,-0.3379184384466524,0.5184481437868973,0.0
13.8,45,-0.04226206022421824,0.5356630640999703,0.0
13.8,46,0.30398341692579106,0.43892120203048574,0.0
13.8,47,0.6735566989168528,0.5492119486982643,0.0
13.8,48,0.9896527027601599,0.4501238432909899,0.0
13.8,49,1.1814602549915862,0.3827153581285613,0.0
13.9,0,-1.5548035307528316,-0.7376805085813353,0.0
13.9,1,-1.2331107597795241,-0.6939782990627383,0.0
13.9,2,-0.854155950471333,-0.6905200269535157,0.0
13.9,3,-0.6095694074641879,-0.7970393620666087,0.0
13.9,4,-0.2881945239211871,-0.8411068313759329,0.0
13.9,5,-0.0916584961402752,-0.7074339430926219,0.0
13.9,6,0.20745632502294875,-0.7772555483371183,0.0
13.9,7,0.6284069294676118,-0.7367121122060003,0.0
13.9,8,0.8613584927364396,-0.8060189569076179,0.0
13.9,9,1.2418803391549376,-0.795073667865291,0.0
13.9,10,-1.5499019486650325,-0.5076243203612695,0.0
13.9,11,-1.2863517775391295,-0.3996342377218397,0.0
13.9,12,-0.9865858471386971,-0.4745838421590689,0.0
13.9,13,-0.512310205079525,-0.41628815527795215,0.0
13.9,14,-0.329055590685166,-0.5289358278544164,0.0
13.9,15,0.05095758735734168,-0.41119663638856985,0.0
13.9,16,0.22683914905703534,-0.5343019602060388,0.0
13.9,17,0.6709667719837413,-0.47038336172398776,0.0
13.9,18,0.8414439794322663,-0.5118892436030593,0.0
13.9,19,1.183422173725761,-0.36753369438953076,0.0
13.9,20,-1.487310170903752,-0.17053529227481745,0.0
13.9,21,-1.203954499656696,-0.0768032451438754,0.0
13.9,22,-0.9987387076662431,-0.09629197236453937,0.0
13.9,23,-0.5645487241105862,-0.07078062596680731,0.0
13.9,24,-0.34422957119408215,-0.16258875550517338,0.0
13.9,25,0.09564836744238372,-0.14327170927879973,0.0
13.9,26,0.2712942861487183,-0.08545912006480089,0.0
13.9,27,0.5529272104735392,-0.09961796880942367,0.0
13.9,28,0.9102287122024402,-0.159520793577377,0.0
13.9,29,1.2695628074731657,-0.08472440450057003,0.0
13.9,30,-1.564799008146783,0.17819886898255527,0.0
13.9,31,-1.1243940105495904,0.23103300479382408,0.0
13.9,32,-0.8762964021964231,0.12272606058065644,0.0
13.9,33,-0.5355573116261689,0.21755230958819882,0.0
13.9,34,-0.3664881998689835,0.22580730155416653,0.0
13.9,35,0.04699082522656739,0.13863057293878922,0.0
13.9,36,0.40400018956960754,0.20680956885263516,0.0
13.9,37,0.6482484641340227,0.10488313492693419,0.0
13.9,38,0.8403380410760248,0.09769714609531077,0.0
13.9,39,1.2017466649863122,0.07156705149553416,0.0
13.9,40,-1.4738612039029042,0.44233210925882727,0.0
13.9,41,-1.2468701974587402,0.48383223800010455,0.0
13.9,42,-0.9563302404798865,0.5142764506326291,0.0
13.9,43,-0.5317135320362758,0.39093600008062074,0.0
13.9,44,-0.22585423103606464,0.3745068605086012,0.0
13.9,45,0.02630939300722493,0.544993799152474,0.0
13.9,46,0.34062573766568055,0.5261147311176149,0.0
13.9,47,0.6381264456473893,0.49652340961237096,0.0
13.9,48,0.8504545743527987,0.397395501787964,0.0
13.9,49,1.2898525209453082,0.491564618981598,0.0
14.0,0,-1.4152423583539164,-0.7780754971106824,0.0
14.0,1,-1.1624541105251718,-0.7521376865258207,0.0
14.0,2,-0.9760121144616583,-0.7700286391520158,0.0
14.0,3,-0.5998143253379226,-0.7924452448794906,0.0
14.0,4,-0.374528564456642,-0.7508747438843344,0.0
14.0,5,-0.06790703827897929,-0.7050828300477205,0.0
14.0,6,0.24598122072639667,-0.6986887503737554,0.0
14.0,7,0.6741459278570205,-0.8234042082450246,0.0
14.0,8,0.8329119973910863,-0.7019244492713914,0.0
14.0,9,1.231694388960836,-0.6952571858942337,0.0
14.0,10,-1.575495672366448,-0.3823048602982201,0.0
14.0,11,-1.1700340424642175,-0.39923824311175193,0.0
14.0,12,-0.9287299998667348,-0.4354453156616076,0.0
14.0,13,-0.5602846094785686,-0.4492539846484406,0.0
14.0,14,-0.31735414638586906,-0.534813687919386,0.0
14.0,15,0.060489651434458475,-0.5386593965499789,0.0
14.0,16,0.33218301861240784,-0.4818384914061096,0.0
14.0,17,0.6011235422061842,-0.4877872513978447,0.0
14.0,18,0.9809061175253011,-0.43084956137721475,0.0
14.0,19,1.204510896491394,-0.4912670243155549,0.0
14.0,20,-1.479379651448576,-0.22132379410341801,0.0
14.0,21,-1.2217634848433039,-0.11070308666928036,0.0
14.0,22,-0.9740059136921795,-0.22372022728444999,0.0
14.0,23,-0.5284786725219325,-0.15867638262730738,0.0
14.0,24,-0.20361007984444737,-0.20164322831203066,0.0
14.0,25,0.08391987785748653,-0.1795230880451251,0.0
14.0,26,0.35499782730911367,-0.10314428424229743,0.0
14.0,27,0.6495649997073037,-0.05419713339843549,0.0
14.0,28,0.8910019777223006,-0.18941471558830908,0.0
14.0,29,1.1643181400726745,-0.09805203380416344,0.0
14.0,30,-1.467798842869732,0.24228503725796297,0.0
14.0,31,-1.1943796038344539,0.16753459350532118,0.0
14.0,32,-0.8449149613839424,0.11137591926909811,0.0
14.0,33,-0.6802270762946196,0.07086632551672806,0.0
14.0,34,-0.24406104729953207,0.23427058169319562,0.0
14.0,35,0.08838838627455733,0.2284882698522047,0.0
14.0,36,0.21219611702829516,0.10872705603402069,0.0
14.0,37,0.5662588587967299,0.12813802326324114,0.0
14.0,38,0.9160388859575749,0.08143145395848345,0.0
14.0,39,1.2105028868540355,0.0929076903351089,0.0
14.0,40,-1.5316183593549533,0.37552468413302753,0.0
14.0,41,-1.1346968964213398,0.46632683778443634,0.0
14.0,42,-0.9298289580088227,0.4961461210790731,0.0
14.0,43,-0.5959848030807381,0.37170623510979217,0.0
14.0,44,-0.36109109126733907,0.4839793397308774,0.0
14.0,45,-0.0003118878126825153,0.41978618822473884,0.0
14.0,46,0.34210933903744334,0.49958911836604775,0.0
14.0,47,0.5353933400423377,0.3820668239325945,0.0
14.0,48,0.945885039703151,0.4466122266693119,0.0
14.0,49,1.1949154349057407,0.3540543536612808,0.0
14.100000000000001,0,-1.5083546670043173,-0.7696225576197865,0.0
14.100000000000001,1,-1.2252258362836834,-0.6508723276604781,0.0
14.100000000000001,2,-0.806375176033328,-0.7543914693615547,0.0
14.100000000000001,3,-0.6449138377040703,-0.6893990679656924,0.0
14.100000000000001,4,-0.26524870062478356,-0.6569791466830318,0.0
14.100000000000001,5,0.004006630646860798,-0.8240600609338877,0.0
14.100000000000001,6,0.32610662413572045,-0.7179100786031186,0.0
14.100000000000001,7,0.5741607534091382,-0.824902763777367,0.0
14.100000000000001,8,0.9541459498936441,-0.6438746905885623,0.0
14.100000000000001,9,1.0806070223486277,-0.8020755910193278,0.0
14.100000000000001,10,-1.4553438810418673,-0.4370726658701799,0.0
14.100000000000001,11,-1.1228143656338003,-0.36774625586476595,0.0
14.100000000000001,12,-0.8836042252890896,-0.541152773330222,0.0
14.100000000000001,13,-0.5076060737015052,-0.37970430395120125,0.0
14.100000000000001,14,-0.23784599425069516,-0.3921939970893879,0.0
14.100000000000001,15,-0.03540595440699759,-0.4210442976069071,0.0
14.100000000000001,16,0.2881146994956111,-0.46623259663092076,0.0
14.100000000000001,17,0.6776728974261566,-0.47215842295330546,0.0
14.100000000000001,18,0.9151923420330415,-0.3845804088929962,0.0
14.100000000000001,19,1.227128002400126,-0.46200445376613763,0.0
14.100000000000001,20,-1.5429723911390831,-0.08663674656688367,0.0
14.100000000000001,21,-1.08067887603569,-0.1740695896140418,0.0
14.100000000000001,22,-0.9524949817141438,-0.04824804266484217,0.0
14.100000000000001,23,-0.5463423308341888,-0.23311060589950222,0.0
14.100000000000001,24,-0.19705995955993116,-0.1437651433315671,0.0
14.100000000000001,25,0.05045580254481677,-0.0866141945031523,0.0
14.100000000000001,26,0.28465489204765027,-0.11869117069392307,0.0
14.100000000000001,27,0.5476574833794792,-0.05494516236965369,0.0
14.100000000000001,28,0.9197901071026628,-0.13118182408685197,0.0
14.100000000000001,29,1.2247187823818753,-0.23319054734287886,0.0
14.100000000000001,30,-1.4975571915024615,0.17625476567071974,0.0
14.100000000000001,31,-1.1862874536252672,0.0533541057496795,0.0
14.100000000000001,32,-0.854192623893417,0.15772442668034026,0.0
14.100000000000001,33,-0.5956028614977698,0.1894613789521106,0.0
14.100000000000001,34,-0.29255451549464234,0.19227373257076977,0.0
14.100000000000001,35,-0.08365550985961422,0.18280717091716997,0.0
14.100000000000001,36,0.3704247517319103,0.20757202186603962,0.0
14.100000000000001,37,0.6025147866853212,0.15503109185304687,0.0
14.100000000000001,38,0.8754500661478607,0.23896320842204083,0.0
14.100000000000001,39,1.2627426625979625,0.1113989533053334,0.0
14.100000000000001,40,-1.531305536353508,0.4556757105333611,0.0
14.100000000000001,41,-1.1317373376125752,0.37841578215971505,0.0
14.100000000000001,42,-0.8012634027253583,0.3635400242458918,0.0
14.100000000000001,43,-0.618315751261363,0.4560244164010224,0.0
14.100000000000001,44,-0.26066350848214187,0.4910320298114059,0.0
14.100000000000001,45,0.04573821516094173,0.45412514744580534,0.0
14.100000000000001,46,0.21439381811862354,0.39263582539874353,0.0
14.100000000000001,47,0.6677114195909545,0.35891401934101563,0.0
14.100000000000001,48,0.81815410524425,0.42659989991966873,0.0
14.100000000000001,49,1.1076894242882513,0.40294362949339096,0.0
14.200000000000001,0,-1.401527968733996,-0.7945517638537444,0.0
14.200000000000001,1,-1.074174672518158,-0.7430621876966172,0.0
14.200000000000001,2,-0.8129082395562244,-0.68723752372985,0.0
14.200000000000001,3,-0.5163762948787336,-0.6973142788086754,0.0
14.200000000000001,4,-0.27642632440583004,-0.6779662796135226,0.0
14.200000000000001,5,0.02571873345462608,-0.8139120187783901,0.0
14.200000000000001,6,0.2695829269869055,-0.6513239845114563,0.0
14.200000000000001,7,0.5683740832999323,-0.6807197811618263,0.0
14.200000000000001,8,0.86627290136154,-0.7538795504307579,0.0
14.200000000000001,9,1.2523909555348463,-0.6974333477111784,0.0
14.200000000000001,10,-1.5153998388339511,-0.3659212452214613,0.0
14.200000000000001,11,-1.1754557297449817,-0.3998359755803519,0.0
14.200000000000001,12,-0.8002923724626194,-0.409596633009126,0.0
14.200000000000001,13,-0.573205827322001,-0.49661002902950474,0.0
14.200000000000001,14,-0.3197344353017608,-0.3568253436636748,0.0
14.200000000000001,15,-0.00017694980939744753,-0.4094606415187141,0.0
14.200000000000001,16,0.24992501728927885,-0.4076106303382113,0.0
14.200000000000001,17,0.48203951022195507,-0.5071407166111503,0.0
14.200000000000001,18,0.8985494595035574,-0.33878343984584647,0.0
14.200000000000001,19,1.2594375851782693,-0.48110640381996483,0.0
14.200000000000001,20,-1.4125515739778716,-0.12497216733140351,0.0
14.200000000000001,21,-1.0950678736113348,-0.07827089238236673,0.0
14.200000000000001,22,-0.871005761441838,-0.15587402196403782,0.0
14.200000000000001,23,-0.6419625719005047,-0.23543061465708137,0.0
14.200000000000001,24,-0.2908707869840691,-0.22541611683274856,0.0
14.200000000000001,25,0.04747432877764174,-0.16927076414681183,0.0
14.200000000000001,26,0.29759387843399726,-0.08275808793813363,0.0
14.200000000000001,27,0.6595773554100074,-0.2387398731333446,0.0
14.200000000000001,28,0.9669707063845759,-0.10071173787636994,0.0
14.200000000000001,29,1.0853375188538603,-0.1842896962960778,0.0
14.200000000000001,30,-1.412249403364479,0.07595379151609018,0.0
14.200000000000001,31,-1.0888794915993862,0.23934699012663765,0.0
14.200000000000001,32,-0.8939694246890783,0.17059784130898945,0.0
14.200000000000001,33,-0.5169608782433044,0.24353625442933186,0.0
14.200000000000001,34,-0.2305268046348747,0.11558828371534102,0.0
14.200000000000001,35,0.04155979306146082,0.162103775371019,0.0
14.200000000000001,36,0.2512325438120022,0.21992069764709818,0.0
14.200000000000001,37,0.5413560200603278,0.21289861668198531,0.0
14.200000000000001,38,0.8909416208804586,0.11004965630232941,0.0
14.200000000000001,39,1.1322837812040514,0.12130465593475832,0.0
14.200000000000001,40,-1.3825208596501888,0.35794012243271867,0.0
14.200000000000001,41,-1.2302394558614191,0.43063500182401215,0.0
14.200000000000001,42,-0.917605720163642,0.4134794412874079,0.0
14.200000000000001,43,-0.6414544061370547,0.4057291727648355,0.0
14.200000000000001,44,-0.24975370008662554,0.4525105719098275,0.0
14.200000000000001,45,-0.07229080280637067,0.3956214742182118,0.0
14.200000000000001,46,0.36853391348009124,0.4332408984782074,0.0
14.200000000000001,47,0.6487923569154457,0.3598291069237436,0.0
14.200000000000001,48,0.9066273693561879,0.38430281164074626,0.0
14.200000000000001,49,1.0920488032349494,0.4523816715363097,0.0
14.3,0,-1.4441525561155082,-0.7013773698169501,0.0
14.3,1,-1.0557956302668723,-0.6760080031241533,0.0
14.3,2,-0.923725734331267,-0.6847284889735439,0.0
14.3,3,-0.48608741412806167,-0.658058488060586,0.0
14.3,4,-0.38410704917416294,-0.6651499535605706,0.0
14.3,5,-0.0028880824663386484,-0.7245971325517886,0.0
14.3,6,0.20394246838731672,-0.714042811123034,0.0
14.3,7,0.5889075076753995,-0.7443774263431597,0.0
14.3,8,0.886316974735981,-0.7480876533614003,0.0
14.3,9,1.2072291520784528,-0.6794120017482116,0.0
14.3,10,-1.3271663014549748,-0.5133948459835301,0.0
14.3,11,-1.174658727446581,-0.42349596186508376,0.0
14.3,12,-0.9494114842614211,-0.4906221923302126,0.0
14.3,13,-0.5156889615787609,-0.4612008964225385,0.0
14.3,14,-0.2681560348035227,-0.4568227469367977,0.0
14.3,15,0.04881110446518144,-0.3366501285388319,0.0
14.3,16,0.3171740207830364,-0.3972356148873688,0.0
14.3,17,0.5528354835472166,-0.4199035397571643,0.0
14.3,18,0.8993230740909575,-0.49341560711792254,0.0
14.3,19,1.0876861542947982,-0.4863166418315471,0.0
14.3,20,-1.3938755026539096,-0.20345318155321498,0.0
14.3,21,-1.2018641751916106,-0.21129918119260355,0.0
14.3,22,-0.8975019562145922,-0.13825921466080832,0.0
14.3,23,-0.5713402199389899,-0.20969824591150235,0.0
14.3,24,-0.27942929224069424,-0.18534526863654832,0.0
14.3,25,0.0650424866115954,-0.08823000015532534,0.0
14.3,26,0.19853696493099093,-0.07056021001160848,0.0
14.3,27,0.5557416247866229,-0.2065427066549326,0.0
14.3,28,0.882830296789284,-0.05360505315511571,0.0
14.3,29,1.2257692391889066,-0.10777498534204488,0.0
14.3,30,-1.3372226401087584,0.15580221022205315,0.0
14.3,31,-1.170425972912637,0.19389346270406926,0.0
14.3,32,-0.8751591682153994,0.06350226787043012,0.0
14.3,33,-0.6261356339350648,0.12358572966912316,0.0
14.3,34,-0.28352268958123433,0.09943602734312082,0.0
14.3,35,0.018573805862883777,0.15896629776650328,0.0
14.3,36,0.1920581174263439,0.12427403672189247,0.0
14.3,37,0.6531471241904989,0.1934364274511227,0.0
14.3,38,0.7591243586026604,0.19891140807079546,0.0
14.3,39,1.0852330956917513,0.15161654955169296,0.0
14.3,40,-1.5079143073254582,0.4679541184497424,0.0
14.3,41,-1.193377512854309,0.5112426943899323,0.0
14.3,42,-0.9274570632807991,0.495368798079855,0.0
14.3,43,-0.5563117339574428,0.4023041279539217,0.0
14.3,44,-0.22882623628219184,0.37157869367727236,0.0
14.3,45,-0.082928875536493,0.4718797865664849,0.0
14.3,46,0.3562956061625111,0.4979786330698356,0.0
14.3,47,0.6007205542475802,0.3909870196673178,0.0
14.3,48,0.7998976589105851,0.5251458729092042,0.0
14.3,49,1.0460684405799199,0.39030696619014715,0.0
14.4,0,-1.4313512296665312,-0.7891273255987123,0.0
14.4,1,-1.2175718876125787,-0.7866585444608873,0.0
14.4,2,-0.8448131659794195,-0.7557162689835993,0.0
14.4,3,-0.6243542708196382,-0.6486021136566966,0.0
14.4,4,-0.2515360798263698,-0.7528760454165124,0.0
14.4,5,-0.008029877288093054,-0.6049296224893681,0.0
14.4,6,0.2964141088089342,-0.7179095183504169,0.0
14.4,7,0.5495367776758003,-0.6242204322193294,0.0
14.4,8,0.7738625337711359,-0.6432104575928346,0.0
14.4,9,1.038117615952298,-0.6302282887000077,0.0
14.4,10,-1.3658563071339969,-0.44052675274968095,0.0
14.4,11,-1.1333183973345433,-0.3816270472503693,0.0
14.4,12,-0.9103345448174299,-0.4584534037636617,0.0
14.4,13,-0.565114078130093,-0.5116700350490921,0.0
14.4,14,-0.20960278727295104,-0.47643581146063413,0.0
14.4,15,-0.04495778424843442,-0.38396948046977375,0.0
14.4,16,0.29125202572276254,-0.4717014979668073,0.0
14.4,17,0.46296037614673535,-0.37892968227928053,0.0
14.4,18,0.8670142284865656,-0.48797244823590097,0.0
14.4,19,1.1954890045092992,-0.41602169286954116,0.0
14.4,20,-1.3192721211460288,-0.0554810193379012,0.0
14.4,21,-1.205102440872923,-0.1902432898522712,0.0
14.4,22,-0.8928280788320561,-0.12698117900835315,0.0
14.4,23,-0.5382009985313002,-0.2122234543740067,0.0
14.4,24,-0.37933557456795813,-0.14292537892718157,0.0
14.4,25,-0.06208066447119152,-0.21637434563684083,0.0
14.4,26,0.18172062791987326,-0.15727754276109812,0.0
14.4,27,0.5588920621873865,-0.23299558890641087,0.0
14.4,28,0.9019795403912427,-0.1492028652777923,0.0
14.4,29,1.0845200402088806,-0.0702896061344023,0.0
14.4,30,-1.3550741289453947,0.06404203028796446,0.0
14.4,31,-1.1159896431584444,0.10871616092454554,0.0
14.4,32,-0.8434949547370811,0.09456485588741328,0.0
14.4,33,-0.5684135969117937,0.1601424075392826,0.0
14.4,34,-0.20580876956456087,0.18751749564926937,0.0
14.4,35,-0.004521941567671009,0.1378238551724324,0.0
14.4,36,0.2994822709904446,0.2323957874223925,0.0
14.4,37,0.5111346514145357,0.11418889432688337,0.0
14.4,38,0.7638850170200671,0.09022007552998554,0.0
14.4,39,1.1510758625126893,0.076906782188708,0.0
14.4,40,-1.3081285058326018,0.416165188349326,0.0
14.4,41,-1.1509732509517057,0.38366390774446846,0.0
14.4,42,-0.788268497583082,0.3507595697486417,0.0
14.4,43,-0.47399461854453295,0.3413038921011189,0.0
14.4,44,-0.2651221730361168,0.34394743735377303,0.0
14.4,45,-0.07478943012738337,0.4862564017685763,0.0
14.4,46,0.19406438586998162,0.3579816778397031,0.0
14.4,47,0.4977202213163182,0.48382946422998385,0.0
14.4,48,0.9073211896552751,0.36038534159329094,0.0
14.4,49,1.1778725072849965,0.498407186748005,0.0
14.5,0,-1.2947427267905889,-0.7052658700660733,0.0
14.5,1,-1.1169211510498291,-0.7076705787062092,0.0
14.5,2,-0.894460337426455,-0.744618524652488,0.0
14.5,3,-0.51109545820263,-0.7011410882038268,0.0
14.5,4,-0.20251881450575268,-0.6294794579591975,0.0
14.5,5,-0.009172862820050406,-0.6876926290116542,0.0
14.5,6,0.35635577152229714,-0.7619440426166657,0.0
14.5,7,0.6078355629630152,-0.6092967261472778,0.0
14.5,8,0.7355046904555883,-0.7717255661849701,0.0
14.5,9,1.1676472641065367,-0.701791493470198,0.0
14.5,10,-1.317150352522715,-0.3942305939586386,0.0
14.5,11,-1.1958070057507761,-0.46577210533263924,0.0
14.5,12,-0.7411306440075547,-0.3661587250486662,0.0
14.5,13,-0.5040581173437025,-0.3708405817810654,0.0
14.5,14,-0.31650463428064796,-0.41954912145657414,0.0
14.5,15,-0.06292260838589925,-0.3373489553209952,0.0
14.5,16,0.3335537070830412,-0.3737583135083856,0.0
14.5,17,0.6013091778969788,-0.4219316033639122,0.0
14.5,18,0.7318843889934266,-0.3459167887903771,0.0
14.5,19,1.1166976156361348,-0.36376077954172203,0.0
14.5,20,-1.4001921969441966,-0.18591062877347897,0.0
14.5,21,-1.1765369285678515,-0.1342011531140176,0.0
14.5,22,-0.8640016840118926,-0.1943414656100515,0.0
14.5,23,-0.5633163590969333,-0.16528562528205545,0.0
14.5,24,-0.3709293552925548,-0.15457710486663867,0.0
14.5,25,-0.09931742218258488,-0.2039836765860954,0.0
14.5,26,0.18584710127886905,-0.09024025122541388,0.0
14.5,27,0.5676847706907713,-0.0769770426131757,0.0
14.5,28,0.856095411467273,-0.23483992959011812,0.0
14.5,29,1.089534893987496,-0.20718497101039224,0.0
14.5,30,-1.3000048057143214,0.19012975814788882,0.0
14.5,31,-1.0883334302436443,0.22675358534612322,0.0
14.5,32,-0.9181052352184591,0.20543776550740653,0.0
14.5,33,-0.6087885327034273,0.1647402334087481,0.0
14.5,34,-0.33508341621472987,0.11761657609214551,0.0
14.5,35,-0.027394689361530333,0.19307051021763832,0.0
14.5,36,0.2621243016255105,0.10157018080353587,0.0
14.5,37,0.5546308377312814,0.2134788044089465,0.0
14.5,38,0.7673555896677293,0.07778457545360634,0.0
14.5,39,1.109103959695435,0.20244911657764847,0.0
14.5,40,-1.4182136324521175,0.41822206111347726,0.0
14.5,41,-1.1456457717854267,0.38711368372632005,0.0
14.5,42,-0.7624061528297277,0.42450133896938924,0.0
14.5,43,-0.5303402156850632,0.49219170878864205,0.0
14.5,44,-0.2268594893667958,0.4957111953444926,0.0
14.5,45,-0.051078919023444,0.3495981196937523,0.0
14.5,46,0.27749675733742984,0.34732290451826286,0.0
14.5,47,0.6025231482881022,0.40312176277009526,0.0
14.5,48,0.8138206959492926,0.3404178830317225,0.0
14.5,49,1.1242236964553443,0.3254020176191249,0.0
14.600000000000001,0,-1.418181893307135,-0.7738831549504017,0.0
14.600000000000001,1,-1.0809695365453393,-0.6909602554151564,0.0
14.600000000000001,2,-0.7941804217734943,-0.6563948609476525,0.0
14.600000000000001,3,-0.6361910421435805,-0.7446509480647467,0.0
14.600000000000001,4,-0.27480538456708314,-0.6069160426819927,0.0
14.600000000000001,5,0.0974886957258852,-0.6528314824375139,0.0
14.600000000000001,6,0.22612080010005567,-0.6365673302064899,0.0
14.600000000000001,7,0.506696729280735,-0.7087278048108644,0.0
14.600000000000001,8,0.8198699598879198,-0.6733979102870205,0.0
14.600000000000001,9,1.1776349565210087,-0.6902710478539232,0.0
14.600000000000001,10,-1.3483572309353125,-0.43535619945701687,0.0
14.600000000000001,11,-1.0134402485346155,-0.41124752911191914,0.0
14.600000000000001,12,-0.7224814713661867,-0.4587838089780362,0.0
14.600000000000001,13,-0.49097646698716235,-0.4069354867856397,0.0
14.600000000000001,14,-0.2211819640917949,-0.44831797163209297,0.0
14.600000000000001,15,0.057953468239614614,-0.396950500259771,0.0
14.600000000000001,16,0.23004533346841124,-0.41220308222524155,0.0
14.600000000000001,17,0.5060656867020569,-0.5000626233281342,0.0
14.600000000000001,18,0.7506736247318967,-0.43715015063941715,0.0
14.600000000000001,19,1.150509602478558,-0.47730526836613224,0.0
14.600000000000001,20,-1.281374088064666,-0.21422632300151936,0.0
14.600000000000001,21,-1.0956973286966873,-0.11728958267827268,0.0
14.600000000000001,22,-0.802684877070761,-0.2306038878429202,0.0
14.600000000000001,23,-0.623891243375293,-0.15184443112806012,0.0
14.600000000000001,24,-0.35252609545177294,-0.10532903285375078,0.0
14.600000000000001,25,0.008313230822455248,-0.0941531295044517,0.0
14.600000000000001,26,0.2558584113626524,-0.14327570465760037,0.0
14.600000000000001,27,0.4471673114837619,-0.14490125850615862,0.0
14.600000000000001,28,0.884970238928049,-0.04675369543975735,0.0
14.600000000000001,29,0.9856975270892752,-0.2224675342352634,0.0
14.600000000000001,30,-1.2987853674673515,0.20937889977267765,0.0
14.600000000000001,31,-1.0965809858233002,0.09731184099096019,0.0
14.600000000000001,32,-0.7606399996763479,0.1238523804036612,0.0
14.600000000000001,33,-0.5132338308560124,0.2241777480208182,0.0
14.600000000000001,34,-0.34137809030462773,0.2112369872655917,0.0
14.600000000000001,35,0.028182427162895485,0.11865576207962876,0.0
14.600000000000001,36,0.24734153786955004,0.16984554284351358,0.0
14.600000000000001,37,0.5544014877156228,0.21863331303161426,0.0
14.600000000000001,38,0.900823105365206,0.046941487702679155,0.0
14.600000000000001,39,1.1041269853294793,0.23486453077012087,0.0
14.600000000000001,40,-1.3411957078082484,0.4163997440289701,0.0
14.600000000000001,41,-0.9926997905304565,0.4759214520155825,0.0
14.600000000000001,42,-0.9074256472137309,0.4618632735780721,0.0
14.600000000000001,43,-0.564784193151806,0.4239811947672009,0.0
14.600000000000001,44,-0.24386456568780765,0.4258879959765377,0.0
14.600000000000001,45,-0.06172646319138251,0.341744974117634,0.0
14.600000000000001,46,0.21067055116416106,0.3495261226368066,0.0
14.600000000000001,47,0.6035819766648255,0.43983031490431296,0.0
14.600000000000001,48,0.7636386024370396,0.3143290908740677,0.0
14.600000000000001,49,1.0435626527153208,0.4853560010769421,0.0
14.700000000000001,0,-1.3585109584398525,-0.5977698272637404,0.0
14.700000000000001,1,-1.0812294136033798,-0.7388781532373432,0.0
14.700000000000001,2,-0.7785432703672633,-0.6811594257716265,0.0
14.700000000000001,3,-0.5373890933596838,-0.6216871733507796,0.0
14.700000000000001,4,-0.30244977790576094,-0.744039757659298,0.0
14.700000000000001,5,-0.020327589486273598,-0.5665305354593955,0.0
14.700000000000001,6,0.2581007661161959,-0.5856771079439803,0.0
14.700000000000001,7,0.5960026599135128,-0.7183582376859303,0.0
14.700000000000001,8,0.7316944703741504,-0.620608126363859,0.0
14.700000000000001,9,0.9939155397856311,-0.5797774821293142,0.0
14.700000000000001,10,-1.3843536630739852,-0.4076591716044138,0.0
14.700000000000001,11,-1.1226780708068924,-0.3752401589386166,0.0
14.700000000000001,12,-0.8033391943112084,-0.4663148232283218,0.0
14.700000000000001,13,-0.5245169387460737,-0.4350053911157325,0.0
14.700000000000001,14,-0.21065702739536113,-0.3795539687889852,0.0
14.700000000000001,15,-0.03186813775642264,-0.42777941604387276,0.0
14.700000000000001,16,0.18453198988117545,-0.4022150038060123,0.0
14.700000000000001,17,0.43106945718452705,-0.3714754300938273,0.0
14.700000000000001,18,0.7627248454584153,-0.300492496123324,0.0
14.700000000000001,19,1.0563237111628403,-0.3662336983125054,0.0
14.700000000000001,20,-1.420374506221139,-0.19081445570351002,0.0
14.700000000000001,21,-1.091834650953891,-0.06443005448172481,0.0
14.700000000000001,22,-0.7582368598876434,-0.05724644005225718,0.0
14.700000000000001,23,-0.48365944560127294,-0.16492400427545956,0.0
14.700000000000001,24,-0.24160746676171826,-0.06940145921443255,0.0
14.700000000000001,25,-0.02475511454941985,-0.19686037980086207,0.0
14.700000000000001,26,0.3498308316723533,-0.2265441335786984,0.0
14.700000000000001,27,0.5706214528026156,-0.21916636659916297,0.0
14.700000000000001,28,0.7957997446959258,-0.03454297624219391,0.0
14.700000000000001,29,1.0609363873410662,-0.22859883843016499,0.0
14.700000000000001,30,-1.4044860656177234,0.044532070201613566,0.0
14.700000000000001,31,-1.0106768541509772,0.1028911947031159,0.0
14.700000000000001,32,-0.7647691990697286,0.21135471160654332,0.0
14.700000000000001,33,-0.5097365661569191,0.16969239570651465,0.0
14.700000000000001,34,-0.2798997086791337,0.04183304554200094,0.0
14.700000000000001,35,0.0020492220206386885,0.10825990097737218,0.0
14.700000000000001,36,0.33082022786723086,0.15258898516814412,0.0
14.700000000000001,37,0.6254317125294708,0.16318535342548265,0.0
14.700000000000001,38,0.7548289128200694,0.173577735418764,0.0
14.700000000000001,39,1.1034923630686002,0.08622292262572726,0.0
14.700000000000001,40,-1.3176136018942788,0.434320699084362,0.0
14.700000000000001,41,-1.1071438402317495,0.3835609427301011,0.0
14.700000000000001,42,-0.8031248206608479,0.378365233538206,0.0
14.700000000000001,43,-0.6204704964170127,0.3572951238112234,0.0
14.700000000000001,44,-0.2873997220897301,0.3118814568478066,0.0
14.700000000000001,45,-0.09105751729877998,0.44830321887810753,0.0
14.700000000000001,46,0.2709786499813528,0.4243797742860703,0.0
14.700000000000001,47,0.45873292390151277,0.4820249232920014,0.0
14.700000000000001,48,0.8644256004055224,0.46542458413794874,0.0
14.700000000000001,49,0.9900127683634141,0.41985913030378885,0.0
14.8,0,-1.2894498988328227,-0.6746335886164384,0.0
14.8,1,-0.9642012637443588,-0.6044033334667989,0.0
14.8,2,-0.705545324224125,-0.6292324788572224,0.0
14.8,3,-0.4432866192924766,-0.7473307109970606,0.0
14.8,4,-0.2064026049549821,-0.637142421629168,0.0
14.8,5,-0.0440442546087265,-0.5611274597580415,0.0
14.8,6,0.3282273131613117,-0.6077788987334408,0.0
14.8,7,0.42071877582732853,-0.7492968766552316,0.0
14.8,8,0.7374437135487718,-0.6249244364442321,0.0
14.8,9,0.9542071150608907,-0.6784251939901527,0.0
14.8,10,-1.3065540174553667,-0.34579491314908445,0.0
14.8,11,-0.9778454849016265,-0.3033967760127578,0.0
14.8,12,-0.8782973288814755,-0.33072627445660596,0.0
14.8,13,-0.508536036070423,-0.3286035383633915,0.0
14.8,14,-0.20834185409169884,-0.3528640369477441,0.0
14.8,15,0.08577668127279792,-0.3031523745463611,0.0
14.8,16,0.21845620393039092,-0.3929223037133047,0.0
14.8,17,0.5864913736921493,-0.4871972100367975,0.0
14.8,18,0.7666871401901619,-0.330183964202726,0.0
14.8,19,1.1232789238728629,-0.46669219309604326,0.0
14.8,20,-1.3723951112172137,-0.1283201524403768,0.0
14.8,21,-1.088294687496132,-0.1622091139713866,0.0
14.8,22,-0.7132913773464844,-0.10877107136382616,0.0
14.8,23,-0.42242699619643587,-0.05412342358533459,0.0
14.8,24,-0.3033016883668699,-0.1442463788729753,0.0
14.8,25,0.04615358359361835,-0.13053219708598246,0.0
14.8,26,0.2631660820461623,-0.22538048799814536,0.0
14.8,27,0.4654740573706676,-0.19950068040224272,0.0
14.8,28,0.7664219111190239,-0.11013328352697602,0.0
14.8,29,1.002067070355057,-0.22582630424599187,0.0
14.8,30,-1.2514188991312842,0.20891964927586443,0.0
14.8,31,-0.9912682480163069,0.18161548684857962,0.0
14.8,32,-0.8388976024262248,0.11930894065036635,0.0
14.8,33,-0.5087617175583585,0.21762300621865951,0.0
14.8,34,-0.24633857413324117,0.18205818329318282,0.0
14.8,35,0.03552072737906939,0.09863791004792122,0.0
14.8,36,0.27253191656197195,0.05747072681416303,0.0
14.8,37,0.4294856947498196,0.18851269755160785,0.0
14.8,38,0.7304590796881429,0.07346393280899093,0.0
14.8,39,1.1264233102136272,0.030730395665446886,0.0
14.8,40,-1.2234860202096902,0.37159621061431036,0.0
14.8,41,-0.9427960799456947,0.4363004992525007,0.0
14.8,42,-0.7072630200722336,0.44127224642478347,0.0
14.8,43,-0.48412445051001346,0.3234084661984238,0.0
14.8,44,-0.19439087927761847,0.4816775226665487,0.0
14.8,45,0.014284445959009573,0.3754674555820533,0.0
14.8,46,0.16014774272187038,0.3928938207212187,0.0
14.8,47,0.5895043937231018,0.44698405613697345,0.0
14.8,48,0.7930403777427961,0.3855183249263503,0.0
14.8,49,1.0078919191029678,0.4491106725216255,0.0
14.9,0,-1.2835583529625167,-0.6628950791384295,0.0
14.9,1,-0.9277657084963792,-0.6759096200722982,0.0
14.9,2,-0.7441610497920642,-0.6055981494574589,0.0
14.9,3,-0.5615576503745354,-0.6551628771809108,0.0
14.9,4,-0.20583195219782635,-0.5761293981564722,0.0
14.9,5,0.037248977856738835,-0.6927284892651521,0.0
14.9,6,0.30288760707540235,-0.6320328387400209,0.0
14.9,7,0.5221096125377513,-0.6524656711557516,0.0
14.9,8,0.7059951670761526,-0.6815649613454795,0.0
14.9,9,1.0874598352811922,-0.5617344043603385,0.0
14.9,10,-1.220417610210011,-0.4443237583691093,0.0
14.9,11,-0.9217775167984068,-0.4066629194243451,0.0
14.9,12,-0.7639185032523836,-0.45406309139254686,0.0
14.9,13,-0.5813430851371473,-0.44029107006838275,0.0
14.9,14,-0.29820637415723045,-0.3122031004690189,0.0
14.9,15,0.07350414886416595,-0.30379084349128493,0.0
14.9,16,0.26203721226856225,-0.35733599447363773,0.0
14.9,17,0.4488082504529618,-0.3317475769842478,0.0
14.9,18,0.683144227498341,-0.33841720074329884,0.0
14.9,19,1.0124177147047695,-0.2957352535019385,0.0
14.9,20,-1.288644218150894,-0.1430241763209476,0.0
14.9,21,-1.0565866917590316,-0.03522589370759796,0.0
14.9,22,-0.7828614425595948,-0.07006027298806225,0.0
14.9,23,-0.5774622127485303,-0.1815331861511806,0.0
14.9,24,-0.21610484422113194,-0.11654520914486236,0.0
14.9,25,0.03630733771137659,-0.2105257369045711,0.0
14.9,26,0.2590087963552635,-0.07418152427817454,0.0
14.9,27,0.5622285000063192,-0.15276057801038895,0.0
14.9,28,0.7709709393758433,-0.14307004755284114,0.0
14.9,29,1.0395953326363552,-0.14955414274895665,0.0
14.9,30,-1.2961043579574905,0.04652563958960437,0.0
14.9,31,-1.074388489187676,0.1455057104693019,0.0
14.9,32,-0.846691001755545,0.08095843363358149,0.0
14.9,33,-0.4240062008775799,0.16658219625523552,0.0
14.9,34,-0.1965756040373123,0.06298054956766358,0.0
14.9,35,0.08674005015070971,0.10221158773186936,0.0
14.9,36,0.3455840045852767,0.2011223961712203,0.0
14.9,37,0.5606764874203513,0.035850543847682714,0.0
14.9,38,0.6873162092075763,0.10253079621172931,0.0
14.9,39,0.9914283750327632,0.06692987945308707,0.0
14.9,40,-1.3165351123873912,0.43328640530300944,0.0
14.9,41,-1.044674878667317,0.46573403601386865,0.0
14.9,42,-0.8253963298752599,0.4477275784074665,0.0
14.9,43,-0.557689411371337,0.4623007978413485,0.0
14.9,44,-0.30820908189920065,0.42596008155551235,0.0
14.9,45,-0.0727856616235606,0.3305816282509082,0.0
14.9,46,0.15569236360254685,0.31088166667135625,0.0
14.9,47,0.5581156488702632,0.4798646603849546,0.0
14.9,48,0.7663238984699356,0.2998872301957437,0.0
14.9,49,0.9382301227186158,0.32172664403087414,0.0
15.0,0,-1.20040069479685,-0.7153615875351429,0.0
15.0,1,-1.0035621269000956,-0.6878262956775827,0.0
15.0,2,-0.7438024134177038,-0.6805451253676025,0.0
15.0,3,-0.5204403491732087,-0.5355640809189637,0.0
15.0,4,-0.1655811004709215,-0.5762738815193325,0.0
15.0,5,-0.015133425375342055,-0.718749576843892,0.0
15.0,6,0.2800342899446603,-0.7157636698117251,0.0
15.0,7,0.42631296665368146,-0.6029175818890847,0.0
15.0,8,0.6862811512332103,-0.560382592867174,0.0
15.0,9,0.9100497821151979,-0.6589853090308837,0.0
15.0,10,-1.1998450237556355,-0.44047827355353353,0.0
15.0,11,-1.0211680902815814,-0.45453955650540767,0.0
15.0,12,-0.8071731455297481,-0.4624582174680512,0.0
15.0,13,-0.46118219549573397,-0.4695310174208305,0.0
15.0,14,-0.15518538359609527,-0.45844550472062395,0.0
15.0,15,-0.09400816018385089,-0.302959319272201,0.0
15.0,16,0.17278302052475936,-0.4720407978021943,0.0
15.0,17,0.5131458708725847,-0.46106315205276704,0.0
15.0,18,0.804112625795723,-0.35903473371855393,0.0
15.0,19,0.9211255093766162,-0.36381775064316135,0.0
15.0,20,-1.1702814007690896,-0.15722512506201558,0.0
15.0,21,-0.9508942768736276,-0.1129948088082497,0.0
15.0,22,-0.8256954919459505,-0.11925682143325758,0.0
15.0,23,-0.5448395620367089,-0.2103458413260731,0.0
15.0,24,-0.1818965206753779,-0.05382605585407291,0.0
15.0,25,0.05130483410407466,-0.11661481162447784,0.0
15.0,26,0.3155800887581226,-0.13350010783775018,0.0
15.0,27,0.5886396659984439,-0.034304557382645595,0.0
15.0,28,0.7342517318389638,-0.05310027902437661,0.0
15.0,29,0.981427509321867,-0.10438119062925391,0.0
15.0,30,-1.2953855605570368,0.21563022346380795,0.0
15.0,31,-1.0176299569429421,0.17119275904284587,0.0
15.0,32,-0.8259355781650711,0.1314216409228225,0.0
15.0,33,-0.4595964618540373,0.04365266176051605,0.0
15.0,34,-0.2083664793299336,0.07767128260267231,0.0
15.0,35,-0.013178089360459014,0.09635010417945597,0.0
15.0,36,0.30771333709092563,0.09910970765973921,0.0
15.0,37,0.5088165348123955,0.07359255180954344,0.0
15.0,38,0.7450842791208722,0.11567420164165801,0.0
15.0,39,1.0907493220282336,0.1154557993750875,0.0
15.0,40,-1.164710103013215,0.35809191824594994,0.0
15.0,41,-1.0249565680620973,0.3993401552351192,0.0
15.0,42,-0.7482812069804622,0.28770511538792054,0.0
15.0,43,-0.5851826656109212,0.3625383819396666,0.0
15.0,44,-0.1653357790044985,0.38738763400753123,0.0
15.0,45,-0.0962144240892898,0.45151949355738497,0.0
15.0,46,0.1519751328108074,0.39897571666094556,0.0
15.0,47,0.5370359435588088,0.3389168192947632,0.0
15.0,48,0.7656942399893546,0.38443257816355253,0.0
15.0,49,0.9239314838641246,0.29034710989888723,0.0
15.100000000000001,0,-1.3134115132048756,-0.6711845414896505,0.0
15.100000000000001,1,-1.0536221924642317,-0.6927104091241238,0.0
15.100000000000001,2,-0.7021448463150335,-0.6688996857451277,0.0
15.100000000000001,3,-0.4669852184030476,-0.6058471590019838,0.0
15.100000000000001,4,-0.3060530750764283,-0.6905472090510667,0.0
15.100000000000001,5,0.057929267017202024,-0.6821974901824273,0.0
15.100000000000001,6,0.21491822167992175,-0.5413398007223966,0.0
15.100000000000001,7,0.4863300925776464,-0.6742362633782233,0.0
15.100000000000001,8,0.8103001268620703,-0.6207203286278028,0.0
15.100000000000001,9,0.8998480196113599,-0.6289822152628993,0.0
15.100000000000001,10,-1.142386961622752,-0.3238305695249959,0.0
15.100000000000001,11,-0.911948022347931,-0.3995309472349505,0.0
15.100000000000001,12,-0.7810902665110566,-0.440254360546337,0.0
15.100000000000001,13,-0.4739824687143486,-0.33018729339903474,0.0
15.100000000000001,14,-0.26609580151144174,-0.3956764875479332,0.0
15.100000000000001,15,-0.05805307674678169,-0.46478136629453015,0.0
15.100000000000001,16,0.24678160680660766,-0.2925422498771555,0.0
15.100000000000001,17,0.4073218118076489,-0.2954766091730511,0.0
15.100000000000001,18,0.7312738228703741,-0.30280090364138973,0.0
15.100000000000001,19,0.9108726532454791,-0.2831871903187527,0.0
15.100000000000001,20,-1.3166894497753228,-0.1783463754404026,0.0
15.100000000000001,21,-0.9377458609032412,-0.21340040177137426,0.0
15.100000000000001,22,-0.7679310266267738,-0.14363132901741277,0.0
15.100000000000001,23,-0.5542065563781903,-0.12227005200251143,0.0
15.100000000000001,24,-0.19579740060703094,-0.20265447808561005,0.0
15.100000000000001,25,0.08179420861165246,-0.14907659579526933,0.0
15.100000000000001,26,0.2513729148842337,-0.07502291186939603,0.0
15.100000000000001,27,0.5367238644464193,-0.06374534800464579,0.0
15.100000000000001,28,0.6416725063459832,-0.21597223891383655,0.0
15.100000000000001,29,0.8927420003248162,-0.15325191467139132,0.0
15.100000000000001,30,-1.1489492132380574,0.140797821262437,0.0
15.100000000000001,31,-0.893521183975291,0.18886262356893216,0.0
15.100000000000001,32,-0.8019683152938208,0.04189449281583235,0.0
15.100000000000001,33,-0.5201458151316387,0.060361422339981485,0.0
15.100000000000001,34,-0.31849901037977835,0.17696314335921648,0.0
15.100000000000001,35,0.09196302672899642,0.18470994920038522,0.0
15.100000000000001,36,0.28041442724311055,0.08373746765296913,0.0
15.100000000000001,37,0.5668462061856048,0.03757827552962317,0.0
15.100000000000001,38,0.743952306662087,0.09040535286847745,0.0
15.100000000000001,39,0.880566526120228,0.13013787590240675,0.0
15.100000000000001,40,-1.1799727326959826,0.41725996188492176,0.0
15.100000000000001,41,-1.071413940184092,0.2706523355863225,0.0
15.100000000000001,42,-0.6738150700853295,0.36228952334578846,0.0
15.100000000000001,43,-0.5487298010379777,0.37963038374871827,0.0
15.100000000000001,44,-0.3057193793088169,0.4663273819246879,0.0
15.100000000000001,45,-0.09321758068762527,0.26923216177743264,0.0
15.100000000000001,46,0.1502253402429607,0.36251678760155204,0.0
15.100000000000001,47,0.48595067998966734,0.32478185804378773,0.0
15.100000000000001,48,0.6360542387283996,0.4536654352931049,0.0
15.100000000000001,49,1.03009898768788,0.4411818505945547,0.0
15.200000000000001,0,-1.1968840485288728,-0.5886447457597725,0.0
15.200000000000001,1,-0.9465149068024239,-0.5647757840361423,0.0
15.200000000000001,2,-0.7503913385733839,-0.5845101637799228,0.0
15.200000000000001,3,-0.4320427770627453,-0.6899576819110607,0.0
15.200000000000001,4,-0.20347798697873493,-0.6267073752955021,0.0
15.200000000000001,5,-0.07144534393972511,-0.6554154084674985,0.0
15.200000000000001,6,0.24643747394276824,-0.5704870216507716,0.0
15.200000000000001,7,0.46114710582560864,-0.5238438001952919,0.0
15.200000000000001,8,0.6761261638491293,-0.6062479837071024,0.0
15.200000000000001,9,0.9119013131263615,-0.6204470807112389,0.0
15.200000000000001,10,-1.2139983748114498,-0.4145928154802043,0.0
15.200000000000001,11,-1.0109484220098979,-0.2911865180552618,0.0
15.200000000000001,12,-0.6800151307465859,-0.338045520660996,0.0
15.200000000000001,13,-0.4285276497085421,-0.3819721444223776,0.0
15.200000000000001,14,-0.19102218933641318,-0.3640134876244129,0.0
15.200000000000001,15,-0.002048004907238818,-0.3528495833473636,0.0
15.200000000000001,16,0.33630118617168536,-0.4143120833694179,0.0
15.200000000000001,17,0.49548027725623023,-0.32786096924450847,0.0
15.200000000000001,18,0.6656254338748213,-0.34148195906243384,0.0
15.200000000000001,19,1.0566065246264054,-0.36397254887087804,0.0
15.200000000000001,20,-1.177183436804161,-0.12938348774348332,0.0
15.200000000000001,21,-0.9020355255831561,-0.13582758375702259,0.0
15.200000000000001,22,-0.6988026119543325,-0.11480473718197744,0.0
15.200000000000001,23,-0.4927378249770568,-0.09981778025886043,0.0
15.200000000000001,24,-0.2683856600575196,-0.2090398565337898,0.0
15.200000000000001,25,0.01539072335966582,-0.12157326253984954,0.0
15.200000000000001,26,0.2976901537284147,-0.17000787976868895,0.0
15.200000000000001,27,0.577529843115659,-0.12751236533321747,0.0
15.200000000000001,28,0.6908572275350807,-0.044101733821145406,0.0
15.200000000000001,29,1.0473931711091877,-0.12619904895183137,0.0
15.200000000000001,30,-1.2572167772635112,0.11334690116464965,0.0
15.200000000000001,31,-0.9105336351460647,0.07404986934213113,0.0
15.200000000000001,32,-0.7880692759044908,0.04805452281701718,0.0
15.200000000000001,33,-0.4119916322317323,0.11706129675416088,0.0
15.200000000000001,34,-0.22736602167888817,0.08003313385887012,0.0
15.200000000000001,35,-0.07948334094793866,0.18426717329644668,0.0
15.200000000000001,36,0.1943271275065817,0.0754340388177602,0.0
15.200000000000001,37,0.4639172216020744,0.14305288066703803,0.0
15.200000000000001,38,0.6392701557390011,0.12913238478692032,0.0
15.200000000000001,39,1.0563349111449827,0.13500016937772863,0.0
15.200000000000001,40,-1.1390076816847154,0.26415316171633685,0.0
15.200000000000001,41,-0.9466287414827788,0.26606715518380214,0.0
15.200000000000001,42,-0.6787088199247526,0.2917867050310271,0.0
15.200000000000001,43,-0.5479497498722985,0.3102655485729908,0.0
15.200000000000001,44,-0.316935425456841,0.36052414920702364,0.0
15.200000000000001,45,-0.01912803077920741,0.36119079208274363,0.0
15.200000000000001,46,0.28377561075920876,0.2702154403659079,0.0
15.200000000000001,47,0.4083044244689844,0.3803549336490407,0.0
15.200000000000001,48,0.6591412526256466,0.40137183413310246,0.0
15.200000000000001,49,0.9465300241768944,0.27894713392243065,0.0
15.3,0,-1.1124534197580882,-0.6604916902682962,0.0
15.3,1,-0.9007570707581638,-0.6450765453191124,0.0
15.3,2,-0.7311296436153524,-0.6243472712474093,0.0
15.3,3,-0.5591914379003768,-0.5095897547620046,0.0
15.3,4,-0.28398082738812114,-0.5997541753224044,0.0
15.3,5,-0.024127787211882357,-0.6281318207775533,0.0
15.3,6,0.28272924620097784,-0.6723394144567065,0.0
15.3,7,0.5572102110369292,-0.6012540515441127,0.0
15.3,8,0.7025816076376846,-0.48833873750025475,0.0
15.3,9,1.0368663124494626,-0.6191400044623172,0.0
15.3,10,-1.210420101679027,-0.3181159085166716,0.0
15.3,11,-0.9721255761819175,-0.27438833140931485,0.0
15.3,12,-0.7549996360254162,-0.3038724622429881,0.0
15.3,13,-0.5620136852611481,-0.2979938856981741,0.0
15.3,14,-0.30639416023792293,-0.4227533883358535,0.0
15.3,15,-0.0321689897788555,-0.3136549586837923,0.0
15.3,16,0.24801903777413312,-0.3891398407078314,0.0
15.3,17,0.46897975652959323,-0.31865209819116713,0.0
15.3,18,0.6113688136380924,-0.31393501561115833,0.0
15.3,19,0.8714775492025982,-0.30184411243654724,0.0
15.3,20,-1.1954378887370787,-0.125178570745417,0.0
15.3,21,-0.9194109469596524,-0.1799403508857909,0.0
15.3,22,-0.7204723114383523,-0.11162991466246494,0.0
15.3,23,-0.5404175561020723,-0.15198311942326886,0.0
15.3,24,-0.27266766422261735,-0.1522080816150617,0.0
15.3,25,0.053269612650279824,-0.21473451234929858,0.0
15.3,26,0.21862642672639362,-0.21067341245377044,0.0
15.3,27,0.4663167633018718,-0.0645125228055426,0.0
15.3,28,0.7771227523080884,-0.10983755735173945,0.0
15.3,29,0.892665370098638,-0.167283614277088,0.0
15.3,30,-1.1461411738117955,0.16340125914444775,0.0
15.3,31,-1.0101385722195642,0.026091257368168405,0.0
15.3,32,-0.7780306443405252,0.11357021621892,0.0
15.3,33,-0.48214319723563204,0.15542094224644987,0.0
15.3,34,-0.2763198500502063,0.02163904480554496,0.0
15.3,35,0.051639386366224255,0.17185588906796104,0.0
15.3,36,0.20522294534361285,0.017875460990278647,0.0
15.3,37,0.4802028112277011,0.14698529937146107,0.0
15.3,38,0.7610514517718963,0.16579005109335299,0.0
15.3,39,0.9394056030109613,0.08685873035996426,0.0
15.3,40,-1.2477424246539879,0.44095547665282253,0.0
15.3,41,-0.9989818630155092,0.3844619996428047,0.0
15.3,42,-0.6546046763906733,0.2709091000512029,0.0
15.3,43,-0.4245687024870696,0.3704897133575641,0.0
15.3,44,-0.29431737932826163,0.2990375026715381,0.0
15.3,45,0.09151194164324264,0.3436604323972816,0.0
15.3,46,0.23842359994981166,0.33690204694246173,0.0
15.3,47,0.5215924992695639,0.42610255368419303,0.0
15.3,48,0.7551483111101024,0.40840581831384215,0.0
15.3,49,0.862850741214489,0.34839705396043447,0.0
15.4,0,-1.1961728169475636,-0.5626957417863405,0.0
15.4,1,-1.004065506923417,-0.5041437625657558,0.0
15.4,2,-0.6405451336497869,-0.6198402344183489,0.0
15.4,3,-0.36109251100952344,-0.5459726799448157,0.0
15.4,4,-0.2965951581897363,-0.523204384992928,0.0
15.4,5,0.09105884745861453,-0.6295723158071995,0.0
15.4,6,0.13954902321984103,-0.5062917070302962,0.0
15.4,7,0.5176392983624859,-0.5551840329300427,0.0
15.4,8,0.682075379124074,-0.5404387209881021,0.0
15.4,9,0.8587856367520957,-0.6295761192094618,0.0
15.4,10,-1.1363914395094774,-0.2506532062013568,0.0
15.4,11,-0.971374934790834,-0.33143699841516006,0.0
15.4,12,-0.7037717383001026,-0.41993372956858305,0.0
15.4,13,-0.5514628790200561,-0.3847296061353723,0.0
15.4,14,-0.26765479680908766,-0.38637506606904404,0.0
15.4,15,-0.044309214513944165,-0.3563937467194144,0.0
15.4,16,0.1562431494711617,-0.43519997093873386,0.0
15.4,17,0.5031340730428715,-0.3451218405790894,0.0
15.4,18,0.6138610340397553,-0.39226489057458513,0.0
15.4,19,0.8414614855820968,-0.38798744741280716,0.0
15.4,20,-1.0847062210820244,-0.13543222747946246,0.0
15.4,21,-0.8495823986916872,-0.06137959940078214,0.0
15.4,22,-0.7274886668295956,-0.19003212793836757,0.0
15.4,23,-0.4976121931879488,-0.1804327706508763,0.0
15.4,24,-0.14149441827964382,-0.13001150956321167,0.0
15.4,25,0.04647384678510941,-0.09265135671096322,0.0
15.4,26,0.13793021996405314,-0.07758867359671084,0.0
15.4,27,0.3694792428618972,-0.058461948869118846,0.0
15.4,28,0.7718684574840358,-0.121212420570266,0.0
15.4,29,0.9170099990893378,-0.09777486194186162,0.0
15.4,30,-1.114497083812136,0.08774731185439974,0.0
15.4,31,-0.8420040639132461,0.16341326924077845,0.0
15.4,32,-0.5920302028700654,0.10243760129389419,0.0
15.4,33,-0.49017060214774355,0.16253972018727797,0.0
15.4,34,-0.175413970055795,0.14468587302244357,0.0
15.4,35,-0.04484097825856468,0.04143712383922582,0.0
15.4,36,0.21362804585314485,0.02314256642573284,0.0
15.4,37,0.4100895718681096,0.023032409523067218,0.0
15.4,38,0.6650620031872302,0.13508231944748494,0.0
15.4,39,0.8852206240355424,0.11760655778062738,0.0
15.4,40,-1.139068827999454,0.4344624336877409,0.0
15.4,41,-0.8363097961638325,0.33074488504560584,0.0
15.4,42,-0.6746885136528136,0.25252350072255125,0.0
15.4,43,-0.3935684180563903,0.4023587740418517,0.0
15.4,44,-0.16886747895883353,0.287313082540241,0.0
15.4,45,-0.03711676028031814,0.29726049573344676,0.0
15.4,46,0.16020071104195838,0.37892237186059174,0.0
15.4,47,0.4390345742311824,0.3198614083946148,0.0
15.4,48,0.685549267066332,0.25341184756375784,0.0
15.4,49,0.8890220120468308,0.3253748690677857,0.0
15.5,0,-1.140842515066879,-0.5952082190360192,0.0
15.5,1,-0.9716862814933082,-0.5074070943459967,0.0
15.5,2,-0.7506581291627838,-0.6457641419868816,0.0
15.5,3,-0.5225452866649636,-0.6461852158943017,0.0
15.5,4,-0.15957291589884476,-0.47746712828065785,0.0
15.5,5,0.09009081840190361,-0.5082179174044111,0.0
15.5,6,0.22430187030841128,-0.5816467132662827,0.0
15.5,7,0.45826820247281885,-0.6603551505800234,0.0
15.5,8,0.6080809158456163,-0.515643811192082,0.0
15.5,9,0.8813000363338463,-0.498452030480949,0.0
15.5,10,-1.2081270633884662,-0.33114983060683995,0.0
15.5,11,-0.9437895366546836,-0.24145243105816508,0.0
15.5,12,-0.6043806611649057,-0.2579784753611558,0.0
15.5,13,-0.4502603088016772,-0.43534281157948085,0.0
15.5,14,-0.21061757921862578,-0.38579842276254317,0.0
15.5,15,-0.048862082396128215,-0.2929985110860073,0.0
15.5,16,0.2918537253672401,-0.397405066999991,0.0
15.5,17,0.4445279231349246,-0.28322151784443483,0.0
15.5,18,0.6784948566203508,-0.3223979377114553,0.0
15.5,19,0.8067550978927653,-0.2949669819006361,0.0
15.5,20,-1.1895709014451774,-0.081574846376399,0.0
15.5,21,-0.8916309528124328,-0.09110712556629873,0.0
15.5,22,-0.7099519326322683,-0.2098000631694803,0.0
15.5,23,-0.44513850226884116,-0.11910695202417067,0.0
15.5,24,-0.28339831252005654,-0.1664844626749299,0.0
15.5,25,0.0364027241422768,-0.12687679261947332,0.0
15.5,26,0.3178023587010955,-0.09083356162933089,0.0
15.5,27,0.36481916040358997,-0.1269473130099861,0.0
15.5,28,0.7538378184356334,-0.08789363146496297,0.0
15.5,29,0.9642449687718151,-0.06370090359981898,0.0
15.5,30,-1.0484283764987068,0.09961230911681776,0.0
15.5,31,-0.9598923096945767,0.16239931290186305,0.0
15.5,32,-0.6770016608095646,0.11125751094326343,0.0
15.5,33,-0.41476760096568543,0.017211133698979003,0.0
15.5,34,-0.1304912178509876,0.18768916419505213,0.0
15.5,35,0.08848307997391308,0.13470523109162885,0.0
15.5,36,0.3186910937078339,0.031439247638331946,0.0
15.5,37,0.5384328057754505,0.10339119515361593,0.0
15.5,38,0.742956483730766,0.085694980866747,0.0
15.5,39,0.8691193304787473,0.039032790631783956,0.0
15.5,40,-1.1771347438373292,0.298165859750377,0.0
15.5,41,-0.808288635479957,0.2585148128394462,0.0
15.5,42,-0.6534772665371547,0.24865372580443734,0.0
15.5,43,-0.372234191009305,0.3790899204961563,0.0
15.5,44,-0.23216007536781208,0.39616267888675727,0.0
15.5,45,-0.03674093409157153,0.2529484560940823,0.0
15.5,46,0.21503549675116887,0.4250257232661495,0.0
15.5,47,0.48641099949882394,0.26192899791473184,0.0
15.5,48,0.7188258158925024,0.2618468101875599,0.0
15.5,49,0.9519480105922985,0.2593851436512309,0.0
15.600000000000001,0,-1.1672017495270073,-0.46287636157495216,0.0
15.600000000000001,1,-0.8668042027822197,-0.5815644086574064,0.0
15.600000000000001,2,-0.7398660294359523,-0.4632584309334649,0.0
15.600000000000001,3,-0.47397397188455653,-0.456039495750314,0.0
15.600000000000001,4,-0.2787376876430586,-0.5064445759332079,0.0
15.600000000000001,5,-0.06543603419618105,-0.5594821546384752,0.0
15.600000000000001,6,0.24175682146099878,-0.5167144657714127,0.0
15.600000000000001,7,0.43019607593066417,-0.5256791710766138,0.0
15.600000000000001,8,0.6592422573206165,-0.5696396565603062,0.0
15.600000000000001,9,0.9729469486386472,-0.5384208907174904,0.0
15.600000000000001,10,-1.008496398202581,-0.2850041725326816,0.0
15.600000000000001,11,-0.9530886613295294,-0.2739264018311628,0.0
15.600000000000001,12,-0.6746732461999317,-0.32886489425531973,0.0
15.600000000000001,13,-0.43619630740901627,-0.3549721412911631,0.0
15.600000000000001,14,-0.16710043357275656,-0.369519675807743,0.0
15.600000000000001,15,0.03157549589865055,-0.40290579453846326,0.0
15.600000000000001,16,0.22129722081697137,-0.23103201636760498,0.0
15.600000000000001,17,0.3747344588502747,-0.38729233651627515,0.0
15.600000000000001,18,0.5885459246830939,-0.26350545798145963,0.0
15.600000000000001,19,0.8541603594119554,-0.31022881032569116,0.0
15.600000000000001,20,-1.126245577465652,-0.02550005187608642,0.0
15.600000000000001,21,-0.8096236521107629,-0.17087667571614,0.0
15.600000000000001,22,-0.7515788265258159,-0.052574164153924324,0.0
15.600000000000001,23,-0.4336322011712409,-0.07993572003183447,0.0
15.600000000000001,24,-0.1490576144747956,-0.0543727854743532,0.0
15.600000000000001,25,0.03744611395619413,-0.09411763746823398,0.0
15.600000000000001,26,0.14556338419534975,-0.0881896910858917,0.0
15.600000000000001,27,0.39990715929258747,-0.1665706546103861,0.0
15.600000000000001,28,0.6416752711510985,-0.043489170063494426,0.0
15.600000000000001,29,0.9326600616971982,-0.17908748989553092,0.0
15.600000000000001,30,-1.1430610236447813,0.09065212556484939,0.0
15.600000000000001,31,-0.8302144140340995,0.09908627171509306,0.0
15.600000000000001,32,-0.6612697976312902,0.02233319349486089,0.0
15.600000000000001,33,-0.5222060426395305,0.16743447852849255,0.0
15.600000000000001,34,-0.17834477374722485,0.11280629437601424,0.0
15.600000000000001,35,-0.07309847109527767,0.013171976080598391,0.0
15.600000000000001,36,0.20257052511030546,0.09632468749740444,0.0
15.600000000000001,37,0.3506011901397902,0.130953436811791,0.0
15.600000000000001,38,0.6582013945768039,0.14970196703629204,0.0
15.600000000000001,39,0.9317278018281694,0.17264278289637952,0.0
15.600000000000001,40,-1.1658949206339195,0.3068567480394158,0.0
15.600000000000001,41,-0.9587367466448139,0.4286531648750135,0.0
15.600000000000001,42,-0.731638017237252,0.2962464667523152,0.0
15.600000000000001,43,-0.46965549030305986,0.24129362868574816,0.0
15.600000000000001,44,-0.16488181688497996,0.3913806934446096,0.0
15.600000000000001,45,-0.06341513470230783,0.30128388027832304,0.0
15.600000000000001,46,0.1562459074484271,0.38679681340142025,0.0
15.600000000000001,47,0.41106285646725005,0.38388010309607623,0.0
15.600000000000001,48,0.704377100240968,0.3943253571122518,0.0
15.600000000000001,49,0.8623808054447678,0.31966114772504295,0.0
15.700000000000001,0,-1.116522290598783,-0.5995781017352122,0.0
15.700000000000001,1,-0.778568347175957,-0.6234996310480289,0.0
15.700000000000001,2,-0.6958742220068096,-0.5582795306574048,0.0
15.700000000000001,3,-0.36983318124893627,-0.6254277968389,0.0
15.700000000000001,4,-0.21398660068398276,-0.5642823181465301,0.0
15.700000000000001,5,0.006061442265295439,-0.6085799947126671,0.0
15.700000000000001,6,0.20870687791648826,-0.5218359465951217,0.0
15.700000000000001,7,0.4095051718693099,-0.48001665603487764,0.0
15.700000000000001,8,0.6802472547874154,-0.46585769308236025,0.0
15.700000000000001,9,0.9552880984752304,-0.49085115476134683,0.0
15.700000000000001,10,-1.1361519626006755,-0.3989819473963139,0.0
15.700000000000001,11,-0.9112720972612467,-0.24055892668992826,0.0
15.700000000000001,12,-0.5598543417072255,-0.2680260869053049,0.0
15.700000000000001,13,-0.39249403676449857,-0.3923363122273674,0.0
15.700000000000001,14,-0.1907571292607622,-0.3678162969826568,0.0
15.700000000000001,15,-0.06951244459071293,-0.40200022385972983,0.0
15.700000000000001,16,0.18823789409362712,-0.357623332597643,0.0
15.700000000000001,17,0.4301879977569078,-0.37726793908858974,0.0
15.700000000000001,18,0.6704261676352218,-0.3893103392873489,0.0
15.700000000000001,19,0.8560487567557419,-0.2864311432185056,0.0
15.700000000000001,20,-1.0825131310643978,-0.05482393445914818,0.0
15.700000000000001,21,-0.8509297177782176,-0.16610336911091506,0.0
15.700000000000001,22,-0.6058859943854684,-0.03387453241717822,0.0
15.700000000000001,23,-0.3398740451408948,-0.09053801951658097,0.0
15.700000000000001,24,-0.28539334408791456,-0.1961696860489481,0.0
15.700000000000001,25,0.06452780176008821,-0.04893359087993224,0.0
15.700000000000001,26,0.2735792583587532,-0.06006934777328721,0.0
15.700000000000001,27,0.4445663582874899,-0.08855580909105182,0.0
15.700000000000001,28,0.6868456939323317,-0.19606276479981263,0.0
15.700000000000001,29,0.8693377799516718,-0.06288563517674234,0.0
15.700000000000001,30,-1.0221700909716445,0.18715778688105936,0.0
15.700000000000001,31,-0.7767362981886523,0.021549046284080345,0.0
15.700000000000001,32,-0.6381657548159343,0.09174754568322531,0.0
15.700000000000001,33,-0.4284722281454727,0.07973042237907597,0.0
15.700000000000001,34,-0.28764988260812974,0.12649334552565644,0.0
15.700000000000001,35,-0.08124554881581776,0.13224714245577562,0.0
15.700000000000001,36,0.2552990481367821,0.15118160871408046,0.0
15.700000000000001,37,0.44507090613488404,0.18662887599926345,0.0
15.700000000000001,38,0.6319713587471343,0.19750011488864924,0.0
15.700000000000001,39,0.7735228065566749,0.03591820408510703,0.0
15.700000000000001,40,-0.9927036188702391,0.4222108920000872,0.0
15.700000000000001,41,-0.8271787567468043,0.2867391888141604,0.0
15.700000000000001,42,-0.6692048426959629,0.2564522713844721,0.0
15.700000000000001,43,-0.43877936891355346,0.2334481424768433,0.0
15.700000000000001,44,-0.25097441046786334,0.2235330383591529,0.0
15.700000000000001,45,0.07267991124376211,0.34243805497313734,0.0
15.700000000000001,46,0.15706272562970786,0.33178242604498204,0.0
15.700000000000001,47,0.40560983823763236,0.38732490485170423,0.0
15.700000000000001,48,0.7136469793523176,0.22926918940373636,0.0
15.700000000000001,49,0.9371973783547327,0.38476094116678716,0.0
15.8,0,-1.0376422841133168,-0.6129420291091251,0.0
15.8,1,-0.8312086637841954,-0.6082993420397795,0.0
15.8,2,-0.6105542437813812,-0.5755971295405213,0.0
15.8,3,-0.4339359415142069,-0.5501872573668221,0.0
15.8,4,-0.2939774288201286,-0.5528034520322062,0.0
15.8,5,-0.003978379618178304,-0.44530771222049614,0.0
15.8,6,0.2229174945180967,-0.46989260880772066,0.0
15.8,7,0.4037383996302274,-0.4405208256892792,0.0
15.8,8,0.5553516605815658,-0.5527436253945861,0.0
15.8,9,0.8700196022668415,-0.4967822310466675,0.0
15.8,10,-1.1052728441181525,-0.34618344721244276,0.0
15.8,11,-0.7705600987640123,-0.409220245786432,0.0
15.8,12,-0.6499506201965182,-0.3698759399285198,0.0
15.8,13,-0.337097824500189,-0.3652301273987025,0.0
15.8,14,-0.30215395338867035,-0.31987703891793895,0.0
15.8,15,-0.04378341517288471,-0.24024049517237814,0.0
15.8,16,0.17145304293737218,-0.35774332510735257,0.0
15.8,17,0.5149767806080884,-0.35608488359629864,0.0
15.8,18,0.6327902190390725,-0.4115228707872465,0.0
15.8,19,0.8914104733988132,-0.3276458804887199,0.0
15.8,20,-0.9628541484435162,-0.05385387924435228,0.0
15.8,21,-0.92889650046993,-0.07131896380711322,0.0
15.8,22,-0.5890496901169573,-0.11700736047608111,0.0
15.8,23,-0.3983247981159564,-0.16946050212116281,0.0
15.8,24,-0.11596730952974724,-0.14766944797236073,0.0
15.8,25,0.02723385641403739,-0.15508071520937033,0.0
15.8,26,0.24080146567985722,-0.0789104623645073,0.0
15.8,27,0.5149890583674266,-0.20196743542183962,0.0
15.8,28,0.584443075768748,-0.08639551573834292,0.0
15.8,29,0.8369869966851463,-0.14873533630750974,0.0
15.8,30,-1.0731680546295743,0.07835381818785281,0.0
15.8,31,-0.8379710083974621,0.075962790171815,0.0
15.8,32,-0.6328343141831319,0.07590723993189812,0.0
15.8,33,-0.5054146481042514,0.19916997270208975,0.0
15.8,34,-0.1884929060269212,0.09812137406950783,0.0
15.8,35,0.07080172560740089,0.06663968355786434,0.0
15.8,36,0.22925229342805425,0.06095454823020867,0.0
15.8,37,0.49253769357266514,0.1919319714698635,0.0
15.8,38,0.70735442580898,0.042539936389502216,0.0
15.8,39,0.8007916172340372,0.12721423761610678,0.0
15.8,40,-1.1220241248457228,0.32199581665687776,0.0
15.8,41,-0.7892181977486891,0.38251229741413123,0.0
15.8,42,-0.7231378025054854,0.3009430248580952,0.0
15.8,43,-0.4457548089497124,0.3294985227534699,0.0
15.8,44,-0.11659236179245067,0.39632198398859747,0.0
15.8,45,0.0049626572638237915,0.39215729211061945,0.0
15.8,46,0.15523280101608605,0.2902284625905176,0.0
15.8,47,0.4305933214604074,0.37440844790240685,0.0
15.8,48,0.6538508158670608,0.24116869127883322,0.0
15.8,49,0.8807698053089787,0.3961715594400774,0.0
15.9,0,-0.9611155420584496,-0.49757847566420393,0.0
15.9,1,-0.8995327979823808,-0.4385880578923528,0.0
15.9,2,-0.595627043241408,-0.43413022000197843,0.0
15.9,3,-0.4177790909846154,-0.48956763240105083,0.0
15.9,4,-0.21263760797009063,-0.5552472744928041,0.0
15.9,5,0.05162340315936925,-0.5630339334523246,0.0
15.9,6,0.28470168045336786,-0.5997750450597832,0.0
15.9,7,0.3173851698088819,-0.5520270012198416,0.0
15.9,8,0.5730691776388772,-0.5256735259461512,0.0
15.9,9,0.7227699307508333,-0.4428143439691886,0.0
15.9,10,-1.0602944585293097,-0.28944710657091,0.0
15.9,11,-0.7853205112608095,-0.3876473199234548,0.0
15.9,12,-0.6770063298332964,-0.25103217049936555,0.0
15.9,13,-0.43415098805140473,-0.2722517004756668,0.0
15.9,14,-0.10764313723938343,-0.274721160235916,0.0
15.9,15,-0.03451819460025196,-0.32300548757055825,0.0
15.9,16,0.13755478701452745,-0.39174564551399227,0.0
15.9,17,0.3551987778812587,-0.40516208263659453,0.0
15.9,18,0.6218332966742375,-0.30586742745705797,0.0
15.9,19,0.789946417801521,-0.2635750842433173,0.0
15.9,20,-1.017833679937044,-0.1496938790554914,0.0
15.9,21,-0.7284572701041889,-0.12154208049360152,0.0
15.9,22,-0.5600541716919492,-0.18230533309248315,0.0
15.9,23,-0.34044402343806074,-0.04232661012239167,0.0
15.9,24,-0.19806614781199414,-0.09403604379767277,0.0
15.9,25,0.0009651238932349704,-0.14133413677606665,0.0
15.9,26,0.17852955193306239,-0.039603061718946564,0.0
15.9,27,0.4195627626225742,-0.039523281394848786,0.0
15.9,28,0.5547383275099141,-0.07304773933108097,0.0
15.9,29,0.8616683647403576,-0.07160844216109807,0.0
15.9,30,-0.986463578001578,0.016607533665046068,0.0
15.9,31,-0.9197312255869706,0.13087321841598742,0.0
15.9,32,-0.6755898327570776,0.10818937085059271,0.0
15.9,33,-0.49505377931654715,0.0990083876001388,0.0
15.9,34,-0.2535939670133805,0.17084594434501002,0.0
15.9,35,-0.055851948694019465,0.19054069671942245,0.0
15.9,36,0.2928286211534811,0.03175901184138577,0.0
15.9,37,0.4928552988922107,0.13455679437717172,0.0
15.9,38,0.5806005914474546,0.06627717287239344,0.0
15.9,39,0.7711757576986251,0.011845129557220904,0.0
15.9,40,-0.9355408034430637,0.3644110431474054,0.0
15.9,41,-0.7550219575933373,0.21894646278654897,0.0
15.9,42,-0.5551412732680999,0.2217390721522569,0.0
15.9,43,-0.4056012506670184,0.21558623023747553,0.0
15.9,44,-0.1709445579222189,0.25379372397210986,0.0
15.9,45,0.010930937020684775,0.37609938999996884,0.0
15.9,46,0.1867280212457399,0.3130428382965146,0.0
15.9,47,0.3974930739491399,0.4032621990044345,0.0
15.9,48,0.5812600845853363,0.3474371969783992,0.0
15.9,49,0.7943942216294019,0.318481301920416,0.0
16.0,0,-1.0372159011523838,-0.5821356883817648,0.0
16.0,1,-0.788200542529372,-0.41792953509806363,0.0
16.0,2,-0.6971645433775017,-0.5788688179215148,0.0
16.0,3,-0.47396006166079746,-0.5780664302914733,0.0
16.0,4,-0.2015559634405179,-0.543600986253972,0.0
16.0,5,0.03500731760819287,-0.4325283971545559,0.0
16.0,6,0.23545636817518617,-0.5680210138617088,0.0
16.0,7,0.4700097054959932,-0.4229706689440499,0.0
16.0,8,0.5597235592096141,-0.5049756887079235,0.0
16.0,9,0.7893201282322674,-0.5232425482597595,0.0
16.0,10,-0.9110481768123745,-0.23878594705019973,0.0
16.0,11,-0.7462550320308303,-0.34660463494209115,0.0
16.0,12,-0.5674439466763892,-0.37925740905194866,0.0
16.0,13,-0.3558929615563413,-0.3303456985646466,0.0
16.0,14,-0.14050099263908836,-0.38096893616519567,0.0
16.0,15,0.005148142777547715,-0.2355332975736233,0.0
16.0,16,0.1261056283463332,-0.2373943627745257,0.0
16.0,17,0.4568059145778316,-0.2531360423755675,0.0
16.0,18,0.5967279042959602,-0.3479831949237859,0.0
16.0,19,0.7567045697900648,-0.3623088208433317,0.0
16.0,20,-0.9993382386221032,-0.02290405841131221,0.0
16.0,21,-0.8966733714642672,-0.1704502084436323,0.0
16.0,22,-0.6797513721939186,-0.04237638999298751,0.0
16.0,23,-0.4716138078542206,-0.1274528513195709,0.0
16.0,24,-0.29325416650594566,-0.16444044198665314,0.0
16.0,25,0.041699250110156544,-0.16886665874663487,0.0
16.0,26,0.10321818860764113,-0.14742891811442144,0.0
16.0,27,0.45067871678652804,-0.01892005506499625,0.0
16.0,28,0.5487576235643135,-0.007996711474812485,0.0
16.0,29,0.7923599421488969,-0.15193909369487144,0.0
16.0,30,-0.9448543447758813,0.09633882890634655,0.0
16.0,31,-0.7080341537599228,0.0694615553403715,0.0
16.0,32,-0.5618120239566416,0.009860546746342666,0.0
16.0,33,-0.3916242244095094,0.10573760936678567,0.0
16.0,34,-0.11462907367978281,0.11059906982618098,0.0
16.0,35,0.018040973260834953,0.187572175142786,0.0
16.0,36,0.2596773503546578,0.18846399668052558,0.0
16.0,37,0.4105964048489871,0.009729550641202109,0.0
16.0,38,0.6363986512734447,0.15565790719994588,0.0
16.0,39,0.7676269667605503,0.009994712986365381,0.0
16.0,40,-0.9463002130867477,0.32433569208441443,0.0
16.0,41,-0.7133856486157241,0.2783143723554821,0.0
16.0,42,-0.6128506050639709,0.239790676148327,0.0
16.0,43,-0.44439447241943103,0.3914164400627904,0.0
16.0,44,-0.23639253924427794,0.28576914120503927,0.0
16.0,45,0.004972129326727304,0.3682634243956286,0.0
16.0,46,0.1509213908235691,0.23000922571859583,0.0
16.0,47,0.3426027203050525,0.3009277212994316,0.0
16.0,48,0.6185478189166232,0.21364112706176142,0.0
16.0,49,0.8268187916354469,0.31447305139204546,0.0
16.1,0,-1.057661291033529,-0.4707627247085104,0.0
16.1,1,-0.7384090410935154,-0.5715454547810109,0.0
16.1,2,-0.6118452322795048,-0.39295283408904397,0.0
16.1,3,-0.3659229960843014,-0.4242771553617958,0.0
16.1,4,-0.16328625787228254,-0.47784582746380094,0.0
16.1,5,-0.0782247306686899,-0.5021181168588692,0.0
16.1,6,0.16223566715771015,-0.42636220483213055,0.0
16.1,7,0.41797046499827617,-0.5100894100171782,0.0
16.1,8,0.5810253230874719,-0.44299482825995135,0.0
16.1,9,0.8568863359151506,-0.4653399660256425,0.0
16.1,10,-1.0215809680567511,-0.25538471218664216,0.0
16.1,11,-0.7322583943732747,-0.2821505739319753,0.0
16.1,12,-0.6020624154178035,-0.20702247148791006,0.0
16.1,13,-0.4292995061351582,-0.2558866269245065,0.0
16.1,14,-0.10932137248877666,-0.26637583512632057,0.0
16.1,15,0.022320279253062653,-0.3037592466345227,0.0
16.1,16,0.09913358807402195,-0.27208699926687646,0.0
16.1,17,0.29556673168243935,-0.27076722342522386,0.0
16.1,18,0.4928019507200527,-0.30425365082813804,0.0
16.1,19,0.7040810462123759,-0.26785210073721116,0.0
16.1,20,-1.0059348790776252,-0.044222227191791114,0.0
16.1,21,-0.6948935503557531,-0.1350292276080016,0.0
16.1,22,-0.5191071423298955,-0.02669994366554307,0.0
16.1,23,-0.3867165327200111,-0.17926260571808794,0.0
16.1,24,-0.27401457919868555,-0.1801786847937623,0.0
16.1,25,-0.05474789290748201,-0.09116588864388263,0.0
16.1,26,0.2350124770577552,0.0014368849053545685,0.0
16.1,27,0.3303156185780417,-0.15500454995338797,0.0
16.1,28,0.6257965879229597,-0.15586263342150153,0.0
16.1,29,0.8742663285961073,-0.1339295940032574,0.0
16.1,30,-0.9874997298425031,0.18000117356537945,0.0
16.1,31,-0.7245062738366719,0.11705154092861178,0.0
16.1,32,-0.5749730842680822,0.06516920940663665,0.0
16.1,33,-0.4606811822962026,0.07007105386185977,0.0
16.1,34,-0.19964879976044486,0.06284045010735123,0.0
16.1,35,-0.0032132860613005576,0.09108925148015859,0.0
16.1,36,0.22626236406411945,0.09890916637948083,0.0
16.1,37,0.48988098278281833,0.03116156801527406,0.0
16.1,38,0.5730360798724614,0.10787115193690314,0.0
16.1,39,0.8076424117232066,0.05028936654020465,0.0
16.1,40,-0.9772898425846006,0.301771943443969,0.0
16.1,41,-0.8263683488161722,0.28709639412899823,0.0
16.1,42,-0.6544055144934751,0.26038974844796725,0.0
16.1,43,-0.4294289259181872,0.26466641935526863,0.0
16.1,44,-0.2096264283908629,0.3839096000613037,0.0
16.1,45,-0.02367075359780682,0.35981627224773405,0.0
16.1,46,0.23450340600785352,0.22622910378035083,0.0
16.1,47,0.4095484310580172,0.21616594061603778,0.0
16.1,48,0.55699312838747,0.24762337876484222,0.0
16.1,49,0.8452349963738243,0.3474982506072118,0.0
16.2,0,-0.9262427013309303,-0.5630768592890043,0.0
16.2,1,-0.8319628515416035,-0.5401816931590611,0.0
16.2,2,-0.6504805111443581,-0.506234894182401,0.0
16.2,3,-0.35205047449124127,-0.5255234994626892,0.0
16.2,4,-0.13151096041151308,-0.37622969314154864,0.0
16.2,5,-0.07428722428731199,-0.43971747010393625,0.0
16.2,6,0.23620775831808505,-0.4126083212880466,0.0
16.2,7,0.32548863803413436,-0.47377032972108435,0.0
16.2,8,0.5961931589232725,-0.4433583980717122,0.0
16.2,9,0.832069930008626,-0.3933108689353785,0.0
16.2,10,-1.014546836139328,-0.2762153380504817,0.0
16.2,11,-0.7632669757461091,-0.27859089460838304,0.0
16.2,12,-0.521900547473974,-0.2263507890602928,0.0
16.2,13,-0.34203626297274453,-0.30333864344562056,0.0
16.2,14,-0.15220582551265935,-0.3666098961961288,0.0
16.2,15,-0.04155269493076457,-0.3204830581528541,0.0
16.2,16,0.14894574177414105,-0.25130914987690217,0.0
16.2,17,0.295029429502281,-0.20088512951914422,0.0
16.2,18,0.5560725675680005,-0.3802023261227797,0.0
16.2,19,0.7631167560824931,-0.19109162717622583,0.0
16.2,20,-1.0182715222137424,-0.11385667884152975,0.0
16.2,21,-0.7148744625068402,-0.1262575547539445,0.0
16.2,22,-0.6472763693771282,-0.03177354266787638,0.0
16.2,23,-0.4650787424306631,-0.17400805391992263,0.0
16.2,24,-0.17988835312160903,-0.11497978993434624,0.0
16.2,25,0.0885183261024845,-0.08435032303783987,0.0
16.2,26,0.2885826699806987,-0.11756942811530598,0.0
16.2,27,0.4292100804185048,-0.13215045500663114,0.0
16.2,28,0.5483804194105264,-0.040404747515364325,0.0
16.2,29,0.828617788174175,-0.06610267085396698,0.0
16.2,30,-0.868830123902976,0.005117011877204966,0.0
16.2,31,-0.8124691081791638,0.040259626844084836,0.0
16.2,32,-0.6597804552677119,0.022750673209921912,0.0
16.2,33,-0.4530137659954251,0.12173049323734098,0.0
16.2,34,-0.14401219792443112,0.10396032975877305,0.0
16.2,35,-0.06409230962226486,0.009605310026386149,0.0
16.2,36,0.1401632965165498,0.1544497437266242,0.0
16.2,37,0.44752428625136,0.12617347440706775,0.0
16.2,38,0.5737746452471197,0.10725838415345683,0.0
16.2,39,0.7528886042224986,0.05288129156520755,0.0
16.2,40,-1.0168304931612764,0.25943670280458087,0.0
16.2,41,-0.7725627250185181,0.18996306229907106,0.0
16.2,42,-0.4736942398074261,0.3386151777499705,0.0
16.2,43,-0.4032064617639672,0.22959208298976633,0.0
16.2,44,-0.25800967762596644,0.2936180768461946,0.0
16.2,45,-0.08723387864726002,0.19398493907858666,0.0
16.2,46,0.24640892676648035,0.2584763360389468,0.0
16.2,47,0.38399501367346134,0.20272007675700277,0.0
16.2,48,0.48561587234261777,0.3397365782611066,0.0
16.2,49,0.790930866889527,0.3104925451216887,0.0
16.3,0,-0.9236279259000616,-0.43897635320454725,0.0
16.3,1,-0.7339219590881817,-0.5567784299098432,0.0
16.3,2,-0.6464518358916955,-0.43545065185638454,0.0
16.3,3,-0.3749098287265766,-0.4348475640869086,0.0
16.3,4,-0.24566104316611154,-0.5589433340458563,0.0
16.3,5,-0.0735719600669752,-0.42259457436260206,0.0
16.3,6,0.14210384867729373,-0.38950907334588725,0.0
16.3,7,0.3896129312323321,-0.4867274723012778,0.0
16.3,8,0.46566079113474523,-0.5527897857847242,0.0
16.3,9,0.6864673561890836,-0.5118356513459045,0.0
16.3,10,-0.990750442534071,-0.35164710822582823,0.0
16.3,11,-0.8086042328107338,-0.27787310067185134,0.0
16.3,12,-0.6282135385603083,-0.33588472656909507,0.0
16.3,13,-0.44571621139109113,-0.25118820242630935,0.0
16.3,14,-0.2699642080469441,-0.2511525804923836,0.0
16.3,15,0.08985105099844162,-0.2644479261655749,0.0
16.3,16,0.23256580143589267,-0.20931349124677792,0.0
16.3,17,0.4184723517656912,-0.31181484882740274,0.0
16.3,18,0.4691889700278051,-0.353864537008989,0.0
16.3,19,0.6965441331992168,-0.2729213228432588,0.0
16.3,20,-0.834499918079376,-0.13261641540353616,0.0
16.3,21,-0.6524545125633902,-0.028007191029251588,0.0
16.3,22,-0.5962314856878137,-0.05997643834855737,0.0
16.3,23,-0.3579686931571404,-0.04871171912087491,0.0
16.3,24,-0.27473361059295254,-0.1675558377254282,0.0
16.3,25,0.0849617123532202,-0.10887923995556559,0.0
16.3,26,0.26942047717522355,-0.07175902359270736,0.0
16.3,27,0.37431045506424804,-0.1765837088432144,0.0
16.3,28,0.5610537170557529,-0.006100118745756028,0.0
16.3,29,0.7046932806405424,-0.03027929653211206,0.0
16.3,30,-0.9584702865460635,0.04906225429079118,0.0
16.3,31,-0.6459464752138174,0.07775477118084617,0.0
16.3,32,-0.5239627650915151,0.1234655770437188,0.0
16.3,33,-0.4389337362190792,0.03777205623422242,0.0
16.3,34,-0.2093544024169453,0.06948246946451982,0.0
16.3,35,-0.068205331531986,0.16358444854159201,0.0
16.3,36,0.10391437311776135,0.054260899582726146,0.0
16.3,37,0.4341173817778018,0.13867984792308216,0.0
16.3,38,0.5383460316663664,0.05664317086696187,0.0
16.3,39,0.6606559076216636,0.03828714255868695,0.0
16.3,40,-0.9152852435588331,0.33565382734370175,0.0
16.3,41,-0.7155485005763642,0.2507690156725807,0.0
16.3,42,-0.4706032773978174,0.2865652897402559,0.0
16.3,43,-0.4282133103947041,0.37748302165948355,0.0
16.3,44,-0.26116111057682667,0.2768728030560117,0.0
16.3,45,0.09437330824587775,0.34239363499047426,0.0
16.3,46,0.18216849458553586,0.21028011072730493,0.0
16.3,47,0.3736885902605388,0.24670919942815148,0.0
16.3,48,0.5996398956414609,0.2145194938493579,0.0
16.3,49,0.7587271372518691,0.28977235551050284,0.0
16.400000000000002,0,-0.9752779964399623,-0.37717346234866667,0.0
16.400000000000002,1,-0.6252631774699523,-0.3951334969837176,0.0
16.400000000000002,2,-0.5416994708285677,-0.549809809750309,0.0
16.400000000000002,3,-0.2737447635098966,-0.5056278479257532,0.0
16.400000000000002,4,-0.13802998499106062,-0.49844730426365236,0.0
16.400000000000002,5,0.060996002178267256,-0.47598229075745707,0.0
16.400000000000002,6,0.16355786957693394,-0.3891227762008729,0.0
16.400000000000002,7,0.31324619569649437,-0.4508973170234059,0.0
16.400000000000002,8,0.5830165595027752,-0.37222576994929935,0.0
16.400000000000002,9,0.8060223836220082,-0.3746148553285761,0.0
16.400000000000002,10,-0.9910946925609734,-0.34765090369513146,0.0
16.400000000000002,11,-0.7345120009836866,-0.22514597632867783,0.0
16.400000000000002,12,-0.5083090642646875,-0.3383015963354492,0.0
16.400000000000002,13,-0.3948619413414722,-0.35596614883278027,0.0
16.400000000000002,14,-0.16708996096051293,-0.3492589610272691,0.0
16.400000000000002,15,0.04027883324322548,-0.2860156724923878,0.0
16.400000000000002,16,0.12506278741971805,-0.24325860066986688,0.0
16.400000000000002,17,0.3167782181424345,-0.2386965010345706,0.0
16.400000000000002,18,0.48749025634095106,-0.25566441022976316,0.0
16.400000000000002,19,0.7576959355883028,-0.22769726853291758,0.0
16.400000000000002,20,-0.9097402770772884,-0.09009381808812869,0.0
16.400000000000002,21,-0.6417676163845526,-0.0407441302718701,0.0
16.400000000000002,22,-0.48545699054400493,-0.012729197769978357,0.0
16.400000000000002,23,-0.2812322392689273,-0.09137131626641684,0.0
16.400000000000002,24,-0.2712721537635006,-0.14253692450699745,0.0
16.400000000000002,25,-0.050561570101253554,-0.020181016650107686,0.0
16.400000000000002,26,0.21004005141252186,-0.005880136549314435,0.0
16.400000000000002,27,0.37851722913949865,-0.033479027960414104,0.0
16.400000000000002,28,0.4926813837616025,-0.14830265375551704,0.0
16.400000000000002,29,0.7952801317886152,-0.09586058955680356,0.0
16.400000000000002,30,-0.8053722485007354,0.0992275485090215,0.0
16.400000000000002,31,-0.6709823224408644,0.17376546493382805,0.0
16.400000000000002,32,-0.5491607980939258,0.002412904865053883,0.0
16.400000000000002,33,-0.3774554920634237,0.11034615199224015,0.0
16.400000000000002,34,-0.11503194700882471,0.029514561906045983,0.0
16.400000000000002,35,0.08010117417347626,0.01482070623658982,0.0
16.400000000000002,36,0.22890842789805715,0.1502180470731741,0.0
16.400000000000002,37,0.3938004660737434,0.1067531945935242,0.0
16.400000000000002,38,0.455499226306883,0.14018834504456829,0.0
16.400000000000002,39,0.7862623358585955,0.16131241106706765,0.0
16.400000000000002,40,-0.9866213763322131,0.2796689899731497,0.0
16.400000000000002,41,-0.7100298424582207,0.2271918885135106,0.0
16.400000000000002,42,-0.6277423540560262,0.1754212741711631,0.0
16.400000000000002,43,-0.38121816551206855,0.32565226440843953,0.0
16.400000000000002,44,-0.10853022292744866,0.29311109769203214,0.0
16.400000000000002,45,-0.0531406742364009,0.23342442068471292,0.0
16.400000000000002,46,0.19154077773965716,0.1925465012166777,0.0
16.400000000000002,47,0.28120952307505886,0.304859105321447,0.0
16.400000000000002,48,0.47446388608398216,0.22539217369539233,0.0
16.400000000000002,49,0.685156214004113,0.30131238665856264,0.0
16.5,0,-0.899815937505715,-0.423531061501788,0.0
16.5,1,-0.7594603834408612,-0.37610037942740104,0.0
16.5,2,-0.5139813300165245,-0.4827027506107112,0.0
16.5,3,-0.3100441678884781,-0.5048313366802168,0.0
16.5,4,-0.0979335186795949,-0.37644967168729193,0.0
16.5,5,-0.036177904170478864,-0.3941069222144437,0.0
16.5,6,0.15703616486660474,-0.4053801864663523,0.0
16.5,7,0.2937158520330677,-0.4503703162006782,0.0
16.5,8,0.5801104775266658,-0.4523257276657759,0.0
16.5,9,0.7284178281613252,-0.39384500456317306,0.0
16.5,10,-0.9036313800902351,-0.30599390016223016,0.0
16.5,11,-0.6856697521338134,-0.21474423801941855,0.0
16.5,12,-0.5925601605833362,-0.32870490531019236,0.0
16.5,13,-0.4068984503705594,-0.3296106109652236,0.0
16.5,14,-0.2743625982796482,-0.3361766556637494,0.0
16.5,15,-0.05458526595607656,-0.21864113689073145,0.0
16.5,16,0.07537488403803262,-0.35819436441136976,0.0
16.5,17,0.4005544152688433,-0.25807245216261687,0.0
16.5,18,0.5415358676913686,-0.29955814257284097,0.0
16.5,19,0.7788797239681555,-0.18327595828863952,0.0
16.5,20,-0.8346377508235199,-0.08501014135192167,0.0
16.5,21,-0.6577523374055427,0.01231850113007138,0.0
16.5,22,-0.5776264137225697,-0.15713847947181087,0.0
16.5,23,-0.443238884534962,0.00986916374730587,0.0
16.5,24,-0.11734815069941684,0.004733737041832858,0.0
16.5,25,-0.025027687961640857,-0.1775313206084811,0.0
16.5,26,0.23613734052888832,-0.012491093211515508,0.0
16.5,27,0.29923002302709734,-0.026962635956345293,0.0
16.5,28,0.5764316544014646,-0.16916368260548315,0.0
16.5,29,0.6112468315411976,-0.1553505554000494,0.0
16.5,30,-0.9655651724239966,0.12100749981608996,0.0
16.5,31,-0.7876405468224992,0.07097162874229604,0.0
16.5,32,-0.5247120343935228,0.06478887639731287,0.0
16.5,33,-0.27658825690829125,0.1636244097883683,0.0
16.5,34,-0.17956619929082313,0.1141089486745838,0.0
16.5,35,0.0280758297726586,-0.005785327287604336,0.0
16.5,36,0.17279493393336012,0.16937542104914172,0.0
16.5,37,0.2921830880246965,0.09266576641917532,0.0
16.5,38,0.6193704238631494,0.04069443451800914,0.0
16.5,39,0.6437213323171619,0.03709438986069482,0.0
16.5,40,-0.8397656072076665,0.23759523985666817,0.0
16.5,41,-0.6474422145822518,0.359256177488562,0.0
16.5,42,-0.6131079615056683,0.21723601161771527,0.0
16.5,43,-0.2557885975502776,0.3037906982776283,0.0
16.5,44,-0.2180304359143083,0.2853846052901351,0.0
16.5,45,-0.02068720852250852,0.2948414122234685,0.0
16.5,46,0.10453725216853321,0.17636526239257488,0.0
16.5,47,0.4239685133045336,0.2981422495250511,0.0
16.5,48,0.5471978029314379,0.3387253998458479,0.0
16.5,49,0.6805337822575169,0.2090425890734802,0.0
16.6,0,-0.9380562475222662,-0.4111368988603138,0.0
16.6,1,-0.5931326751526232,-0.48289190585615804,0.0
16.6,2,-0.49693579136269345,-0.5108992426274719,0.0
16.6,3,-0.43025763512516463,-0.41619665907393766,0.0
16.6,4,-0.13473629821214408,-0.4687935766391188,0.0
16.6,5,-0.06754413326368336,-0.37136062574250533,0.0
16.6,6,0.19515088286181753,-0.5232595619960485,0.0
16.6,7,0.2709704690216323,-0.4067923310278292,0.0
16.6,8,0.4205267219023272,-0.4792337283742062,0.0
16.6,9,0.7784081032478931,-0.4381479847455695,0.0
16.6,10,-0.9324447210125495,-0.18805516407199807,0.0
16.6,11,-0.6851140520578091,-0.32669675617137894,0.0
16.6,12,-0.5250025642669699,-0.31683496816464257,0.0
16.6,13,-0.35926898389118367,-0.24047973288904054,0.0
16.6,14,-0.20495513059487241,-0.3218403550715375,0.0
16.6,15,-0.09759870634605966,-0.2053792442006711,0.0
16.6,16,0.11573862510798755,-0.15631595452545952,0.0
16.6,17,0.41841024247081204,-0.27868850407202533,0.0
16.6,18,0.41121423456885087,-0.2772290079195192,0.0
16.6,19,0.6314401877037575,-0.3205726409613715,0.0
16.6,20,-0.8990877821193272,-0.17715095337428527,0.0
16.6,21,-0.7587609214671757,-0.030021525185573272,0.0
16.6,22,-0.43598445077563597,0.011045914751684593,0.0
16.6,23,-0.41218630609711615,-0.08806015034221601,0.0
16.6,24,-0.11539717244146733,-0.14325320324968194,0.0
16.6,25,-0.03734367915319095,-0.1135166989999115,0.0
16.6,26,0.23292360752769864,-0.1006325595691882,0.0
16.6,27,0.2524275961013974,-0.10377138065469996,0.0
16.6,28,0.44291639316932857,-0.09018893617746894,0.0
16.6,29,0.7686310109110792,-0.14376820194979514,0.0
16.6,30,-0.7533173839217676,-0.012085727316969552,0.0
16.6,31,-0.6272863509759514,0.11437866115377948,0.0
16.6,32,-0.5911967922478492,0.12566376078621366,0.0
16.6,33,-0.43897217726756166,0.07820563141768434,0.0
16.6,34,-0.24314744244716097,0.11242691215709977,0.0
16.6,35,-0.02958342322274532,0.12163321351668352,0.0
16.6,36,0.1029397104196909,0.12920044089102437,0.0
16.6,37,0.3124961020548387,0.11623377078324715,0.0
16.6,38,0.44843967283007546,0.10378771404554538,0.0
16.6,39,0.6974318492626795,-0.005830188520847046,0.0
16.6,40,-0.8545321535882573,0.21811407006959488,0.0
16.6,41,-0.6273100951487196,0.1882571207470034,0.0
16.6,42,-0.5342859788181853,0.2544878528031277,0.0
16.6,43,-0.2811537760668361,0.31723858779575553,0.0
16.6,44,-0.19663179113005974,0.250958719647855,0.0
16.6,45,-0.053919478452583075,0.16448448405343902,0.0
16.6,46,0.2615696578652407,0.24665273214803152,0.0
16.6,47,0.27319501922921957,0.16325512202431863,0.0
16.6,48,0.5817772821225251,0.24368630393189228,0.0
16.6,49,0.6305590256402956,0.30643526515879305,0.0
16.7,0,-0.7885969593634963,-0.4874145083540057,0.0
16.7,1,-0.7461729016365458,-0.40278420396262643,0.0
16.7,2,-0.47620133189841196,-0.41723478225217975,0.0
16.7,3,-0.31466263809421585,-0.42301577177594574,0.0
16.7,4,-0.18763787897683296,-0.4446683325716352,0.0
16.7,5,0.0071504078301134755,-0.3488798723166128,0.0
16.7,6,0.07689742122977718,-0.4552467698476943,0.0
16.7,7,0.32720677514269547,-0.3345256875062767,0.0
16.7,8,0.5731961015202758,-0.40428027028188007,0.0
16.7,9,0.5748883037919355,-0.3799473624938293,0.0
16.7,10,-0.8612099817800163,-0.18352473743689016,0.0
16.7,11,-0.7376591730166602,-0.2699561584527716,0.0
16.7,12,-0.4242149295435248,-0.23859973796924075,0.0
16.7,13,-0.30580551885090096,-0.296175444614242,0.0
16.7,14,-0.16101253703218116,-0.1660697835269813,0.0
16.7,15,-0.0758911761387796,-0.27306074280158166,0.0
16.7,16,0.20450052048260983,-0.26885746893659873,0.0
16.7,17,0.3887206908398575,-0.1573332635366489,0.0
16.7,18,0.4660104786408207,-0.34386323398372265,0.0
16.7,19,0.7371063626069765,-0.1592834182485643,0.0
16.7,20,-0.7691497130002781,-0.03160595184414616,0.0
16.7,21,-0.6775441727928782,-0.10889475958051119,0.0
16.7,22,-0.44037299488821113,-0.06428833182246403,0.0
16.7,23,-0.3887496658900941,-0.046146657194256674,0.0
16.7,24,-0.09300866408526257,-0.1596183658004065,0.0
16.7,25,0.090936348426147,-0.17511331182249118,0.0
16.7,26,0.1320360566157691,-0.04421188118704042,0.0
16.7,27,0.4222590478222946,-0.010428363408200664,0.0
16.7,28,0.5853980919552064,-0.12507631522313412,0.0
16.7,29,0.6376073154707131,0.011452394685761619,0.0
16.7,30,-0.8145147972677822,0.15461016030957772,0.0
16.7,31,-0.6119943453621567,0.12012792264182445,0.0
16.7,32,-0.5039138826944066,0.012327138954104214,0.0
16.7,33,-0.2666052204335324,0.07061695733124476,0.0
16.7,34,-0.2478713774511673,0.06206898032646993,0.0
16.7,35,-0.011164102197893239,0.020159778560077377,0.0
16.7,36,0.16032898946497853,0.013069426374034868,0.0
16.7,37,0.4128409105322376,0.09321128149026803,0.0
16.7,38,0.5447272298812631,0.09308242164608416,0.0
16.7,39,0.7031856565295622,0.017238511368481674,0.0
16.7,40,-0.8338031690197139,0.2951105710488301,0.0
16.7,41,-0.7117807189128662,0.33115863128735157,0.0
16.7,42,-0.43207886724985034,0.23782704286500406,0.0
16.7,43,-0.3306681504794027,0.17015075165453916,0.0
16.7,44,-0.09655892225241186,0.3066959800445781,0.0
16.7,45,0.02068882485510573,0.2670067875405076,0.0
16.7,46,0.23927401716366098,0.2573916923119244,0.0
16.7,47,0.297225653824928,0.20073678253953034,0.0
16.7,48,0.444985938867067,0.15208319557841732,0.0
16.7,49,0.5613392393485815,0.1675961716611177,0.0
16.8,0,-0.7977585486530203,-0.31391582229631654,0.0
16.8,1,-0.6177933388836896,-0.353938308448667,0.0
16.8,2,-0.50004086259731,-0.3611513893498075,0.0
16.8,3,-0.4041061118392764,-0.46470500585181607,0.0
16.8,4,-0.10691445322244453,-0.42244754442937543,0.0
16.8,5,0.006298870405883547,-0.4074400759044471,0.0
16.8,6,0.10591342933636946,-0.48547153429579054,0.0
16.8,7,0.2398304227800343,-0.3442016866542111,0.0
16.8,8,0.5035008719618429,-0.3689082333580147,0.0
16.8,9,0.5918430566356799,-0.30589495684656476,0.0
16.8,10,-0.7804372044222394,-0.20756274686024218,0.0
16.8,11,-0.5886084712656181,-0.15845266334849203,0.0
16.8,12,-0.5543489923161159,-0.29451186448885847,0.0
16.8,13,-0.22224001073836896,-0.15985765639071498,0.0
16.8,14,-0.2574703298852159,-0.21702840146496555,0.0
16.8,15,-0.017165398091317924,-0.21505849123881468,0.0
16.8,16,0.2564192746450976,-0.32615154600262264,0.0
16.8,17,0.3965087934063357,-0.2259192140279147,0.0
16.8,18,0.5143756979719811,-0.31542708929039825,0.0
16.8,19,0.6915723284434323,-0.21320392470766902,0.0
16.8,20,-0.8510046719262173,-0.11838949979771263,0.0
16.8,21,-0.6151772739836517,-0.0986341279524885,0.0
16.8,22,-0.5471322095918961,-0.07206909445770592,0.0
16.8,23,-0.3899509220303722,-0.11454257680442209,0.0
16.8,24,-0.144888072661576,-0.08574566555179951,0.0
16.8,25,-0.06567119843464767,0.014484746347052074,0.0
16.8,26,0.2055376013292415,-0.17020394465470495,0.0
16.8,27,0.3642609481566699,-0.11261656540812338,0.0
16.8,28,0.4208155033728199,-0.009356970942190068,0.0
16.8,29,0.7366545208730049,-0.007646389079179666,0.0
16.8,30,-0.7450748972095573,0.16952380914571957,0.0
16.8,31,-0.659454246433328,0.022157047046125783,0.0
16.8,32,-0.4122338725685701,0.09929072172630225,0.0
16.8,33,-0.33160565842516493,0.02182797110305648,0.0
16.8,34,-0.2384037506181763,0.0193196525829474,0.0
16.8,35,-0.06974324953726062,0.14430351758040397,0.0
16.8,36,0.22687329815792326,0.022909331992576686,0.0
16.8,37,0.3805071678466718,-0.007842237205713976,0.0
16.8,38,0.5117608504037503,0.046532531397020196,0.0
16.8,39,0.6291800811021306,0.1781663080016335,0.0
16.8,40,-0.7958540223441913,0.16997587182507956,0.0
16.8,41,-0.635010020910529,0.1532070050111945,0.0
16.8,42,-0.49206546724479416,0.16875606172387952,0.0
16.8,43,-0.3943294983066254,0.23809090826461277,0.0
16.8,44,-0.21216475472595825,0.32189015699334167,0.0
16.8,45,0.026955017272768583,0.26917969956569804,0.0
16.8,46,0.15764356054593193,0.273099072860238,0.0
16.8,47,0.34333549378353223,0.16612969294531202,0.0
16.8,48,0.42535586605344333,0.2456250487225326,0.0
16.8,49,0.6694048115193352,0.20186011143375615,0.0
16.900000000000002,0,-0.6977099847857614,-0.3595661295604114,0.0
16.900000000000002,1,-0.5725169261390539,-0.4459486386525775,0.0
16.900000000000002,2,-0.42381240571594475,-0.3973628072255115,0.0
16.900000000000002,3,-0.3589827100506419,-0.4726947607897321,0.0
16.900000000000002,4,-0.10407311045726214,-0.4570259259037349,0.0
16.900000000000002,5,0.01976454938059942,-0.34379228197513717,0.0
16.900000000000002,6,0.17367205053774457,-0.4686981181118893,0.0
16.900000000000002,7,0.23377241187958986,-0.2959971415646705,0.0
16.900000000000002,8,0.5598908127285577,-0.43079565998760505,0.0
16.900000000000002,9,0.7044898626571372,-0.38167238778433454,0.0
16.900000000000002,10,-0.6855837114273771,-0.15183690233029187,0.0
16.900000000000002,11,-0.5571353939931765,-0.14387834276520672,0.0
16.900000000000002,12,-0.5195212307905778,-0.20322612393263195,0.0
16.900000000000002,13,-0.3897604347366222,-0.16024725193545472,0.0
16.900000000000002,14,-0.18039152264368663,-0.2118418932959764,0.0
16.900000000000002,15,-0.05137310620864859,-0.2708042281268839,0.0
16.900000000000002,16,0.06306985859673062,-0.23724019394211043,0.0
16.900000000000002,17,0.2995308945142151,-0.2383810753021771,0.0
16.900000000000002,18,0.5438689216282239,-0.2836649099388496,0.0
16.900000000000002,19,0.6553006275536136,-0.24438775099554552,0.0
16.900000000000002,20,-0.6984490721815483,-0.11176622238939818,0.0
16.900000000000002,21,-0.5702412280605946,-0.13035567390696173,0.0
16.900000000000002,22,-0.5119701589383335,0.0060383890777375715,0.0
16.900000000000002,23,-0.2960345602849491,-0.16336669991711744,0.0
16.900000000000002,24,-0.20946440326050744,-0.10013598147272858,0.0
16.900000000000002,25,0.017959819547811187,-0.07211247771399314,0.0
16.900000000000002,26,0.10990491959460796,0.01104082122560232,0.0
16.900000000000002,27,0.2956556933311072,-0.08654253107737295,0.0
16.900000000000002,28,0.5392983726646414,-0.064234637973596,0.0
16.900000000000002,29,0.611287938684552,-0.043755102670392454,0.0
16.900000000000002,30,-0.7690192709291805,0.16682452697538722,0.0
16.900000000000002,31,-0.7102521415198841,0.031736242512625384,0.0
16.900000000000002,32,-0.48045014752249093,0.09170675001912791,0.0
16.900000000000002,33,-0.29760352841231946,0.13199100865991512,0.0
16.900000000000002,34,-0.20831785127457753,0.14029153989885412,0.0
16.900000000000002,35,-0.08702758684755683,0.12978855039535497,0.0
16.900000000000002,36,0.11080919718600835,0.09320598411229061,0.0
16.900000000000002,37,0.3215775014987986,0.11157427573174516,0.0
16.900000000000002,38,0.37568271860298263,-0.022368112210760877,0.0
16.900000000000002,39,0.7010977621659454,0.14984398405898522,0.0
16.900000000000002,40,-0.8240446945860095,0.15702307040456864,0.0
16.900000000000002,41,-0.5288227167838788,0.3090356875339637,0.0
16.900000000000002,42,-0.40194621145981824,0.1669661529491961,0.0
16.900000000000002,43,-0.3392130859500623,0.2979480518223978,0.0
16.900000000000002,44,-0.20086619575783332,0.31649835492213485,0.0
16.900000000000002,45,-0.07425341928006779,0.17089306248827185,0.0
16.900000000000002,46,0.08919000961121223,0.26453565581430993,0.0
16.900000000000002,47,0.3552955697024161,0.2921487856731728,0.0
16.900000000000002,48,0.5601544693733584,0.31051876700044423,0.0
16.900000000000002,49,0.6082272384736107,0.19489946378891557,0.0
17.0,0,-0.6899746504389787,-0.41147442965108033,0.0
17.0,1,-0.6873397619830134,-0.307235555799942,0.0
17.0,2,-0.5267373103834022,-0.39985504972500274,0.0
17.0,3,-0.24154193811102406,-0.35391063200064,0.0
17.0,4,-0.0599327559372477,-0.4732586653609278,0.0
17.0,5,0.09205206293922993,-0.47341403958311157,0.0
17.0,6,0.2035381979039409,-0.2871057554055078,0.0
17.0,7,0.3407465877627838,-0.43746976287888456,0.0
17.0,8,0.41848586147292993,-0.35304354648406133,0.0
17.0,9,0.5778795371973364,-0.3718874652639235,0.0
17.0,10,-0.8439260785203864,-0.295696383427948,0.0
17.0,11,-0.558859064763451,-0.13000050872198035,0.0
17.0,12,-0.3808239461855055,-0.27932173012982553,0.0
17.0,13,-0.22647303674370925,-0.19230273160381559,0.0
17.0,14,-0.19043831627032426,-0.16703125386746243,0.0
17.0,15,-0.05458251288687406,-0.17766090156664716,0.0
17.0,16,0.08941950926797373,-0.2046434307582155,0.0
17.0,17,0.3506464000949663,-0.186768996053796,0.0
17.0,18,0.4761125917179131,-0.16263295546275144,0.0
17.0,19,0.6224224061502113,-0.2147538901542697,0.0
17.0,20,-0.8483292350077637,-0.14877959002524244,0.0
17.0,21,-0.6328472679440618,0.00767144373968337,0.0
17.0,22,-0.46923825565764876,0.021361534032540735,0.0
17.0,23,-0.3831283382009044,0.02351863380222008,0.0
17.0,24,-0.06091638254416204,-0.01207609746056329,0.0
17.0,25,-0.06231780079047853,-0.02296303192255819,0.0
17.0,26,0.20323086633962115,-0.16438840826066436,0.0
17.0,27,0.31250041195118794,-0.08700443871616739,0.0
17.0,28,0.5244641437803157,-0.11078190086382031,0.0
17.0,29,0.5712655812429798,-0.07774984792191811,0.0
17.0,30,-0.7933126983894795,0.1462355993910074,0.0
17.0,31,-0.5393085909487458,0.143188457024206,0.0
17.0,32,-0.3951386249819182,0.031273853632103873,0.0
17.0,33,-0.29266860312834786,0.12498782238115283,0.0
17.0,34,-0.1413935916447178,0.13751242370107164,0.0
17.0,35,-0.00040046887993647196,0.09715299383221086,0.0
17.0,36,0.13149749054570184,-0.006888214042886462,0.0
17.0,37,0.39763619284992424,0.14517396878926134,0.0
17.0,38,0.4470489521107531,-0.017229649462302876,0.0
17.0,39,0.5549144721697135,-0.010179548581971676,0.0
17.0,40,-0.6827687408882848,0.15926416644773583,0.0
17.0,41,-0.6574491854415273,0.26044074671058803,0.0
17.0,42,-0.41212856382404645,0.31086996548327755,0.0
17.0,43,-0.33275836103897627,0.19137081120005794,0.0
17.0,44,-0.0607628415840864,0.19411433766756836,0.0
17.0,45,-0.007652207572153541,0.13695313143247917,0.0
17.0,46,0.23488440704085256,0.25717495397838297,0.0
17.0,47,0.28729232362182,0.17891597052861566,0.0
17.0,48,0.4419612625825802,0.26129839642262254,0.0
17.0,49,0.5453839905960098,0.2729917307931129,0.0
17.1,0,-0.6859228636143755,-0.2873817035908147,0.0
17.1,1,-0.5340851952279841,-0.3671732459417647,0.0
17.1,2,-0.4199377790760225,-0.35286738186744754,0.0
17.1,3,-0.37587300517184635,-0.33357626664084383,0.0
17.1,4,-0.1528232927868853,-0.40832447420512064,0.0
17.1,5,-0.07543195338473202,-0.39995523198964356,0.0
17.1,6,0.137035938845865,-0.4327718167936725,0.0
17.1,7,0.34202154996589884,-0.44258570792968166,0.0
17.1,8,0.5333932802160405,-0.3829900013033141,0.0
17.1,9,0.6265788020468026,-0.43654771984076696,0.0
17.1,10,-0.6870061864339478,-0.1873911827544482,0.0
17.1,11,-0.4989342551166501,-0.18787474101049312,0.0
17.1,12,-0.5190164077772645,-0.17188979061892282,0.0
17.1,13,-0.2629846083963793,-0.19280883203594726,0.0
17.1,14,-0.07138052071553491,-0.22814344204217626,0.0
17.1,15,0.08643419188720117,-0.14250826191716287,0.0
17.1,16,0.2417365415139347,-0.2328676060468549,0.0
17.1,17,0.21658537644874004,-0.2543578492470439,0.0
17.1,18,0.3863515515224974,-0.13502450998381196,0.0
17.1,19,0.4940952015911263,-0.21268581941356562,0.0
17.1,20,-0.7714045685780206,-0.09926285676942784,0.0
17.1,21,-0.5479882729191448,-0.13369470175391987,0.0
17.1,22,-0.4021319558939761,0.0071502177689436175,0.0
17.1,23,-0.34846075998333126,-0.10888461769617866,0.0
17.1,24,-0.17267563095986482,-0.1387240894943533,0.0
17.1,25,-0.009683504896892431,-0.07642368418573264,0.0
17.1,26,0.15841406464430835,-0.0847864929123024,0.0
17.1,27,0.27017054749886404,0.005236606187603854,0.0
17.1,28,0.43311321600212815,-0.15677588769857032,0.0
17.1,29,0.4826414845714302,-0.08378301314924408,0.0
17.1,30,-0.790622434406169,0.03724676681588528,0.0
17.1,31,-0.6527763578373581,0.005303420080075144,0.0
17.1,32,-0.41611184043759314,0.045344731626543885,0.0
17.1,33,-0.2975608872384089,0.13361142172554327,0.0
17.1,34,-0.23956702188461787,0.06740741903969823,0.0
17.1,35,-0.08024700677849922,0.05940276769997681,0.0
17.1,36,0.0497279104595616,-0.026970663821403854,0.0
17.1,37,0.26229414981885824,0.09905160796712575,0.0
17.1,38,0.4636726754001628,0.10744616995754852,0.0
17.1,39,0.6591057096937188,-0.010568438947906406,0.0
17.1,40,-0.8002702340206883,0.2357589883847225,0.0
17.1,41,-0.6355218232173208,0.2493134332761933,0.0
17.1,42,-0.4275827176440011,0.31281835396254176,0.0
17.1,43,-0.22400289952037614,0.3097923060243971,0.0
17.1,44,-0.13496265728448578,0.3016489676193339,0.0
17.1,45,-0.08498107455180276,0.26363357773561846,0.0
17.1,46,0.1604117013749605,0.1239638122828487,0.0
17.1,47,0.29675540119341187,0.1611912610471928,0.0
17.1,48,0.40775264854296134,0.12164473083579143,0.0
17.1,49,0.6514539525832126,0.2601471776734883,0.0
17.2,0,-0.7163891406998955,-0.42084310399738006,0.0
17.2,1,-0.5396547011907278,-0.25878656826336577,0.0
17.2,2,-0.3858125301389795,-0.39568209419841416,0.0
17.2,3,-0.21292951673543684,-0.4437327216239609,0.0
17.2,4,-0.22262596512383065,-0.28589048630683134,0.0
17.2,5,0.08620431634663131,-0.25337427978461957,0.0
17.2,6,0.14091483124578214,-0.4180178156438812,0.0
17.2,7,0.25406628571913414,-0.3863632543219947,0.0
17.2,8,0.4117960819233526,-0.40726193235024744,0.0
17.2,9,0.5477835408670646,-0.3072343432941248,0.0
17.2,10,-0.611032501368396,-0.2979644365836089,0.0
17.2,11,-0.5000385816767788,-0.19205306263888894,0.0
17.2,12,-0.4618877711140129,-0.1484611944086863,0.0
17.2,13,-0.2698984070189697,-0.13056446345316894,0.0
17.2,14,-0.21773241024169265,-0.23406429308720478,0.0
17.2,15,0.07780900383242961,-0.2846798245830917,0.0
17.2,16,0.15644054792070766,-0.30873377336443986,0.0
17.2,17,0.1982635953680018,-0.14827466185025137,0.0
17.2,18,0.3654538495057427,-0.13157285882055772,0.0
17.2,19,0.6508386446367904,-0.12478597445463499,0.0
17.2,20,-0.7709009291318326,-0.07366762057439083,0.0
17.2,21,-0.6416870132030266,-0.15570157126371015,0.0
17.2,22,-0.380718688385883,-0.13822323012016624,0.0
17.2,23,-0.3599039920138441,-0.12566032963610674,0.0
17.2,24,-0.18126797556277566,-0.05777243723462405,0.0
17.2,25,0.05168508385253634,-0.10558645089515303,0.0
17.2,26,0.15401458961336018,-0.10622885051863597,0.0
17.2,27,0.36206948419772206,0.01274575657136967,0.0
17.2,28,0.37830513777609454,-0.04620825838022616,0.0
17.2,29,0.48508396493276257,-0.04977638060048803,0.0
17.2,30,-0.7641947335564773,0.04200397572445945,0.0
17.2,31,-0.519680788810207,-0.003977404381074273,0.0
17.2,32,-0.5132895327436893,0.02718796954365431,0.0
17.2,33,-0.3353076719289658,0.1237263093704628,0.0
17.2,34,-0.1626634695774308,-0.021536868479149596,0.0
17.2,35,0.05183421567872293,0.08177108310249682,0.0
17.2,36,0.10579330393515567,0.10481277136524697,0.0
17.2,37,0.357091693144161,0.08602250327977747,0.0
17.2,38,0.4359073915128735,0.13085598105688592,0.0
17.2,39,0.6524128990904138,0.06059532654908227,0.0
17.2,40,-0.634803036239709,0.14972591234453345,0.0
17.2,41,-0.6379180932516912,0.287043949114708,0.0
17.2,42,-0.38213493027309625,0.1153735550870647,0.0
17.2,43,-0.28909162977763037,0.2322660658502314,0.0
17.2,44,-0.14597388911675507,0.24186943144206796,0.0
17.2,45,-0.04535851439129615,0.2761491150512365,0.0
17.2,46,0.15271191054305236,0.1109649072709263,0.0
17.2,47,0.28967449716590005,0.14455581086533428,0.0
17.2,48,0.34907792031187335,0.29976236209958246,0.0
17.2,49,0.6220322484944131,0.2398562293481369,0.0
17.3,0,-0.642219655189023,-0.35169438576019674,0.0
17.3,1,-0.5508305211965243,-0.38052698795775963,0.0
17.3,2,-0.4110920901500169,-0.4302787598135474,0.0
17.3,3,-0.19807211168864364,-0.38254152648855744,0.0
17.3,4,-0.05935677438907702,-0.39315041748400753,0.0
17.3,5,-0.08038707073840404,-0.4363682585601857,0.0
17.3,6,0.05752139806791545,-0.3617680965682994,0.0
17.3,7,0.18861060709542504,-0.2998821536298694,0.0
17.3,8,0.3961118612190187,-0.3880057855813266,0.0
17.3,9,0.48174828985225293,-0.3507730448208069,0.0
17.3,10,-0.6921192909566245,-0.245023418301386,0.0
17.3,11,-0.6121468885021222,-0.277196714865262,0.0
17.3,12,-0.3821299593803694,-0.29541737501924276,0.0
17.3,13,-0.21316372811540388,-0.19558957254309034,0.0
17.3,14,-0.22845208797923122,-0.23033098333042995,0.0
17.3,15,0.009231933438118789,-0.2452286645032387,0.0
17.3,16,0.19542468800738597,-0.13408552087200667,0.0
17.3,17,0.2853647002552302,-0.20774420228420382,0.0
17.3,18,0.5036507735681567,-0.25756653209891034,0.0
17.3,19,0.5091566553787769,-0.22381039272681158,0.0
17.3,20,-0.7580685681998848,-0.08336945256066342,0.0
17.3,21,-0.5841729467642826,-0.09141636386220946,0.0
17.3,22,-0.3175214625865751,-0.030914424622949327,0.0
17.3,23,-0.22108842012936009,-0.08559887616796044,0.0
17.3,24,-0.08107085106996378,-0.13659439122632872,0.0
17.3,25,-0.09605641714966383,-0.1424200250903207,0.0
17.3,26,0.08601148147799925,0.007146371758317505,0.0
17.3,27,0.2850399872703545,-0.07012014488174043,0.0
17.3,28,0.3770188815988643,-0.14916090528966833,0.0
17.3,29,0.6084187342550089,0.0034535566067200596,0.0
17.3,30,-0.6300030864041501,-0.01425888674505181,0.0
17.3,31,-0.626191214279035,0.07159493175802503,0.0
17.3,32,-0.48670982402302393,0.1615600729568025,0.0
17.3,33,-0.2083112603718572,0.13211203601405533,0.0
17.3,34,-0.15250571929233986,0.006055497537127835,0.0
17.3,35,-0.04503021793859161,0.07210724701395659,0.0
17.3,36,0.19006427532573641,0.08191621228167534,0.0
17.3,37,0.3431994826760428,0.04342150121005031,0.0
17.3,38,0.38292120733988444,0.1034285247205195,0.0
17.3,39,0.4685639260031075,-0.027931300842152992,0.0
17.3,40,-0.6256899973228874,0.16737230525586877,0.0
17.3,41,-0.6272493762783448,0.22289641958477246,0.0
17.3,42,-0.34456203903126437,0.1381456591166209,0.0
17.3,43,-0.2935400675851529,0.24974042042316008,0.0
17.3,44,-0.068518982261501,0.14320574790479024,0.0
17.3,45,0.0064762180833673605,0.28982186829648204,0.0
17.3,46,0.15041898804088338,0.23318582832748017,0.0
17.3,47,0.35805235842819166,0.29893841295383017,0.0
17.3,48,0.3656672451870413,0.1308299968578256,0.0
17.3,49,0.45710198278363345,0.13866806126044406,0.0
17.400000000000002,0,-0.5837473759785003,-0.408454070267379,0.0
17.400000000000002,1,-0.5554206718461594,-0.3107371385886887,0.0
17.400000000000002,2,-0.4324461329602503,-0.2651120533834709,0.0
17.400000000000002,3,-0.30002865279525515,-0.30007028460144813,0.0
17.400000000000002,4,-0.11257029359098107,-0.3624906110487575,0.0
17.400000000000002,5,0.05956105552731403,-0.3493028005566765,0.0
17.400000000000002,6,0.11332170978408995,-0.3907134551025576,0.0
17.400000000000002,7,0.1880755895827223,-0.3752258992594955,0.0
17.400000000000002,8,0.2952940722189696,-0.3969029857612484,0.0
17.400000000000002,9,0.5888565759320655,-0.34869322901888633,0.0
17.400000000000002,10,-0.6595070240876915,-0.20547345884271928,0.0
17.400000000000002,11,-0.5346961648863802,-0.16508622989290797,0.0
17.400000000000002,12,-0.461308425923187,-0.27770794789511255,0.0
17.400000000000002,13,-0.23774749256896752,-0.1271075554158196,0.0
17.400000000000002,14,-0.07350542734775431,-0.16436194821685948,0.0
17.400000000000002,15,-0.0697605013569475,-0.23046393521212472,0.0
17.400000000000002,16,0.0695505151437664,-0.10155542991298144,0.0
17.400000000000002,17,0.2952174800427417,-0.21950413811863445,0.0
17.400000000000002,18,0.31310527451442727,-0.26677726051366585,0.0
17.400000000000002,19,0.47988162413478547,-0.20199663743155064,0.0
17.400000000000002,20,-0.6964754331302135,-0.026143337349677498,0.0
17.400000000000002,21,-0.4867379515184746,-0.09950794081877669,0.0
17.400000000000002,22,-0.38044552687347344,-0.0016251834397154885,0.0
17.400000000000002,23,-0.26050044912913195,-0.14543901186577268,0.0
17.400000000000002,24,-0.08805728290219778,-0.07210776715252018,0.0
17.400000000000002,25,-0.061869359130251315,-0.07788896950618986,0.0
17.400000000000002,26,0.15375286717457834,0.01048915770107789,0.0
17.400000000000002,27,0.16228713040628817,0.03117989088596984,0.0
17.400000000000002,28,0.4478227506883532,-0.13124888308966687,0.0
17.400000000000002,29,0.4906025863049548,-0.14552349686833893,0.0
17.400000000000002,30,-0.6466292239900504,-0.0021132670046087876,0.0
17.400000000000002,31,-0.5064857219205201,0.03164571000850608,0.0
17.400000000000002,32,-0.34936294399723455,0.0827015441824299,0.0
17.400000000000002,33,-0.17887726211978017,-0.030970499793921233,0.0
17.400000000000002,34,-0.22272738069728673,0.08743407918123482,0.0
17.400000000000002,35,-0.05147011842750085,0.060863014345986594,0.0
17.400000000000002,36,0.06349097749457833,0.1461113380483264,0.0
17.400000000000002,37,0.30901184910054996,-0.033121922788942326,0.0
17.400000000000002,38,0.4262449680394838,0.12476707236039042,0.0
17.400000000000002,39,0.48776002240555816,0.1199011273551247,0.0
17.400000000000002,40,-0.6909369480601479,0.10667085865061979,0.0
17.400000000000002,41,-0.523605150051216,0.22494898263152177,0.0
17.400000000000002,42,-0.4826745211879808,0.19402151043853924,0.0
17.400000000000002,43,-0.27158725617847757,0.2079269048069969,0.0
17.400000000000002,44,-0.18270967404242708,0.11724489046633767,0.0
17.400000000000002,45,0.004552278757418329,0.211548828508137,0.0
17.400000000000002,46,0.05839972197220979,0.1785403035594978,0.0
17.400000000000002,47,0.21356097072470143,0.10094597564106517,0.0
17.400000000000002,48,0.4564708390412042,0.2587570746219636,0.0
17.400000000000002,49,0.5404722628068187,0.2936176364966727,0.0
17.5,0,-0.5280121704273134,-0.3560440063587701,0.0
17.5,1,-0.4776052022316896,-0.3389209908408388,0.0
17.5,2,-0.3355360675630874,-0.23609508666353904,0.0
17.5,3,-0.2972794300494777,-0.29618409981272453,0.0
17.5,4,-0.08483521630523524,-0.2826780634087953,0.0
17.5,5,0.07143866181281516,-0.27303690483019377,0.0
17.5,6,0.08574653451809142,-0.2171979172295018,0.0
17.5,7,0.33133852950092496,-0.24217694871658715,0.0
17.5,8,0.37852555474811306,-0.39494369795101025,0.0
17.5,9,0.5882734311226683,-0.24980931427692504,0.0
17.5,10,-0.715709844319055,-0.11109728749692485,0.0
17.5,11,-0.4298140645719704,-0.277181178452307,0.0
17.5,12,-0.4483546625868316,-0.21595512022221558,0.0
17.5,13,-0.252841719813078,-0.1859743337806962,0.0
17.5,14,-0.21835701740079852,-0.27048775279224907,0.0
17.5,15,0.03885959503417208,-0.26890247607176604,0.0
17.5,16,0.14865652414051958,-0.11109130840196019,0.0
17.5,17,0.22659930475634246,-0.2498301537971209,0.0
17.5,18,0.32209206626160497,-0.18378106695382251,0.0
17.5,19,0.45413706914994434,-0.28187745346393894,0.0
17.5,20,-0.6190220079489027,-0.007711531207452771,0.0
17.5,21,-0.43888486182297193,-0.014288326149483693,0.0
17.5,22,-0.4719988988403051,-0.01694794665301161,0.0
17.5,23,-0.2708769385076145,0.022501858497895627,0.0
17.5,24,-0.182059797687562,-0.15837098416764156,0.0
17.5,25,-0.050219462032080255,-0.08798187991292175,0.0
17.5,26,0.2123710401204135,0.012453714937466082,0.0
17.5,27,0.3305091603958204,-0.09175851186448909,0.0
17.5,28,0.45691031465114385,-0.02655866686700653,0.0
17.5,29,0.5885917016110783,-0.017966890677437564,0.0
17.5,30,-0.5617123125963548,-0.01744665896250293,0.0
17.5,31,-0.5978081079246009,0.1529692386961528,0.0
17.5,32,-0.4490333933115089,0.031078730508227695,0.0
17.5,33,-0.29832202965424304,0.04566934931550837,0.0
17.5,34,-0.15769008042127022,-0.018046791425281344,0.0
17.5,35,0.05140683116294076,0.09747812127344241,0.0
17.5,36,0.1671554078402056,0.07480330796039962,0.0
17.5,37,0.26013020006138243,0.11187852855432984,0.0
17.5,38,0.3378576763075932,0.07130793624629897,0.0
17.5,39,0.4403794249405847,0.05721566576782318,0.0
17.5,40,-0.6046664895994811,0.15094889853664326,0.0
17.5,41,-0.42324010077802876,0.1316432933659977,0.0
17.5,42,-0.40482729229353426,0.15533018945728438,0.0
17.5,43,-0.2910560709268748,0.15184846907998562,0.0
17.5,44,-0.08246750542523423,0.23407188753869715,0.0
17.5,45,-0.03924479141618229,0.18264685462872896,0.0
17.5,46,0.2093800133287423,0.2362877854139846,0.0
17.5,47,0.3259365952549525,0.19988461582666664,0.0
17.5,48,0.4219192707474482,0.23991693212748583,0.0
17.5,49,0.4464104431816374,0.2592018607765176,0.0
17.6,0,-0.5390284952525058,-0.3385616205486967,0.0
17.6,1,-0.41720626933215643,-0.3687778227295918,0.0
17.6,2,-0.4269041527570093,-0.330224887818118,0.0
17.6,3,-0.15171653623262457,-0.2074053410151618,0.0
17.6,4,-0.19819320157439113,-0.2580231910518965,0.0
17.6,5,0.09249011885230762,-0.27657479061601764,0.0
17.6,6,0.03761466233492522,-0.39979322058005956,0.0
17.6,7,0.3091491898899773,-0.3396542729820685,0.0
17.6,8,0.26531138078965494,-0.25099192964733663,0.0
17.6,9,0.5346730677239674,-0.22532917700736269,0.0
17.6,10,-0.6782195867322214,-0.20522784635232388,0.0
17.6,11,-0.4685958396033424,-0.17639490945403707,0.0
17.6,12,-0.31829972351114744,-0.20844228131935416,0.0
17.6,13,-0.332932008365905,-0.23671008554571965,0.0
17.6,14,-0.11795160749363987,-0.25368271117466157,0.0
17.6,15,0.007377192169471372,-0.14611351222741123,0.0
17.6,16,0.08364473771605342,-0.22520263122757145,0.0
17.6,17,0.26985002610763836,-0.10388657386793856,0.0
17.6,18,0.45561511971208674,-0.17454395791124133,0.0
17.6,19,0.5355212364285102,-0.21566038089841033,0.0
17.6,20,-0.5025959209149747,-0.01291789790263731,0.0
17.6,21,-0.3847310812274085,-0.01943758860091982,0.0
17.6,22,-0.36682280698414,-0.14276871886719888,0.0
17.6,23,-0.31140219951374015,-0.09025279007364771,0.0
17.6,24,-0.09126432438200632,-0.09523142139764375,0.0
17.6,25,-0.09148079268267616,-0.08936209803673151,0.0
17.6,26,0.09212912694533726,-0.002756814919701006,0.0
17.6,27,0.1818880070208658,-0.12006806111848425,0.0
17.6,28,0.4103470104354232,-0.03848081830135207,0.0
17.6,29,0.40192872917168704,-0.06816191769112546,0.0
17.6,30,-0.6373181160759863,0.14657851051720377,0.0
17.6,31,-0.545348824842935,0.12840166152901758,0.0
17.6,32,-0.36613112680177373,0.12804054790051914,0.0
17.6,33,-0.22138646882309612,0.0752138880058483,0.0
17.6,34,-0.02652263492998655,0.13143753621452936,0.0
17.6,35,0.07351600861682572,0.1297637177697957,0.0
17.6,36,0.07193166096312423,0.1570865068818586,0.0
17.6,37,0.16782282245684463,-0.0006360527331252253,0.0
17.6,38,0.3592110405797171,0.11189614712731358,0.0
17.6,39,0.4381676365239903,0.04857257634186732,0.0
17.6,40,-0.5559832569729549,0.27879946076316575,0.0
17.6,41,-0.5187308696634008,0.1688378189371227,0.0
17.6,42,-0.4089059239328289,0.13692991805565968,0.0
17.6,43,-0.17129468903196224,0.22387505765730717,0.0
17.6,44,-0.0944811988952951,0.12599280574609786,0.0
17.6,45,0.0723755802899805,0.1752708201020425,0.0
17.6,46,0.04686410665086198,0.13336341037049182,0.0
17.6,47,0.1868664164304769,0.19070154356749822,0.0
17.6,48,0.4411968606161958,0.0845449557345605,0.0
17.6,49,0.5450588934148003,0.12828954582093355,0.0
17.7,0,-0.6455246891491782,-0.24269585466433374,0.0
17.7,1,-0.37022159229911505,-0.2787649988941354,0.0
17.7,2,-0.43049973294048033,-0.3599225560180763,0.0
17.7,3,-0.28574059463043683,-0.2600850133066254,0.0
17.7,4,-0.09340996782960902,-0.3348690817231713,0.0
17.7,5,0.09342550733570881,-0.24667423107858913,0.0
17.7,6,0.028784302824400004,-0.25637350275433757,0.0
17.7,7,0.15766692521376213,-0.27202217482753155,0.0
17.7,8,0.2915032744579055,-0.377086790268837,0.0
17.7,9,0.4818459461823653,-0.3721675817639812,0.0
17.7,10,-0.6140636021740774,-0.26427162735843973,0.0
17.7,11,-0.5140045274372749,-0.24544702002384572,0.0
17.7,12,-0.4123830516707073,-0.1069754137508643,0.0
17.7,13,-0.2834826692613615,-0.17334465400700444,0.0
17.7,14,-0.042610641298213375,-0.09111635525014675,0.0
17.7,15,-0.0033670180166225083,-0.21495158009988619,0.0
17.7,16,0.13160161368242704,-0.1276382472903864,0.0
17.7,17,0.3267301200455539,-0.16723212958350955,0.0
17.7,18,0.42057561230781176,-0.2293339805742088,0.0
17.7,19,0.4705091614226396,-0.12332345751589244,0.0
17.7,20,-0.5029192264538583,-0.06296623670960359,0.0
17.7,21,-0.4893342411309205,0.007828935416046456,0.0
17.7,22,-0.3190190294956286,-0.03249591957062897,0.0
17.7,23,-0.2942892761633344,0.002410989055680879,0.0
17.7,24,-0.17120826712828496,-0.08093912694149559,0.0
17.7,25,-0.04966673426982569,-0.07755373553563763,0.0
17.7,26,0.08315034585092519,-0.11031931492665892,0.0
17.7,27,0.225251723040131,-0.08604774620791432,0.0
17.7,28,0.43017299435018186,-0.011800565188044149,0.0
17.7,29,0.41138858748152085,-0.05073504299417245,0.0
17.7,30,-0.6039595135315368,-0.03149116012244453,0.0
17.7,31,-0.5192992227885427,-0.022246520687480634,0.0
17.7,32,-0.33959607187736846,0.15314646400854592,0.0
17.7,33,-0.31698316988635333,0.0976224745005008,0.0
17.7,34,-0.15764731980949767,0.13054796378003108,0.0
17.7,35,-0.08881234590813276,0.11877022577896207,0.0
17.7,36,0.01807614768334803,0.1310362490472671,0.0
17.7,37,0.16067505278422187,0.14335412477374204,0.0
17.7,38,0.2915195571984813,0.01091116631847297,0.0
17.7,39,0.43185889592919685,-0.03497397701678265,0.0
17.7,40,-0.559268703865752,0.08351044717898723,0.0
17.7,41,-0.4551841222558106,0.24061827610303374,0.0
17.7,42,-0.4340343385900641,0.2123280466775535,0.0
17.7,43,-0.18728276302157004,0.16088388173740245,0.0
17.7,44,-0.0853543134517937,0.15137034894710727,0.0
17.7,45,0.09223412382691176,0.2398722321416615,0.0
17.7,46,0.18002550120194377,0.2294878574721564,0.0
17.7,47,0.22760114337196227,0.18312222454745228,0.0
17.7,48,0.3864032390651664,0.09650238088476171,0.0
17.7,49,0.4836144721402148,0.24601674933733647,0.0
17.8,0,-0.6185343547118202,-0.21286722528994684,0.0
17.8,1,-0.4409982640636767,-0.18767510476898538,0.0
17.8,2,-0.3659655667516666,-0.18925079674126077,0.0
17.8,3,-0.13164801910144222,-0.22072700075272597,0.0
17.8,4,-0.029125577633892702,-0.32716913502809053,0.0
17.8,5,0.050229565623644695,-0.3467567861164821,0.0
17.8,6,0.09492496186573633,-0.2344640241232261,0.0
17.8,7,0.12187908462257666,-0.20241440032374222,0.0
17.8,8,0.27358674038190967,-0.31686037946239415,0.0
17.8,9,0.4552477995831943,-0.17799650416285187,0.0
17.8,10,-0.609756533988281,-0.17529251160424167,0.0
17.8,11,-0.5263458653711326,-0.12376703725656918,0.0
17.8,12,-0.3441858065088335,-0.17594079933692022,0.0
17.8,13,-0.15347344522828127,-0.2504273039521959,0.0
17.8,14,-0.14903570882465478,-0.11280419799693325,0.0
17.8,15,0.046336022318600734,-0.10430006355910193,0.0
17.8,16,0.039845967508364194,-0.2380626514687602,0.0
17.8,17,0.14317057311740916,-0.13226790229858318,0.0
17.8,18,0.3197628725162346,-0.13664878155232804,0.0
17.8,19,0.40496746297265873,-0.24784053775503187,0.0
17.8,20,-0.4582110239317416,0.029143040118282088,0.0
17.8,21,-0.43855807556959875,0.04443755777984254,0.0
17.8,22,-0.3604909644191596,-0.03142874179777398,0.0
17.8,23,-0.20551450391730827,-0.027863283422463997,0.0
17.8,24,-0.1905944284955381,-0.14584069153162077,0.0
17.8,25,0.09863001518350167,0.031769833627652955,0.0
17.8,26,0.1546343658239748,-0.043993428116721786,0.0
17.8,27,0.2921791387495092,-0.05328507289436499,0.0
17.8,28,0.3207311365276307,0.022386208582631156,0.0
17.8,29,0.5224134106122893,-0.009791617018007764,0.0
17.8,30,-0.6180653178114488,-0.021496941017806234,0.0
17.8,31,-0.4242196319686068,0.03985449832142739,0.0
17.8,32,-0.33381098924910024,0.03725538710509747,0.0
17.8,33,-0.2980105151589725,0.12211102477892671,0.0
17.8,34,-0.16051037694502585,0.10727273719446428,0.0
17.8,35,0.036072465238912305,0.12450276168697547,0.0
17.8,36,0.0699264577668009,0.08978643104544826,0.0
17.8,37,0.16196105474858774,0.13747563689977704,0.0
17.8,38,0.2583399084707956,-0.011043145447384745,0.0
17.8,39,0.39709831047695693,0.15244384531839525,0.0
17.8,40,-0.6288898875516277,0.1438113300910579,0.0
17.8,41,-0.4378822791479765,0.24100199243901635,0.0
17.8,42,-0.2445486156868534,0.10793804504411152,0.0
17.8,43,-0.15458285404016314,0.10876520527369268,0.0
17.8,44,-0.09219110670529451,0.22892501251206965,0.0
17.8,45,0.020697390155630574,0.06667163405071647,0.0
17.8,46,0.14713632583596462,0.22401799352786514,0.0
17.8,47,0.16216680265398858,0.24896288241691356,0.0
17.8,48,0.2500290079472339,0.11802451357704133,0.0
17.8,49,0.5242955556387353,0.13925173672893992,0.0
17.900000000000002,0,-0.5513497068275994,-0.26051117574318655,0.0
17.900000000000002,1,-0.40856063947427973,-0.18870726260024473,0.0
17.900000000000002,2,-0.3556198856273101,-0.2730333635027962,0.0
17.900000000000002,3,-0.19779383715269414,-0.35044740627359383,0.0
17.900000000000002,4,-0.06638860990489029,-0.17387794448379776,0.0
17.900000000000002,5,0.0012407677652524624,-0.202317867278243,0.0
17.900000000000002,6,0.1449200758405055,-0.3402341910980592,0.0
17.900000000000002,7,0.13464749653987745,-0.20570956669574786,0.0
17.900000000000002,8,0.23811606826814263,-0.2619307658504362,0.0
17.900000000000002,9,0.32262321541275635,-0.19962957221517136,0.0
17.900000000000002,10,-0.4712207144464976,-0.24735947786323964,0.0
17.900000000000002,11,-0.5195594791696995,-0.16118196179955688,0.0
17.900000000000002,12,-0.2500417455480519,-0.20204922129030517,0.0
17.900000000000002,13,-0.2513871786660048,-0.19253492528627808,0.0
17.900000000000002,14,-0.17959411100064873,-0.08322291143744556,0.0
17.900000000000002,15,-0.08882432215533348,-0.060011711814428464,0.0
17.900000000000002,16,0.08239738843303641,-0.22380297693757226,0.0
17.900000000000002,17,0.19989973095093133,-0.13175623313239454,0.0
17.900000000000002,18,0.2693128793482588,-0.1274671799735976,0.0
17.900000000000002,19,0.4030387101783716,-0.17163074799703942,0.0
17.900000000000002,20,-0.5810653847000998,-0.1402642866586432,0.0
17.900000000000002,21,-0.4916834890159289,-0.11737365738504382,0.0
17.900000000000002,22,-0.3466388300401427,-0.10354235012296747,0.0
17.900000000000002,23,-0.30817918994069055,-0.11999526831239066,0.0
17.900000000000002,24,-0.18477024638704476,0.03568572639949372,0.0
17.900000000000002,25,0.007516747472920707,0.022730906683356727,0.0
17.900000000000002,26,0.08416915567831544,-0.1254910989627917,0.0
17.900000000000002,27,0.2206481558077113,-0.05598550404401943,0.0
17.900000000000002,28,0.37183674406343137,-0.020574923210818802,0.0
17.900000000000002,29,0.4568093181804922,-0.055308310276388856,0.0
17.900000000000002,30,-0.5892828417828617,-0.031861506996511496,0.0
17.900000000000002,31,-0.4583939947978169,0.015867321382692354,0.0
17.900000000000002,32,-0.38387032398697646,0.05448860349766253,0.0
17.900000000000002,33,-0.14254190845337503,0.02008713391277736,0.0
17.900000000000002,34,-0.008074080474131828,-0.004242786583551816,0.0
17.900000000000002,35,-0.010504821467832687,0.15051885231984816,0.0
17.900000000000002,36,0.1304746230269556,0.056934466699907066,0.0
17.900000000000002,37,0.2724517433090142,-0.03150299056141054,0.0
17.900000000000002,38,0.25974942450748373,0.055042227880937114,0.0
17.900000000000002,39,0.34205594159619596,0.018092986076537823,0.0
17.900000000000002,40,-0.6029037958787408,0.24770581898314128,0.0
17.900000000000002,41,-0.4892042211772925,0.2139288366794237,0.0
17.900000000000002,42,-0.32096247392177896,0.15058145033580175,0.0
17.900000000000002,43,-0.22064838622162106,0.1085453814633916,0.0
17.900000000000002,44,-0.009562759214465144,0.19198465126137246,0.0
17.900000000000002,45,0.0683396698398234,0.18000891114798154,0.0
17.900000000000002,46,0.1706533330814731,0.1952423160520231,0.0
17.900000000000002,47,0.2502937244796891,0.11856189150080396,0.0
17.900000000000002,48,0.3799296765112842,0.18849020150497894,0.0
17.900000000000002,49,0.3808095408777987,0.19721508898241322,0.0
18.0,0,-0.41400292665560734,-0.2199658540837693,0.0
18.0,1,-0.30270851762260065,-0.26438913413457055,0.0
18.0,2,-0.2605845484576759,-0.30701082079824055,0.0
18.0,3,-0.13111876727028188,-0.2512202373472302,0.0
18.0,4,-0.11737390841349575,-0.2784990531969792,0.0
18.0,5,-0.012089834414756612,-0.2612374529464553,0.0
18.0,6,0.08630491489387856,-0.31350889950790506,0.0
18.0,7,0.2864604977729883,-0.22597094717818783,0.0
18.0,8,0.37862325562567567,-0.1524903721473743,0.0
18.0,9,0.3254197576987633,-0.1671857214861476,0.0
18.0,10,-0.5802287801611742,-0.24914072784725078,0.0
18.0,11,-0.3839263662127058,-0.08842872463015758,0.0
18.0,12,-0.2413524884756429,-0.07176164247017908,0.0
18.0,13,-0.2607172366280513,-0.11166976503739318,0.0
18.0,14,-0.05989166746726288,-0.15868685792696366,0.0
18.0,15,-0.022893438974249294,-0.20506884362697197,0.0
18.0,16,0.07141623957229105,-0.08804314664398871,0.0
18.0,17,0.28319983339132654,-0.06054738794134268,0.0
18.0,18,0.2963352807006403,-0.055748669927697586,0.0
18.0,19,0.4420712143296518,-0.11130245555365828,0.0
18.0,20,-0.5729818338243791,0.021861012203150287,0.0
18.0,21,-0.41523591693046036,-0.030644983405687984,0.0
18.0,22,-0.32621157402127615,-0.050878754922452876,0.0
18.0,23,-0.1099233775944033,-0.13675155349018386,0.0
18.0,24,-0.06095373906674881,-0.09844584360513109,0.0
18.0,25,0.07871794446379804,-0.009275993442353442,0.0
18.0,26,0.11912710415296975,-0.05627476303818138,0.0
18.0,27,0.1432812551190409,0.008193331196589743,0.0
18.0,28,0.382721652943255,0.04423429771707135,0.0
18.0,29,0.34777529571485816,-0.0914653108116531,0.0
18.0,30,-0.5144804810355728,0.02299437213529182,0.0
18.0,31,-0.3910562186011591,0.1324773214164203,0.0
18.0,32,-0.27356530475949065,-0.016394542825452524,0.0
18.0,33,-0.2685491547915364,0.029387434677181995,0.0
18.0,34,-0.05029370294684146,0.12293299857817011,0.0
18.0,35,-0.09943275206567465,0.07423751283811911,0.0
18.0,36,0.0025857688544463353,0.013627807688181628,0.0
18.0,37,0.2825119801839741,0.10528862102751327,0.0
18.0,38,0.3542920207615605,0.037380102802897816,0.0
18.0,39,0.40386707012864176,0.053220586197868874,0.0
18.0,40,-0.5607844045457979,0.08125099064425348,0.0
18.0,41,-0.41835076044310904,0.20904724989847465,0.0
18.0,42,-0.39048744058725693,0.15304622780096303,0.0
18.0,43,-0.1504037189544622,0.0874805534355712,0.0
18.0,44,-0.03051364942980561,0.16112806605225002,0.0
18.0,45,0.0889690486099671,0.06533628447917877,0.0
18.0,46,0.10114837577513595,0.24104596260848707,0.0
18.0,47,0.2368255288743228,0.1390512896140078,0.0
18.0,48,0.389821744878437,0.16089625234307775,0.0
18.0,49,0.3384781880145177,0.15524789310086629,0.0
18.1,0,-0.4390599061109666,-0.32335616974866166,0.0
18.1,1,-0.38994042562861053,-0.1630022195954717,0.0
18.1,2,-0.3289341445193167,-0.18999176632494993,0.0
18.1,3,-0.18903091262205107,-0.24688175656376726,0.0
18.1,4,-0.03364507638135089,-0.2797903837080178,0.0
18.1,5,-0.09142521294941297,-0.18495902747999982,0.0
18.1,6,0.07525258450885715,-0.26362933486875395,0.0
18.1,7,0.1698358579286014,-0.2738717546052529,0.0
18.1,8,0.2030153303785685,-0.23444382002795897,0.0
18.1,9,0.4561227042352778,-0.1474867510845534,0.0
18.1,10,-0.4152849052239692,-0.18813992985240557,0.0
18.1,11,-0.4031734997145015,-0.20350408275956428,0.0
18.1,12,-0.23615927647712204,-0.2016106861623099,0.0
18.1,13,-0.16731333855364866,-0.09903855430321687,0.0
18.1,14,-0.1783343387733199,-0.2410532718153412,0.0
18.1,15,0.004638536321450698,-0.06726242344162395,0.0
18.1,16,0.010387402918066183,-0.15470383944978922,0.0
18.1,17,0.16057248817648284,-0.11494272854428006,0.0
18.1,18,0.3111384380272062,-0.21494957515428886,0.0
18.1,19,0.37455513582221084,-0.22188861007224792,0.0
18.1,20,-0.43331596549738977,-0.09201926186267254,0.0
18.1,21,-0.40970753914497166,-6.157632978370797e-05,0.0
18.1,22,-0.34598766909827633,-0.10428582514416915,0.0
18.1,23,-0.18068247872138293,-0.1344741666857453,0.0
18.1,24,-0.1265141472995618,-0.09657491014810222,0.0
18.1,25,-0.011669735088378846,-0.14100173987808354,0.0
18.1,26,0.16293174176650382,-0.006666142687012877,0.0
18.1,27,0.2678662388501917,-0.11278189563080465,0.0
18.1,28,0.27431890884150995,-0.010395520929831703,0.0
18.1,29,0.30598720249796046,-0.12543695567942095,0.0
18.1,30,-0.5013596000666923,-0.032274084480030774,0.0
18.1,31,-0.2891134535805667,0.12544494245181678,0.0
18.1,32,-0.21638595932312718,0.1148695998552248,0.0
18.1,33,-0.2653947856248071,-0.004886636384044012,0.0
18.1,34,-0.1815770813295804,0.008607833694566122,0.0
18.1,35,0.08145372469736184,0.000126683210002837,0.0
18.1,36,0.16941472931702387,0.12533741088070016,0.0
18.1,37,0.16205253159148122,0.05879736493036018,0.0
18.1,38,0.31033042115412196,0.08935717926764392,0.0
18.1,39,0.3591050798577272,0.08048419748000557,0.0
18.1,40,-0.5642872968404247,0.24201124499955526,0.0
18.1,41,-0.4599882563048166,0.1619382224487829,0.0
18.1,42,-0.21013524577572615,0.10175630381759808,0.0
18.1,43,-0.26321571651584963,0.2140279248768063,0.0
18.1,44,-0.06764948162512976,0.21910690785030243,0.0
18.1,45,-0.09134890009006234,0.18840671161268552,0.0
18.1,46,0.08769116419008911,0.0857445978419916,0.0
18.1,47,0.22626596365764345,0.09522155727578605,0.0
18.1,48,0.37278553880526444,0.07521037946864739,0.0
18.1,49,0.4610153567070294,0.1426863846809753,0.0
18.2,0,-0.3598539209423083,-0.24246244317027277,0.0
18.2,1,-0.4012532462529576,-0.26985224275975594,0.0
18.2,2,-0.20858439305463686,-0.1711979659993906,0.0
18.2,3,-0.18000179519047105,-0.3032733354220061,0.0
18.2,4,-0.14561622389940942,-0.13523277220086796,0.0
18.2,5,-0.055209794167810515,-0.302536958833545,0.0
18.2,6,-0.007508797795452396,-0.16039333506387457,0.0
18.2,7,0.08362924018851241,-0.31034332160203787,0.0
18.2,8,0.24409664542895382,-0.18465221768980328,0.0
18.2,9,0.44834733689278583,-0.20543322000968045,0.0
18.2,10,-0.41752436467175014,-0.22042328392995486,0.0
18.2,11,-0.4426458301958997,-0.17202300499642964,0.0
18.2,12,-0.25670115207745337,-0.04446146145877164,0.0
18.2,13,-0.272703211184048,-0.035381570701977866,0.0
18.2,14,-0.13622172263541604,-0.1920900130159957,0.0
18.2,15,-0.01347448364400436,-0.11243220097734395,0.0
18.2,16,0.12789031874690507,-0.052970057674208454,0.0
18.2,17,0.1436918835384445,-0.1798590896426403,0.0
18.2,18,0.24924839744652136,-0.09058044173021085,0.0
18.2,19,0.398352556931723,-0.05402201922594782,0.0
18.2,20,-0.4178622643232304,0.0008297523815170016,0.0
18.2,21,-0.3508948921711548,-0.049813512268531646,0.0
18.2,22,-0.35970765717898806,-0.039205119265478885,0.0
18.2,23,-0.12681519049735326,0.0037808567277624328,0.0
18.2,24,-0.16876657788454555,-0.10952444891759258,0.0
18.2,25,-0.09394442662453491,-0.026639829534601145,0.0
18.2,26,0.030289947760199748,-0.0926213808513299,0.0
18.2,27,0.15457449777839313,-0.10828122221266945,0.0
18.2,28,0.21774374572033744,-0.060151624511127225,0.0
18.2,29,0.45192686609985944,-0.01705397845631451,0.0
18.2,30,-0.39963565184839045,-0.04759926214629141,0.0
18.2,31,-0.3020410966641911,-0.05410695707548238,0.0
18.2,32,-0.3593965401214316,0.0488431577421288,0.0
18.2,33,-0.2629557778853632,0.04549174091335492,0.0
18.2,34,-0.17898381536578878,0.1259109241474318,0.0
18.2,35,-0.01452628083005765,-0.04256106120749903,0.0
18.2,36,0.039826296656813094,-0.05339398921727491,0.0
18.2,37,0.10180304853931445,0.0944359675762435,0.0
18.2,38,0.19948151499594502,0.06050211348122245,0.0
18.2,39,0.2600532565845744,0.06781465218620278,0.0
18.2,40,-0.4109669241424426,0.23302166131860375,0.0
18.2,41,-0.4179360045044863,0.11996616629402478,0.0
18.2,42,-0.3424849785095668,0.18225264595468132,0.0
18.2,43,-0.14510790668865844,0.18052390020658113,0.0
18.2,44,-0.17325002043798188,0.16630684318583713,0.0
18.2,45,-0.0738148780134952,0.16217961895882088,0.0
18.2,46,0.16985949074718998,0.2164746076238147,0.0
18.2,47,0.2204213717721365,0.17817002454902733,0.0
18.2,48,0.17446333400493547,0.08382377718481349,0.0
18.2,49,0.42430242871247914,0.046360416347974664,0.0
18.3,0,-0.3288637909576868,-0.17272772458847696,0.0
18.3,1,-0.2539175859570775,-0.28800702541200207,0.0
18.3,2,-0.24947890183906202,-0.26853742705785844,0.0
18.3,3,-0.2536456762615297,-0.21529597058912497,0.0
18.3,4,-0.04951835873822602,-0.2736798769408546,0.0
18.3,5,0.05310936937707586,-0.20131705184071214,0.0
18.3,6,0.1188043516570598,-0.2796309409867033,0.0
18.3,7,0.2092329038144599,-0.19375007097752653,0.0
18.3,8,0.1972303145947874,-0.20448569803304573,0.0
18.3,9,0.2513970901091957,-0.2801884690831855,0.0
18.3,10,-0.36750296498275653,-0.12263703583777345,0.0
18.3,11,-0.3270823226382046,-0.14776598514663894,0.0
18.3,12,-0.16556754372996532,-0.056010023036473094,0.0
18.3,13,-0.2007248522057885,-0.1818511180244672,0.0
18.3,14,-0.042699100326385825,-0.0293542937288514,0.0
18.3,15,0.05378405786873805,-0.1052514026773403,0.0
18.3,16,0.08455386825318476,-0.10329137617359366,0.0
18.3,17,0.22819939033188397,-0.1270186435260367,0.0
18.3,18,0.3418478836204989,-0.04426689552640109,0.0
18.3,19,0.3204059288793768,-0.12690714801874273,0.0
18.3,20,-0.5179626940174937,-0.037934134346455387,0.0
18.3,21,-0.32480604819630576,0.00916249006855649,0.0
18.3,22,-0.23031613473347828,-0.05492917230763497,0.0
18.3,23,-0.13537887948241834,0.013273975755493134,0.0
18.3,24,-0.1490490670476145,0.014039955031922152,0.0
18.3,25,-0.02594256387503406,0.05663036504131502,0.0
18.3,26,0.16976030936586872,-0.04910196490800975,0.0
18.3,27,0.17149382655958195,0.017862687892739565,0.0
18.3,28,0.1962149892042449,-0.08426256470510607,0.0
18.3,29,0.43480067780731846,-0.005225937405781533,0.0
18.3,30,-0.4299606996310319,-0.046859854155027345,0.0
18.3,31,-0.2657379104705566,0.07799443509204898,0.0
18.3,32,-0.20830284341175995,0.11902923724073322,0.0
18.3,33,-0.19966833269231005,0.09930872958675893,0.0
18.3,34,-0.001392507298612844,0.0603631723064713,0.0
18.3,35,-0.023811815023664654,-0.009322167463135682,0.0
18.3,36,0.1530995481753597,-0.0010439494572672472,0.0
18.3,37,0.17214315330487096,0.04062809427653273,0.0
18.3,38,0.2291629173929688,0.05400484513527004,0.0
18.3,39,0.42153909852221993,-0.020397044934818587,0.0
18.3,40,-0.43439417591187773,0.078499600534581,0.0
18.3,41,-0.24738329638343198,0.10754126443989391,0.0
18.3,42,-0.197821654559851,0.14666246469533994,0.0
18.3,43,-0.17363180508800527,0.19359631115518663,0.0
18.3,44,-0.05172636064076855,0.12064819495789463,0.0
18.3,45,0.019065533348741434,0.060733017967912306,0.0
18.3,46,-0.005688950190104125,0.09799041311820157,0.0
18.3,47,0.08359321770815328,0.058938538768386325,0.0
18.3,48,0.19930794924734296,0.1472857034895617,0.0
18.3,49,0.2429740945999281,0.041892680637767965,0.0
18.400000000000002,0,-0.435030879643352,-0.15219425031571518,0.0
18.400000000000002,1,-0.2585859683587331,-0.2852062723918457,0.0
18.400000000000002,2,-0.22177875771767394,-0.21467604868100604,0.0
18.400000000000002,3,-0.0881555949343969,-0.25965551944216037,0.0
18.400000000000002,4,-0.10704224125036421,-0.2360815339319514,0.0
18.400000000000002,5,-0.04647667529276705,-0.11994412748490621,0.0
18.400000000000002,6,0.035452306827854226,-0.1357572895483767,0.0
18.400000000000002,7,0.11340829379170751,-0.1402641098440837,0.0
18.400000000000002,8,0.23477721461269663,-0.2223907822546819,0.0
18.400000000000002,9,0.36416508786637086,-0.1953255040270259,0.0
18.400000000000002,10,-0.318759017831333,-0.1101342382042494,0.0
18.400000000000002,11,-0.3641500769473773,-0.09187231983757976,0.0
18.400000000000002,12,-0.15229605578182195,-0.12393795962262634,0.0
18.400000000000002,13,-0.20685863977436805,-0.12924905839898618,0.0
18.400000000000002,14,-0.011422403555174848,-0.09821417133512414,0.0
18.400000000000002,15,0.0055387855388114166,-0.18580535163004921,0.0
18.400000000000002,16,0.03149067460428516,-0.1847729504672111,0.0
18.400000000000002,17,0.12545486653459198,-0.14137094381265286,0.0
18.400000000000002,18,0.28844820498326085,-0.11510787634046292,0.0
18.400000000000002,19,0.372694667360425,-0.035151165711172605,0.0
18.400000000000002,20,-0.49040240246496875,-0.06291489584248945,0.0
18.400000000000002,21,-0.279902864944158,0.04193655575612176,0.0
18.400000000000002,22,-0.2182089386253245,-0.01207192526425191,0.0
18.400000000000002,23,-0.2556641334658584,-0.046292384584477944,0.0
18.400000000000002,24,-0.038796167812304466,0.047316769377048346,0.0
18.400000000000002,25,0.007719934093502273,0.009216879147736168,0.0
18.400000000000002,26,0.13679862765497075,-0.008541917163890606,0.0
18.400000000000002,27,0.14457978868903792,-0.12250046539996266,0.0
18.400000000000002,28,0.19106067230960888,-0.02303934878629582,0.0
18.400000000000002,29,0.2820073386790167,-0.010561599096441304,0.0
18.400000000000002,30,-0.45823440980899954,0.1398658905658223,0.0
18.400000000000002,31,-0.3150317289533303,-0.02811429862832579,0.0
18.400000000000002,32,-0.25607296574585975,0.06052080921850442,0.0
18.400000000000002,33,-0.2215538402964519,0.035257995507171874,0.0
18.400000000000002,34,-0.07214018390606144,0.07139188968496052,0.0
18.400000000000002,35,-0.04476173383494173,-0.04702716807742774,0.0
18.400000000000002,36,0.12898840960588978,-0.04709796152027203,0.0
18.400000000000002,37,0.16143014403216543,0.0418045962914534,0.0
18.400000000000002,38,0.28991278090603934,-0.02023572897648719,0.0
18.400000000000002,39,0.2434950518102684,0.01591125184770542,0.0
18.400000000000002,40,-0.3035844853303235,0.07766252895554146,0.0
18.400000000000002,41,-0.38567029162159083,0.0903571802121247,0.0
18.400000000000002,42,-0.2192146483000251,0.075017169752189,0.0
18.400000000000002,43,-0.17124808797317848,0.11549124377079222,0.0
18.400000000000002,44,-0.10328470981546634,0.16137913322788638,0.0
18.400000000000002,45,0.021288686676424404,0.21863596633063176,0.0
18.400000000000002,46,0.12547169568457775,0.21567311183077048,0.0
18.400000000000002,47,0.18028151355360483,0.05908295942985492,0.0
18.400000000000002,48,0.1997570551004518,0.20259535808548026,0.0
18.400000000000002,49,0.23246125537697176,0.11291467077163347,0.0
18.5,0,-0.332813189403867,-0.19864320161313345,0.0
18.5,1,-0.36943123144811885,-0.2186316622867565,0.0
18.5,2,-0.28761920627300624,-0.2080213581154774,0.0
18.5,3,-0.15584403796830476,-0.2161175695828219,0.0
18.5,4,0.005455358064654525,-0.2279930797834346,0.0
18.5,5,-0.04171720003338,-0.2527885573183662,0.0
18.5,6,0.08830360889553661,-0.21335421542477773,0.0
18.5,7,0.18352414537027256,-0.1286607668711446,0.0
18.5,8,0.20179403249095856,-0.2860732083193354,0.0
18.5,9,0.3967003928518668,-0.16833844222121283,0.0
18.5,10,-0.4525927379410106,-0.0742967708516156,0.0
18.5,11,-0.3029299725965562,-0.052011815927655386,0.0
18.5,12,-0.2962753653720949,-0.10490917860114438,0.0
18.5,13,-0.10340894010703461,-0.1074560514756993,0.0
18.5,14,-0.1718974189613504,-0.11020431003116293,0.0
18.5,15,-0.004304223609637753,-0.056428637547453114,0.0
18.5,16,0.13620285832241602,-0.09369354950786908,0.0
18.5,17,0.08885809172294218,-0.11526204698016582,0.0
18.5,18,0.14691867798471125,-0.17653101240451138,0.0
18.5,19,0.20479316020270733,-0.18653710588343592,0.0
18.5,20,-0.2961446321372183,-0.004073407172444005,0.0
18.5,21,-0.2863748578848143,-0.009828523294050429,0.0
18.5,22,-0.3216934830845294,-0.016141540686019668,0.0
18.5,23,-0.07577234785139439,-0.02619835294807986,0.0
18.5,24,0.008223449194007998,-0.019587437069580285,0.0
18.5,25,-0.09656490455646408,-0.07940349742040383,0.0
18.5,26,0.13905423395608607,0.04711365863274172,0.0
18.5,27,0.07332261480262289,0.04737812255032656,0.0
18.5,28,0.24940735528599559,-0.06892009907097145,0.0
18.5,29,0.3724069702565129,-0.042571796606967555,0.0
18.5,30,-0.4311183992176398,0.05211444425164684,0.0
18.5,31,-0.213228339945664,0.09636798317933959,0.0
18.5,32,-0.20400313366197675,0.10668845510713643,0.0
18.5,33,-0.10822441027735924,0.08006667554592067,0.0
18.5,34,-0.08927585625175927,0.07750536788747187,0.0
18.5,35,-0.05948888819582901,0.13531656543958562,0.0
18.5,36,0.09038001690311762,0.06082273118620436,0.0
18.5,37,0.19931943786099973,-0.04731843468748845,0.0
18.5,38,0.18261946912054483,0.06528799682492106,0.0
18.5,39,0.27378928381435524,-0.0387195236845255,0.0
18.5,40,-0.3512288364177947,0.14543106242755433,0.0
18.5,41,-0.2766714883725928,0.17673889231265386,0.0
18.5,42,-0.20181925531183886,0.018929138683499228,0.0
18.5,43,-0.10198369784357547,0.03501140262720567,0.0
18.5,44,-0.12813738318215778,0.16598686642519805,0.0
18.5,45,-0.051718727451888324,0.15158803545960503,0.0
18.5,46,0.06644220427724501,0.17018463972655404,0.0
18.5,47,0.06746395886984217,0.1084498439873067,0.0
18.5,48,0.16074229600943402,0.03080621720094051,0.0
18.5,49,0.39361715495083277,0.17289389976138025,0.0
18.6,0,-0.2631487624629294,-0.08245685217285223,0.0
18.6,1,-0.215992060861524,-0.1723722391691832,0.0
18.6,2,-0.17843404840421234,-0.1740366914555906,0.0
18.6,3,-0.17591896578553468,-0.20992140729366432,0.0
18.6,4,-0.0385080072118309,-0.2128716826077256,0.0
18.6,5,-0.07113536152277838,-0.08304558350933072,0.0
18.6,6,0.035163271228719095,-0.23021454971564842,0.0
18.6,7,0.07711071839155981,-0.17979616156934924,0.0
18.6,8,0.11069519408138186,-0.16913929812803558,0.0
18.6,9,0.19885358601785308,-0.08665948831367956,0.0
18.6,10,-0.2949483194061543,-0.0978985115480572,0.0
18.6,11,-0.24530584590030077,-0.18592297990821446,0.0
18.6,12,-0.2646824566958855,-0.015180036223124915,0.0
18.6,13,-0.19601779903052646,-0.1938330479139747,0.0
18.6,14,-0.16582549257017093,-0.196351841313818,0.0
18.6,15,0.05832329755585686,-0.1377021762188514,0.0
18.6,16,0.06499174671194481,-0.09963601246073693,0.0
18.6,17,0.10753521896105682,-0.18488556215603896,0.0
18.6,18,0.28885097428707573,-0.170019135723068,0.0
18.6,19,0.3042297614187285,-0.020573903944758165,0.0
18.6,20,-0.26272282516257217,-0.0943370266717237,0.0
18.6,21,-0.35850382680786397,-0.10784500817806035,0.0
18.6,22,-0.13778791485252997,-0.11425340404594109,0.0
18.6,23,-0.10706761309072066,-0.04990147180053078,0.0
18.6,24,-0.10365408240297014,0.03653940511542633,0.0
18.6,25,0.07383860220814539,-0.05516126166678864,0.0
18.6,26,0.009639522456401269,-0.017132731172337545,0.0
18.6,27,0.18465142186309136,-0.12381579842002441,0.0
18.6,28,0.16047193096537374,-0.1033815488955902,0.0
18.6,29,0.336343056812191,-0.09778950497070821,0.0
18.6,30,-0.4157137210377051,-0.028750054424797403,0.0
18.6,31,-0.24452012775089246,0.10330600518464741,0.0
18.6,32,-0.21885416103197522,-0.026089058523967867,0.0
18.6,33,-0.1466036137206578,-0.014613910735618567,0.0
18.6,34,0.014186041850426906,-0.03468769211609296,0.0
18.6,35,-0.08944740860468262,0.01089456399249343,0.0
18.6,36,0.0052838413070472046,0.07450951269316627,0.0
18.6,37,0.19107709505649648,0.001754883282827635,0.0
18.6,38,0.14474572542952852,-0.037942834282020624,0.0
18.6,39,0.18149123180159638,-0.04047396825672761,0.0
18.6,40,-0.2852428614827562,0.14546305941532395,0.0
18.6,41,-0.2773491591839608,0.17211784823432227,0.0
18.6,42,-0.2500103772668361,0.18993752212767318,0.0
18.6,43,-0.2120762069019208,0.03865084573471425,0.0
18.6,44,-0.05461619127947878,0.19682339275929864,0.0
18.6,45,-0.00791175426157728,0.051364897562415746,0.0
18.6,46,0.030496097339468738,0.12018737365228332,0.0
18.6,47,0.18877265372767843,0.09590082249616033,0.0
18.6,48,0.29195377795590827,0.13722420332324284,0.0
18.6,49,0.26516393468389077,0.14920795971860049,0.0
18.7,0,-0.2983683017185437,-0.08371145566526075,0.0
18.7,1,-0.27102470809120993,-0.1006304452205978,0.0
18.7,2,-0.2345213185460672,-0.2481753410561084,0.0
18.7,3,-0.19980918505852213,-0.10987258123684379,0.0
18.7,4,0.007209081993759914,-0.13892752419251803,0.0
18.7,5,0.08707469238447269,-0.2248655138711737,0.0
18.7,6,-0.00489877402049721,-0.1062994130536909,0.0
18.7,7,0.19689748355204748,-0.13607061113059152,0.0
18.7,8,0.13177784913769805,-0.1982576013896692,0.0
18.7,9,0.23124630926897677,-0.06323373369659746,0.0
18.7,10,-0.3914098422756347,-0.03752848802906972,0.0
18.7,11,-0.35467907927500086,-0.005164107965402509,0.0
18.7,12,-0.12759767950015602,-0.1847545646292464,0.0
18.7,13,-0.10641170061241656,-0.02512552526640921,0.0
18.7,14,-0.10900782808393934,-0.06984495232719606,0.0
18.7,15,0.08181708103559879,-0.026647345549119267,0.0
18.7,16,0.1383755991357243,-0.16522847181116299,0.0
18.7,17,0.12588908972127547,-0.11692751836777945,0.0
18.7,18,0.20845739681430095,-0.08277493754935457,0.0
18.7,19,0.23751501711035905,-0.04909898845406657,0.0
18.7,20,-0.29466050551353,-0.07810038515479119,0.0
18.7,21,-0.23354852583870905,-0.07993639000242625,0.0
18.7,22,-0.25226734142082785,-0.1182955631417077,0.0
18.7,23,-0.12677403577499669,0.0107640126982253,0.0
18.7,24,-0.05786411231306683,-0.09037350016301018,0.0
18.7,25,-0.08936803953664825,0.007054641137518275,0.0
18.7,26,0.08300802664592184,-0.069064014706798,0.0
18.7,27,0.1450571331926626,0.03141938650004042,0.0
18.7,28,0.20326681019119716,0.045752180642276985,0.0
18.7,29,0.29883915077254763,0.022861704403015742,0.0
18.7,30,-0.2386341693476702,0.10153843219464265,0.0
18.7,31,-0.30794228773472443,0.1215097005110963,0.0
18.7,32,-0.22908510229612805,-0.061794417373639776,0.0
18.7,33,-0.06492579816366498,0.06302965319524789,0.0
18.7,34,-0.0217103080592132,0.11312116223021593,0.0
18.7,35,-0.0850234415199114,0.08645673797598616,0.0
18.7,36,-0.02653347790139518,-0.039638924667717776,0.0
18.7,37,0.0503887085564548,0.12008495876164074,0.0
18.7,38,0.13894680374627089,-0.061578714499050266,0.0
18.7,39,0.1827815414304617,0.02797116726186169,0.0
18.7,40,-0.3290402853316814,0.03585778781408222,0.0
18.7,41,-0.19992175413443106,0.14485984075761466,0.0
18.7,42,-0.20818986671477618,0.05549889700393226,0.0
18.7,43,-0.07732131924106936,0.016293700126718644,0.0
18.7,44,-0.051451777862475345,0.1005339021314331,0.0
18.7,45,0.07537991410410783,0.12716923054837803,0.0
18.7,46,0.058233909065712436,0.06119348566369828,0.0
18.7,47,0.1134203314111091,0.18236169014262546,0.0
18.7,48,0.20946230378067637,0.11260870872819118,0.0
18.7,49,0.280499984927006,0.035657993776254865,0.0
18.8,0,-0.2881466848980631,-0.19172957298610308,0.0
18.8,1,-0.33825984358345773,-0.12524623616526814,0.0
18.8,2,-0.20166730992421408,-0.16913666153105678,0.0
18.8,3,-0.03142440422016041,-0.06548497712184415,0.0
18.8,4,-0.006127154369108934,-0.11733574506058475,0.0
18.8,5,0.006278589867614051,-0.2216462342751075,0.0
18.8,6,0.13288255916303948,-0.05631542708137488,0.0
18.8,7,0.08491517385916222,-0.11716288829421515,0.0
18.8,8,0.2781294149222395,-0.13297719081995565,0.0
18.8,9,0.21738060690020783,-0.17899041236433835,0.0
18.8,10,-0.33369789196381106,-0.07540524039158783,0.0
18.8,11,-0.22454217301103835,-0.04362182073135076,0.0
18.8,12,-0.24500172033177176,-0.02044762861781546,0.0
18.8,13,-0.08020297494078618,-0.048337119976816834,0.0
18.8,14,-0.1341626743553937,-0.06016130665670211,0.0
18.8,15,0.030366028120357436,-0.11738333677466783,0.0
18.8,16,0.09306810375647442,-0.1024413109045528,0.0
18.8,17,0.1300210079643238,0.0005808860161202467,0.0
18.8,18,0.17396329012633632,-0.021265604966905605,0.0
18.8,19,0.2156715531923821,-0.11282528547447165,0.0
18.8,20,-0.25220591417183663,-0.00319447429210587,0.0
18.8,21,-0.2730967536150457,-0.06742382642255362,0.0
18.8,22,-0.09968714025742079,0.03917468247272657,0.0
18.8,23,-0.21747590994973787,0.05232548199928658,0.0
18.8,24,-0.030424805940792055,-0.04636606796989329,0.0
18.8,25,-0.09784356374738448,0.009529634330882969,0.0
18.8,26,0.09039644087116785,-0.0948843570645444,0.0
18.8,27,0.19348361831114633,0.037782541819390975,0.0
18.8,28,0.08077116849354354,-0.10397256147755181,0.0
18.8,29,0.22393664873331875,-0.09347368172542861,0.0
18.8,30,-0.2992974527041172,0.0009583660098368002,0.0
18.8,31,-0.27519289429803434,0.0653990130625238,0.0
18.8,32,-0.15562746227483434,-0.002531593951778599,0.0
18.8,33,-0.11052098695687433,0.06266765353245962,0.0
18.8,34,0.00014227292226237642,0.027559146540819174,0.0
18.8,35,0.05164086081994637,0.1188603299429839,0.0
18.8,36,0.07301790185272176,-0.006538105755577159,0.0
18.8,37,0.154703803226323,0.1259130260238598,0.0
18.8,38,0.2363202572134809,-0.032038486509750636,0.0
18.8,39,0.17612613872034294,-0.0217634067871304,0.0
18.8,40,-0.24046737530122456,0.12307953721415124,0.0
18.8,41,-0.18263089674168878,0.06207301827686226,0.0
18.8,42,-0.11202487986298484,0.13300861477733267,0.0
18.8,43,-0.21436769311123688,0.1328686306220681,0.0
18.8,44,0.0004883420545094275,0.002029962420590767,0.0
18.8,45,0.04784103940116774,0.15614593060857604,0.0
18.8,46,0.07754094461982822,0.16110018464984968,0.0
18.8,47,0.10430546455865526,0.17570348327597418,0.0
18.8,48,0.2645452555886999,0.1897359349554043,0.0
18.8,49,0.19622009913494,0.1863669181891575,0.0
18.900000000000002,0,-0.28489186658623455,-0.09452998852794758,0.0
18.900000000000002,1,-0.2266641519453203,-0.0675664348510295,0.0
18.900000000000002,2,-0.11849797136546378,-0.10439094339744004,0.0
18.900000000000002,3,-0.06885493946465288,-0.23392658437246278,0.0
18.900000000000002,4,-0.03496569151954772,-0.16162323034071638,0.0
18.900000000000002,5,-0.03033751718944984,-0.06055632719961057,0.0
18.900000000000002,6,0.07217430557959907,-0.17920293929738482,0.0
18.900000000000002,7,0.17097574288245707,-0.19519554594270563,0.0
18.900000000000002,8,0.23502599375153463,-0.06515924516854307,0.0
18.900000000000002,9,0.30168734814048637,-0.08565181405468447,0.0
18.900000000000002,10,-0.3374523824369149,-0.07544210136267687,0.0
18.900000000000002,11,-0.247426888388442,-0.1421355774416529,0.0
18.900000000000002,12,-0.2353348290712311,-0.04457515817351304,0.0
18.900000000000002,13,-0.031087910878335734,-0.09662774689163015,0.0
18.900000000000002,14,-0.04270287658897039,-0.0005742546584137087,0.0
18.900000000000002,15,0.008505601551405423,-0.13909619787648553,0.0
18.900000000000002,16,0.15368373664000648,-0.034474820846797954,0.0
18.900000000000002,17,0.12304313123460478,-0.036806941397397264,0.0
18.900000000000002,18,0.06972837451893507,-0.16975012567347453,0.0
18.900000000000002,19,0.29017984956420195,0.00527371057778192,0.0
18.900000000000002,20,-0.2713558491185913,-0.049842835162291904,0.0
18.900000000000002,21,-0.22952922866338696,0.057455200357687225,0.0
18.900000000000002,22,-0.23814779753954213,-0.0856990616087907,0.0
18.900000000000002,23,-0.09060058897638504,-0.06170918587591233,0.0
18.900000000000002,24,-0.11696091678825321,-0.03760861053960124,0.0
18.900000000000002,25,0.07428113183189064,0.05641250039035034,0.0
18.900000000000002,26,0.036081093581594254,-0.09586939746836781,0.0
18.900000000000002,27,0.19034888359053995,-0.1030669645837377,0.0
18.900000000000002,28,0.14101201324025506,0.02563413051349972,0.0
18.900000000000002,29,0.1372035215021495,0.03745044114209661,0.0
18.900000000000002,30,-0.30954628639263493,-0.02499722086969411,0.0
18.900000000000002,31,-0.3193693095547854,-0.04587521136274042,0.0
18.900000000000002,32,-0.2525627465706789,0.027657994464782912,0.0
18.900000000000002,33,-0.0993929124098252,-0.06969277696750661,0.0
18.900000000000002,34,0.010704476674155528,0.10330938182919736,0.0
18.900000000000002,35,0.05266996947097352,0.020579062338355658,0.0
18.900000000000002,36,0.055716389677310824,0.012151050258385934,0.0
18.900000000000002,37,0.12304402581413428,0.09158945860197049,0.0
18.900000000000002,38,0.13662774158931998,0.08181019589828006,0.0
18.900000000000002,39,0.2977745063386176,0.03942948053449781,0.0
18.900000000000002,40,-0.35126209524311497,0.09779215501615651,0.0
18.900000000000002,41,-0.30188616841418753,0.006073961804383743,0.0
18.900000000000002,42,-0.2510299574762605,-0.011762988628488055,0.0
18.900000000000002,43,-0.07573832278509446,0.019208382560650036,0.0
18.900000000000002,44,-0.13613652066239693,0.07884105066038988,0.0
18.900000000000002,45,-0.017385043268703465,0.1067786539713781,0.0
18.900000000000002,46,0.010401893098931712,0.06090242599747918,0.0
18.900000000000002,47,0.13884154975851876,-0.009026036266908025,0.0
18.900000000000002,48,0.1857103351800431,0.08249555880507428,0.0
18.900000000000002,49,0.24658996506781894,0.0890280529495051,0.0
19.0,0,-0.27895145404809685,-0.03597806592353289,0.0
19.0,1,-0.19307355062978865,-0.10711750429278713,0.0
19.0,2,-0.12700923051385107,-0.19469171522247136,0.0
19.0,3,-0.19504841451789923,-0.026214739836561113,0.0
19.0,4,0.027899882121205144,-0.17428065031768109,0.0
19.0,5,-0.08413787649223387,-0.15860932856106527,0.0
19.0,6,0.13291634145995698,-0.07116761724967072,0.0
19.0,7,0.09449517694577632,-0.11450372701172924,0.0
19.0,8,0.07921082250335088,-0.06117128789607476,0.0
19.0,9,0.1532334735001744,-0.02610038318588684,0.0
19.0,10,-0.3179901039864193,-0.021135987463750755,0.0
19.0,11,-0.2410452809826718,-0.15275967048173617,0.0
19.0,12,-0.09327014784240609,-0.10473539150004485,0.0
19.0,13,-0.19364865547361898,-0.04642423946577165,0.0
19.0,14,-0.1414909805591802,-0.11578954120448699,0.0
19.0,15,0.04102262978073182,-0.17440053042202902,0.0
19.0,16,0.12599290034116126,-0.09299497350770095,0.0
19.0,17,0.019681297250001867,-0.008237472987788513,0.0
19.0,18,0.244266425249096,-0.007757146348690014,0.0
19.0,19,0.15789765327521638,-0.032767146489642796,0.0
19.0,20,-0.2895286374296768,-0.035019092439067936,0.0
19.0,21,-0.12367937961222134,-0.09651264292242677,0.0
19.0,22,-0.07265116170475686,-0.12358564407771302,0.0
19.0,23,-0.19579235329677158,-0.040927929260440504,0.0
19.0,24,-0.11098492144175517,-0.015538103962436739,0.0
19.0,25,0.02113246675699361,0.05786121637187033,0.0
19.0,26,0.047402827069142936,-0.04049776462961181,0.0
19.0,27,0.11632818121945036,0.021525340578337104,0.0
19.0,28,0.20914924794077494,-0.06907614901707407,0.0
19.0,29,0.16404429586040256,0.06629302838203507,0.0
19.0,30,-0.21677693029827955,0.051119249567488284,0.0
19.0,31,-0.2615014614253932,0.05320396921139789,0.0
19.0,32,-0.05256977713979297,0.053166607340219996,0.0
19.0,33,-0.16336007425432147,-0.028008051392203373,0.0
19.0,34,-0.1267323071028529,-0.04296963784002403,0.0
19.0,35,-0.05482030342852762,0.024627606841946287,0.0
19.0,36,0.03717565134131624,-0.005737418462276586,0.0
19.0,37,0.0415391794955692,-0.015870761420988623,0.0
19.0,38,0.14839457771054057,-0.031571870393571656,0.0
19.0,39,0.26471185219173493,0.04154098506820399,0.0
19.0,40,-0.16811307585567664,0.08064550251237627,0.0
19.0,41,-0.12064073872466721,0.07513485255879812,0.0
19.0,42,-0.0701962121650751,-0.009268723615766902,0.0
19.0,43,-0.15081514665005807,0.08016175494617095,0.0
19.0,44,-0.026661577718166934,0.02419101966879824,0.0
19.0,45,-0.01751051762735409,0.1407474235835484,0.0
19.0,46,0.01302719661656089,0.13315282235550527,0.0
19.0,47,0.05826520303609375,0.12424633018830766,0.0
19.0,48,0.14324595420380076,0.15526057057619388,0.0
19.0,49,0.20612742023309777,0.16974241817158925,0.0
19.1,0,-0.28899270534173593,-0.06735661568417292,0.0
19.1,1,-0.1745255021918936,-0.12162881236261233,0.0
19.1,2,-0.11940785685988878,-0.13702537145828864,0.0
19.1,3,-0.1829867249468753,-0.11447606079084069,0.0
19.1,4,-0.04309631950931954,-0.10805900026619539,0.0
19.1,5,-0.0022818261828757985,-0.1218896775177041,0.0
19.1,6,-0.00442177415051892,-0.0384678142297146,0.0
19.1,7,0.17600231315134493,-0.05216043033633089,0.0
19.1,8,0.14928760136963617,-0.034849725825824435,0.0
19.1,9,0.20121612221577773,-0.20368348412852927,0.0
19.1,10,-0.30818752707208263,-0.15307516219299744,0.0
19.1,11,-0.19087736591756704,-0.04580605354731973,0.0
19.1,12,-0.23419539427955155,0.005708335684122184,0.0
19.1,13,-0.051005431605986945,-0.13332163406661346,0.0
19.1,14,-0.11905183260016378,-0.001091496263699726,0.0
19.1,15,-0.019653133843694826,-0.022326405335202665,0.0
19.1,16,0.010618296239265884,0.0279031657462189,0.0
19.1,17,0.13540052137517175,-0.06596329327389941,0.0
19.1,18,0.07993967694555523,-0.16057245671135523,0.0
19.1,19,0.20472737845058495,-0.011619676613983082,0.0
19.1,20,-0.2799922814021925,-0.00231572713490677,0.0
19.1,21,-0.24478747533037015,0.06507279658355217,0.0
19.1,22,-0.21270463663033062,-0.010229943604615793,0.0
19.1,23,-0.1490328279427005,-0.01686598633224093,0.0
19.1,24,-0.11827726469289915,0.01609818004410596,0.0
19.1,25,-0.0012787728168952156,0.021229049589552074,0.0
19.1,26,0.13970188980708861,-0.11153076576470833,0.0
19.1,27,0.056877774140285914,-0.11660536771617074,0.0
19.1,28,0.0547856596439098,0.02574009393300608,0.0
19.1,29,0.09221311952299462,-0.03057714753308735,0.0
19.1,30,-0.22084824801381744,0.06201826778188557,0.0
19.1,31,-0.2168646309673718,0.11106534662689227,0.0
19.1,32,-0.19572172714053215,-0.04828017216556951,0.0
19.1,33,-0.08940111189662774,0.06837191303387369,0.0
19.1,34,-0.05021995799511844,-0.05710025305285102,0.0
19.1,35,-0.013704822069588937,0.05005246501609534,0.0
19.1,36,0.07777468911766619,-0.03258466490612934,0.0
19.1,37,0.09210251615916483,0.054748150208177804,0.0
19.1,38,0.12345707317424862,0.07689586149980035,0.0
19.1,39,0.08770999258580442,0.04750040256351182,0.0
19.1,40,-0.2641777560752641,0.061778305434996905,0.0
19.1,41,-0.2599302573247954,0.11314195359724766,0.0
19.1,42,-0.12196896266631399,0.1098762120790604,0.0
19.1,43,-0.047695604527811464,0.15756084700264925,0.0
19.1,44,-0.057689905323824744,0.1070189101833163,0.0
19.1,45,0.09948138610856869,0.10757424042950675,0.0
19.1,46,-0.0019677822683044077,0.09423754274052787,0.0
19.1,47,0.189577510949783,0.082033825886338,0.0
19.1,48,0.10278831024341252,0.0938628294511023,0.0
19.1,49,0.15301893043571857,0.1018425344793907,0.0
19.200000000000003,0,-0.26364962044762696,-0.1681396771984704,0.0
19.200000000000003,1,-0.1485848884796629,-0.05928386266962388,0.0
19.200000000000003,2,-0.10310860124060055,-0.12523936180039769,0.0
19.200000000000003,3,-0.03706582870479938,-0.08597121800585213,0.0
19.200000000000003,4,0.0031565594105245065,-0.09819075878633414,0.0
19.200000000000003,5,0.0403167587217409,-0.0899308398788091,0.0
19.200000000000003,6,0.0693491895753735,-0.088182329617747,0.0
19.200000000000003,7,0.11745085681931638,-0.09655991721981869,0.0
19.200000000000003,8,0.21046318385942395,-0.10107959025263273,0.0
19.200000000000003,9,0.13025133766069297,-0.11106993162263548,0.0
19.200000000000003,10,-0.18555099362820812,-0.08828832869940269,0.0
19.200000000000003,11,-0.2534894688878364,0.01630567055929716,0.0
19.200000000000003,12,-0.047433590712913226,-0.1363907922408485,0.0
19.200000000000003,13,-0.10660384438010365,-0.09768442198741581,0.0
19.200000000000003,14,-0.07114562293014608,-0.11540076107813185,0.0
19.200000000000003,15,0.007374833638077227,-0.15693713938320014,0.0
19.200000000000003,16,0.07916189396984064,0.0010930492998857122,0.0
19.200000000000003,17,0.14030140400043076,-0.04496447049568372,0.0
19.200000000000003,18,0.14288832248072514,-0.11087741881244995,0.0
19.200000000000003,19,0.13234108036541511,-0.11766187521099736,0.0
19.200000000000003,20,-0.21899647252151605,0.030304929682473725,0.0
19.200000000000003,21,-0.23736189636528843,-0.044200987082360824,0.0
19.200000000000003,22,-0.158431210018001,0.06614516434923526,0.0
19.200000000000003,23,-0.14248991736791677,0.06796101034409177,0.0
19.200000000000003,24,0.029490448547691228,-0.030088947131532956,0.0
19.200000000000003,25,0.04004392432818635,-0.10572033422064314,0.0
19.200000000000003,26,0.013792140817296197,0.043928508978538366,0.0
19.200000000000003,27,0.03468446155237543,-0.0934212835904823,0.0
19.200000000000003,28,0.09463728852141721,0.021802691991008344,0.0
19.200000000000003,29,0.08646754532739848,-0.07795180560537485,0.0
19.200000000000003,30,-0.2553273695187498,0.08710426133311036,0.0
19.200000000000003,31,-0.24930297973272514,0.03998149983090826,0.0
19.200000000000003,32,-0.1409514972786571,0.0934213613665861,0.0
19.200000000000003,33,-0.12236528399224633,-0.04127518308110367,0.0
19.200000000000003,34,-0.06845342333568923,-0.04633959311427294,0.0
19.200000000000003,35,-0.08629151827722835,-0.04059784171162822,0.0
19.200000000000003,36,0.008008081497206929,-0.06534601461949462,0.0
19.200000000000003,37,-0.008261903913263341,0.022345338960074512,0.0
19.200000000000003,38,0.08653972657997537,-0.03248547420581014,0.0
19.200000000000003,39,0.2411076334678121,0.06148403870318589,0.0
19.200000000000003,40,-0.17182713450582204,0.05683482262411313,0.0
19.200000000000003,41,-0.22595672908084288,0.1326050579843796,0.0
19.200000000000003,42,-0.19187153308727867,0.07856969109648337,0.0
19.200000000000003,43,-0.12148355804834665,0.04563261979960283,0.0
19.200000000000003,44,-0.05204871396155593,0.07413805026129228,0.0
19.200000000000003,45,-0.04038482824587537,-0.03492537933716969,0.0
19.200000000000003,46,0.023111407989816812,0.034537153623907094,0.0
19.200000000000003,47,0.1386622058120936,-0.02022035169859622,0.0
19.200000000000003,48,0.06914852730905507,0.0641076204732959,0.0
19.200000000000003,49,0.2587338964427152,-0.02940690658099883,0.0
19.3,0,-0.18669242655123486,-0.1631295053274101,0.0
19.3,1,-0.16567635385585966,-0.1336501040410899,0.0
19.3,2,-0.1928006885582098,-0.14630028320630897,0.0
19.3,3,-0.09262856416787753,-0.1694119622582868,0.0
19.3,4,0.05943354071548007,-0.1752087891175106,0.0
19.3,5,0.0931222556477462,-0.08581730836771304,0.0
19.3,6,0.015735412104134427,-0.1746331566150816,0.0
19.3,7,0.07266439811949768,-0.18021572345233924,0.0
19.3,8,0.10797544743862948,-0.12366380048782656,0.0
19.3,9,0.05155069792932458,-0.11937585558674108,0.0
19.3,10,-0.19765424651865665,-0.08267438178541721,0.0
19.3,11,-0.2369515794799526,-0.1451179435404487,0.0
19.3,12,-0.09370074781285895,-0.1253297930526783,0.0
19.3,13,-0.06188475311506758,-0.14470052844346434,0.0
19.3,14,0.0636503422529554,-0.05440913655160823,0.0
19.3,15,-0.06674932052606847,0.010251391244553959,0.0
19.3,16,0.01646911192309361,-0.1298936545461873,0.0
19.3,17,0.15528068912587517,0.005743984283055836,0.0
19.3,18,0.022688531333401735,-0.05652918528294135,0.0
19.3,19,0.20971446458419293,-0.137652671696268,0.0
19.3,20,-0.17671566599974708,-0.09692740797384038,0.0
19.3,21,-0.08376789133441073,-0.049551016140048365,0.0
19.3,22,-0.1230076151687944,-0.020696705736423654,0.0
19.3,23,-0.015187382688097967,-0.033625199457361366,0.0
19.3,24,-0.10196430908716905,-0.031835769523533786,0.0
19.3,25,-0.016868943166026093,0.0438113036162944,0.0
19.3,26,-0.05860946859806862,-0.007039224177452411,0.0
19.3,27,0.09234802249184029,0.053513424666763815,0.0
19.3,28,0.18319693908562737,0.04407866607227634,0.0
19.3,29,0.20333698291593347,-0.04104614647231972,0.0
19.3,30,-0.1129039720828803,-0.03327628763368168,0.0
19.3,31,-0.1228976186881862,-0.0724759495677951,0.0
19.3,32,-0.14816644054117106,-0.010351328151494879,0.0
19.3,33,-0.08923308714364497,-0.07872104853667584,0.0
19.3,34,-0.11963835626577582,0.02712691575027698,0.0
19.3,35,-0.06928910520598089,0.06952038407675837,0.0
19.3,36,-0.020553857323945414,0.03389877316641529,0.0
19.3,37,0.032480441521819524,0.11467185954253267,0.0
19.3,38,0.01998292142289279,0.1074710008003785,0.0
19.3,39,0.1978482732285963,-0.04456697135876945,0.0
19.3,40,-0.10081885262377885,0.1029968453771169,0.0
19.3,41,-0.1396917368711164,-0.020748824650678455,0.0
19.3,42,-0.15572087058646494,0.09259739201789233,0.0
19.3,43,0.015674615150250898,0.049324506627003634,0.0
19.3,44,0.036492446841036114,0.13462941710038503,0.0
19.3,45,-0.0956640737709906,-0.019507920445486812,0.0
19.3,46,0.0660357280061821,-0.03930859777677018,0.0
19.3,47,0.1640228722461327,0.025727757975379753,0.0
19.3,48,0.08338210054340967,-0.0460335565170044,0.0
19.3,49,0.06614515332815211,0.0022481892556159705,0.0
19.400000000000002,0,-0.19491626464567294,-0.09067573943747413,0.0
19.400000000000002,1,-0.1781861840870237,-0.17300084609665262,0.0
19.400000000000002,2,-0.1775510824680482,-0.021179875909941692,0.0
19.400000000000002,3,-0.07432972360687869,-0.170632053528816,0.0
19.400000000000002,4,0.04492518039794485,-0.17300994753591242,0.0
19.400000000000002,5,-0.05376416951524768,-0.08848062853453394,0.0
19.400000000000002,6,-0.06505316062486495,0.02221021409416357,0.0
19.400000000000002,7,0.03462630694215103,-0.15118508392134491,0.0
19.400000000000002,8,0.1365097216902749,-0.0022008603530749016,0.0
19.400000000000002,9,0.039450105239257266,-0.11949061521785949,0.0
19.400000000000002,10,-0.11648959630156469,-0.03999893011885232,0.0
19.400000000000002,11,-0.1679067313294128,-0.12727741557272199,0.0
19.400000000000002,12,-0.05707685913290955,0.0016557014447442786,0.0
19.400000000000002,13,-0.011275438566176244,-0.13230070485236903,0.0
19.400000000000002,14,0.05007838573012843,0.024188059918254484,0.0
19.400000000000002,15,0.06091576459090439,-0.07771627706228716,0.0
19.400000000000002,16,0.12030351407452536,0.018828925880610692,0.0
19.400000000000002,17,-0.0011953792667965812,-0.11483112710430875,0.0
19.400000000000002,18,0.10449176581384342,-0.10022612652137572,0.0
19.400000000000002,19,0.11511436120689093,-0.09069144903636375,0.0
19.400000000000002,20,-0.1907950074744586,-0.07058903240340415,0.0
19.400000000000002,21,-0.14185567791589143,0.010213224342092486,0.0
19.400000000000002,22,-0.17485433264761735,-0.11119369768379042,0.0
19.400000000000002,23,-0.0847677333537616,-0.10122423968332868,0.0
19.400000000000002,24,-0.10847118365199555,-0.04591515637343589,0.0
19.400000000000002,25,-0.013945055890665262,-0.07879575744719189,0.0
19.400000000000002,26,-0.02756389923079519,0.03295184103356033,0.0
19.400000000000002,27,0.08219903221276051,0.014920125699793757,0.0
19.400000000000002,28,0.17148246491192073,-0.03614700576880121,0.0
19.400000000000002,29,0.1633347470104881,0.04392027161339321,0.0
19.400000000000002,30,-0.1045172720577005,-0.0785716382604145,0.0
19.400000000000002,31,-0.17825934974931712,0.0984551587381691,0.0
19.400000000000002,32,-0.14244203157458618,-0.05242144454178996,0.0
19.400000000000002,33,-0.1427278215810155,-0.016017936676330224,0.0
19.400000000000002,34,-0.08894206350516239,-0.003598612300843171,0.0
19.400000000000002,35,0.038826459727064194,0.0423878667137792,0.0
19.400000000000002,36,-0.007382713887044881,-0.007420691962786746,0.0
19.400000000000002,37,-0.017195226908646832,0.07874323559722138,0.0
19.400000000000002,38,0.11086210536648886,0.04935464563710573,0.0
19.400000000000002,39,0.15667058472972678,-0.02684015545668688,0.0
19.400000000000002,40,-0.2466520902208702,-0.03238487826433184,0.0
19.400000000000002,41,-0.14917815849205907,0.06952325872592072,0.0
19.400000000000002,42,-0.1782036965628528,0.038563334230907256,0.0
19.400000000000002,43,-0.14131827609486497,0.11228341079321577,0.0
19.400000000000002,44,-0.09826299191683824,0.0031815526739548752,0.0
19.400000000000002,45,0.015385989314316978,-0.0096171038250926,0.0
19.400000000000002,46,-0.028012127351824567,-0.039707467281590206,0.0
19.400000000000002,47,-0.009528548974453863,-0.012490486777854672,0.0
19.400000000000002,48,0.04051382759778294,0.0766806987748831,0.0
19.400000000000002,49,0.10758233328744157,0.12384155486533821,0.0
19.5,0,-0.04531561165832909,-0.15137566731749885,0.0
19.5,1,-0.09486679485180731,-0.08087970247672499,0.0
19.5,2,-0.15765996919903216,-0.08931782152019806,0.0
19.5,3,-0.1031129860108112,-0.044236773902955315,0.0
19.5,4,0.01696622447675608,0.016229536982011322,0.0
19.5,5,-0.05579136413239021,-0.010499181540810143,0.0
19.5,6,-0.037506243103076556,-0.005793983258264829,0.0
19.5,7,0.12617826512040023,-0.04009950250809283,0.0
19.5,8,-0.01611180333887595,0.020854287779641406,0.0
19.5,9,0.06642792143579694,-0.10169283087843481,0.0
19.5,10,-0.17562919874951524,-0.08747905728474148,0.0
19.5,11,-0.05376073818944935,-0.1217320389466234,0.0
19.5,12,-0.16046413631524586,-0.0795321235545069,0.0
19.5,13,-0.13134962271952821,-0.06395863704930468,0.0
19.5,14,-0.09437186130322568,-0.0006335071967856765,0.0
19.5,15,-0.036894604411680354,0.024702076993301098,0.0
19.5,16,-0.07342363575463702,0.01069528232156225,0.0
19.5,17,0.03548249071305962,-0.019720458467115592,0.0
19.5,18,0.06710791512845189,-0.02977096455288751,0.0
19.5,19,0.1456264645088814,-0.013853897685946456,0.0
19.5,20,-0.08420423979975983,-0.09295375169806668,0.0
19.5,21,-0.07489653931466173,0.008224565601635411,0.0
19.5,22,0.007653864256567361,-0.05966866350411745,0.0
19.5,23,-0.09403597090528307,0.05665032976489151,0.0
19.5,24,-0.048795638805928604,-0.10969660192865462,0.0
19.5,25,0.05513297926467592,0.014871071366523131,0.0
19.5,26,-0.024922514411386154,0.08634169801292954,0.0
19.5,27,0.09119784247296384,-0.08658177855706412,0.0
19.5,28,0.14410458397970613,-0.009421177727308536,0.0
19.5,29,0.08800868132094501,-0.08490196870380175,0.0
19.5,30,-0.1593174467975288,-0.07605019399179291,0.0
19.5,31,-0.0014103784797158403,0.020495979487498622,0.0
19.5,32,-0.04798293722857,0.046115919659291016,0.0
19.5,33,-0.03014516256217384,0.05670108975406324,0.0
19.5,34,-0.12356216835606121,0.007175380488697716,0.0
19.5,35,-0.04885309834325924,-0.00918121554853571,0.0
19.5,36,0.001104495586937218,-0.039943614931651744,0.0
19.5,37,0.09472961061778754,0.08079742520704272,0.0
19.5,38,0.09348421393430388,0.07973370028105312,0.0
19.5,39,0.15099081702743844,-0.05326638553212948,0.0
19.5,40,-0.17353568420563387,-0.057413783759551695,0.0
19.5,41,-0.06193757512512052,0.03432333235203079,0.0
19.5,42,-0.023733643335188015,0.0901930974445101,0.0
19.5,43,0.04024279136095263,-0.046925305658147384,0.0
19.5,44,0.012337212366734768,-0.02018859712581139,0.0
19.5,45,-0.06321769935943455,0.08525351656205177,0.0
19.5,46,0.07211407104914017,0.10472080217938182,0.0
19.5,47,0.07797083623670722,-0.02953607180485887,0.0
19.5,48,-0.0003692675064238121,-0.02617239315871346,0.0
19.5,49,0.12138946213468563,-0.010550296462876967,0.0
19.6,0,-0.1832513896726054,-0.09082020270993318,0.0
19.6,1,-0.1315182688651489,0.044483118874412836,0.0
19.6,2,-0.10121128748281547,-0.1305622072419888,0.0
19.6,3,-0.12707554002764587,-0.009662333026168313,0.0
19.6,4,0.06179000932979703,-0.13671918826419704,0.0
19.6,5,0.07863179100556111,-0.13154291839062596,0.0
19.6,6,0.06568634621928587,-0.014395071250004776,0.0
19.6,7,0.11988104143158479,-0.14236489844943645,0.0
19.6,8,0.1352932714810183,0.0472917188789482,0.0
19.6,9,0.1764208773902903,0.04089967937717129,0.0
19.6,10,-0.09276590121897461,0.008454611890191754,0.0
19.6,11,-0.007087650213031621,-0.10397111893348993,0.0
19.6,12,-0.06534611860554736,-0.0034733843253961783,0.0
19.6,13,-0.027665679861619746,0.053675001076027795,0.0
19.6,14,-0.03082227938175544,-0.052607509156152935,0.0
19.6,15,0.0015237300781603125,-0.11847783549837398,0.0
19.6,16,0.034070679910489926,0.056733126009298196,0.0
19.6,17,-0.014373227042648387,0.01576839642820571,0.0
19.6,18,0.1022945112799265,-0.05234777870274679,0.0
19.6,19,0.15381318023793297,-0.08994149056628323,0.0
19.6,20,-0.14583852151575424,-0.03472026906533443,0.0
19.6,21,-0.03106786151972496,-0.07889748993968004,0.0
19.6,22,-0.07618306182504864,0.0719778750482401,0.0
19.6,23,0.02269623463989917,-0.033268879714946825,0.0
19.6,24,-0.09657854141208251,0.002001373200760187,0.0
19.6,25,0.05458533307441679,0.012689824717513967,0.0
19.6,26,0.059370610412312175,-0.025706664104320404,0.0
19.6,27,0.041584303641109405,-0.06339364716839971,0.0
19.6,28,-0.020286440941023887,0.0894023768491545,0.0
19.6,29,0.10927810959103604,-0.05062874473133856,0.0
19.6,30,-0.03302414776493581,0.09130854852077852,0.0
19.6,31,-0.0434891361522215,0.05636377346901639,0.0
19.6,32,0.01817028003196608,-0.039317330654195785,0.0
19.6,33,0.01862359356001342,0.0865994973869498,0.0
19.6,34,0.06218048186546257,-0.016303420235159474,0.0
19.6,35,-0.05853947990248829,0.05916636654092855,0.0
19.6,36,0.04365294213252273,0.012444485058486832,0.0
19.6,37,-0.031230653264931865,-0.013534509560805347,0.0
19.6,38,0.15367639078670578,0.0028334873098216223,0.0
19.6,39,0.003373035146340686,0.02463644583108829,0.0
19.6,40,-0.13383445364686974,0.08407699350148645,0.0
19.6,41,-0.006234087002537386,0.05173188530282449,0.0
19.6,42,-0.13169267977406163,-0.050219176056473636,0.0
19.6,43,-0.1116676833269404,0.007407411444555562,0.0
19.6,44,-0.0951492319540269,0.0033407750674600833,0.0
19.6,45,-0.09078840396726784,0.06761340342379055,0.0
19.6,46,0.05852805742019876,0.02860880226827775,0.0
19.6,47,0.026681044901091328,-0.03483936180127345,0.0
19.6,48,0.03952249796933052,-0.027968932315501217,0.0
19.6,49,0.09040998563366956,-0.04624254988759631,0.0
19.700000000000003,0,0.006859321071978258,0.05209939567448876,0.0
19.700000000000003,1,-0.03607377314211853,0.012768957628240235,0.0
19.700000000000003,2,-0.08283101532499199,-0.08854200651169478,0.0
19.700000000000003,3,-0.08865745873960204,-0.04427009080853529,0.0
19.700000000000003,4,0.04551489231465733,-0.1002273538199091,0.0
19.700000000000003,5,0.0004792168837464833,-0.0863959354082085,0.0
19.700000000000003,6,-0.01635149197878645,0.020945017422920598,0.0
19.700000000000003,7,-0.03705318164965729,-0.11062708071420906,0.0
19.700000000000003,8,-0.0157352194732324,-0.07461974992581787,0.0
19.700000000000003,9,0.12600990612658106,0.031074599467104808,0.0
19.700000000000003,10,-0.1305950070338997,0.0065356382785926315,0.0
19.700000000000003,11,-0.011233948754069412,-0.029634420078413673,0.0
19.700000000000003,12,0.04488526610632723,-0.020882931751757233,0.0
19.700000000000003,13,-0.1160593610092795,0.06878396738243847,0.0
19.700000000000003,14,0.05425482434528894,0.048310280753559476,0.0
19.700000000000003,15,-0.06774942296698412,0.055211197565586956,0.0
19.700000000000003,16,-0.012908115552146021,-0.0033873938596591935,0.0
19.700000000000003,17,0.09232660839203216,0.04656263285148729,0.0
19.700000000000003,18,0.040796584895981286,-0.06037078376402513,0.0
19.700000000000003,19,0.08933623540041793,0.04264791364946832,0.0
19.700000000000003,20,-0.004080305005954771,-0.053953283620230545,0.0
19.700000000000003,21,-0.15437892291353034,0.08014818702058138,0.0
19.700000000000003,22,0.03712172196331534,0.03542842400851151,0.0
19.700000000000003,23,-0.06377569473948833,0.06749849864216642,0.0
19.700000000000003,24,0.013640851845544866,-0.048928604925598064,0.0
19.700000000000003,25,0.04571687531757096,-0.0170520473477615,0.0
19.700000000000003,26,0.07377432335791057,0.050684785174648084,0.0
19.700000000000003,27,0.11975667904881615,0.028061163303770953,0.0
19.700000000000003,28,-0.03998719430352218,0.01203420109983569,0.0
19.700000000000003,29,0.13098570427946607,-0.08038932126661948,0.0
19.700000000000003,30,-0.12570699379556555,0.03394339534585067,0.0
19.700000000000003,31,-0.07398278758494888,0.10275531550635353,0.0
19.700000000000003,32,-0.0002456377207031568,0.09874445063764964,0.0
19.700000000000003,33,0.05011000028602011,-0.08445414155207902,0.0
19.700000000000003,34,-0.10434529286903094,0.0519601434923275,0.0
19.700000000000003,35,-0.013440163545768491,0.005309119601185172,0.0
19.700000000000003,36,-0.016603565717729626,-0.009771519066537268,0.0
19.700000000000003,37,0.008340309607971969,0.09995676226907504,0.0
19.700000000000003,38,0.12535796373750815,-0.046269877911787306,0.0
19.700000000000003,39,0.05842959589786009,-0.039983891330334614,0.0
19.700000000000003,40,-0.0936728678353943,0.025102470968673407,0.0
19.700000000000003,41,-0.1138826184690654,0.09502638553871398,0.0
19.700000000000003,42,0.028414871929875102,-0.0421926988941452,0.0
19.700000000000003,43,0.030633502082771435,-0.0372519598306286,0.0
19.700000000000003,44,0.004618578339679491,0.09940126528248205,0.0
19.700000000000003,45,-0.09321303693491517,-0.0759004314128365,0.0
19.700000000000003,46,0.08953578089090236,0.006828953394091966,0.0
19.700000000000003,47,0.11794574957047416,0.023970786029678143,0.0
19.700000000000003,48,0.07225122315109092,-0.06672963758827366,0.0
19.700000000000003,49,-0.028311151968986023,0.07192366878061854,0.0
19.8,0,-0.11606138075304478,-0.012758203565003387,0.0
19.8,1,-0.02091376539030851,-0.01465785355013656,0.0
19.8,2,0.026263697606967867,-0.11279515650822357,0.0
19.8,3,0.07807568109693666,0.027622867757181646,0.0
19.8,4,-0.05914997065530778,-0.07706402268327811,0.0
19.8,5,-0.08466094628400721,-0.11455336390406078,0.0
19.8,6,0.08519535915725507,0.022577112750132827,0.0
19.8,7,-0.07428048565356678,-0.11774912462160908,0.0
19.8,8,0.0695268657294375,-0.027322706824491255,0.0
19.8,9,-0.059205203756577174,-0.07526225423536945,0.0
19.8,10,-0.12247643251521644,0.012272253637057251,0.0
19.8,11,-0.035359817154040546,0.025728058427303913,0.0
19.8,12,-0.019024100304660216,-0.07361376210031463,0.0
19.8,13,0.05764655634061078,-0.004253508259972477,0.0
19.8,14,-0.0459581813028751,-0.10292106182834067,0.0
19.8,15,-0.008875359980241332,-0.08660176709143619,0.0
19.8,16,0.051405879306305774,0.056311329754906214,0.0
19.8,17,0.08990449156211586,0.015751451922510984,0.0
19.8,18,0.021947515142329996,-0.11270095739304337,0.0
19.8,19,0.015927168949318005,-0.0653462355544427,0.0
19.8,20,-0.05999473926146741,0.08046536608795851,0.0
19.8,21,0.024879816252928733,-0.0005956587402372315,0.0
19.8,22,-0.036646835463055985,-0.028969785594081546,0.0
19.8,23,-0.057103130319823156,-0.05944522810746569,0.0
19.8,24,0.006478114855453243,-9.304369727451689e-05,0.0
19.8,25,0.0984815912378268,-0.012535845034331958,0.0
19.8,26,0.031946380568261906,-0.04401764714903769,0.0
19.8,27,0.11907428769980585,0.07055016569526393,0.0
19.8,28,0.055341604026035884,0.07745457298993313,0.0
19.8,29,0.00505251957502284,0.05628613615124853,0.0
19.8,30,-0.03260533695629533,0.0821186397675571,0.0
19.8,31,-0.07084692257046803,0.08505169930092349,0.0
19.8,32,-0.030317414870148565,-0.03309006960811489,0.0
19.8,33,-0.09918276085033595,0.028088666630216697,0.0
19.8,34,-0.09781005995740387,0.06820813641972212,0.0
19.8,35,0.039235823614382104,-0.001148375574598376,0.0
19.8,36,0.05790580223876385,0.04648094421372914,0.0
19.8,37,-0.03734549437631234,-0.07718239968660129,0.0
19.8,38,0.10580210514948724,0.0880331248346945,0.0
19.8,39,0.1210761145384277,-0.06123218401951376,0.0
19.8,40,-0.06141015496113719,0.023995905508119295,0.0
19.8,41,-0.10969176521956298,0.023627495338296514,0.0
19.8,42,-0.09968612843984687,-0.018496259440110227,0.0
19.8,43,-0.10231846501274465,0.08461170880302463,0.0
19.8,44,-0.05624510833906604,0.026812744439369318,0.0
19.8,45,-0.012576126451496902,0.09789982475013848,0.0
19.8,46,-0.029578193561072524,0.01703066670474536,0.0
19.8,47,0.0650311544464015,-0.031050522389866032,0.0
19.8,48,0.018608703712038085,0.09223066712762892,0.0
19.8,49,0.12440013503180322,0.02064553068342416,0.0
19.900000000000002,0,-0.027403916695221686,0.05033885430786875,0.0
19.900000000000002,1,0.06863230474441989,-0.05134372911155231,0.0
19.900000000000002,2,-0.1047633649166499,0.013488855832933272,0.0
19.900000000000002,3,-0.07649654137563211,0.01396741731715817,0.0
19.900000000000002,4,0.07262460476006702,0.013053765097669784,0.0
19.900000000000002,5,-0.009216534467887352,-0.10217784546657666,0.0
19.900000000000002,6,-0.07059130051812608,-0.07521632972749775,0.0
19.900000000000002,7,0.036071939860556845,-0.05410955461085846,0.0
19.900000000000002,8,0.11211450705514611,-0.002013210902490639,0.0
19.900000000000002,9,0.052679518400950864,0.037158911730273775,0.0
19.900000000000002,10,-0.007000861050010493,0.048228376749716695,0.0
19.900000000000002,11,-0.09652295424984036,0.07809231265453193,0.0
19.900000000000002,12,-0.025048414784720308,0.07706385192358514,0.0
19.900000000000002,13,0.08681950455614948,0.0881165969791591,0.0
19.900000000000002,14,0.031559694245922615,0.005108075018555244,0.0
19.900000000000002,15,-0.011036568884214226,0.04873277494279729,0.0
19.900000000000002,16,-0.005162405128890324,-0.08365878130643316,0.0
19.900000000000002,17,0.06019523543107433,-0.014146165092181945,0.0
19.900000000000002,18,0.05109660495218765,-0.034728076569016206,0.0
19.900000000000002,19,-0.06995002371602069,-0.0620820140150104,0.0
19.900000000000002,20,-0.11242666306078607,-0.01876285106349737,0.0
19.900000000000002,21,-0.005534145520479747,-0.06731413756848503,0.0
19.900000000000002,22,0.035959521630327645,0.08632457008319461,0.0
19.900000000000002,23,0.054885375517376794,-0.023949680785174704,0.0
19.900000000000002,24,0.07268911929615413,-0.07508647347836021,0.0
19.900000000000002,25,0.008514024945681167,-0.08214146181779403,0.0
19.900000000000002,26,0.05028783544371901,0.02438704277895598,0.0
19.900000000000002,27,-0.07412982870225432,-0.028388067355765545,0.0
19.900000000000002,28,0.0419210480492255,0.04720586747380051,0.0
19.900000000000002,29,-0.07129555901147466,-0.01247918563904929,0.0
19.900000000000002,30,-0.11366946450924172,-0.06122496741434681,0.0
19.900000000000002,31,0.04599312328939817,0.07652673430729479,0.0
19.900000000000002,32,0.04422077476116931,0.03357828113117181,0.0
19.900000000000002,33,-0.09151883656224796,0.008658306564477067,0.0
19.900000000000002,34,0.052662897806692394,0.07129008870057338,0.0
19.900000000000002,35,-0.017999549683812677,0.015871250962517652,0.0
19.900000000000002,36,0.040907221086203094,-0.036053225642772996,0.0
19.900000000000002,37,-0.07192071764798713,0.08868317934533834,0.0
19.900000000000002,38,-0.04629216078310368,-0.0766782063431274,0.0
19.900000000000002,39,0.049803393153673714,-0.016976628661007145,0.0
19.900000000000002,40,-0.11730258267386634,0.06589206761465596,0.0
19.900000000000002,41,0.01813011454557245,0.012650571443623373,0.0
19.900000000000002,42,0.08037360348092545,0.02023054873807581,0.0
19.900000000000002,43,0.019391950838414163,0.0670357534925087,0.0
19.900000000000002,44,-0.0449233212156398,-0.07874450864842358,0.0
19.900000000000002,45,0.056016603116531255,-0.028573181914437307,0.0
19.900000000000002,46,0.08600509708649748,0.09750235964986656,0.0
19.900000000000002,47,0.011229096447870998,0.0008717695661423358,0.0
19.900000000000002,48,-0.04722786759236517,-0.013795161532799721,0.0
19.900000000000002,49,0.07105945372523331,-0.07239800313201455,0.0
